-7.911992,0.066714,9.494426,0.3204,-0.006902,-0.041173,-0.05129,0.00275,0.435,-0.000602,4.1E-05,-9.1E-05
-7.91128,0.066714,9.494426,0.3204,-0.006902,-0.041173,-0.05129,0.00275,0.435,-0.000602,4.1E-05,-9.1E-05
-7.909829,0.066651,9.494243,0.327634,-0.00698,-0.042191,-0.051294,0.00275,0.435,-0.000602,4.1E-05,-9.2E-05
-7.909088,0.066621,9.49415,0.331268,-0.007019,-0.042663,-0.051296,0.00275,0.435,-0.000608,6E-05,-9.3E-05
-7.907579,0.066551,9.493959,0.33857,-0.007083,-0.043649,-0.051299,0.002751,0.435,-0.000608,6E-05,-9.3E-05
-7.906028,0.066481,9.493764,0.345906,-0.007144,-0.044642,-0.051303,0.002751,0.435,-0.000608,6E-05,-9.4E-05
-7.904439,0.066411,9.493562,0.353282,-0.007205,-0.045685,-0.051306,0.002751,0.435,-0.000608,6E-05,-9.4E-05
-7.902807,0.066343,9.493356,0.360717,-0.007249,-0.046639,-0.05131,0.002751,0.435,-0.000608,6E-05,-9.5E-05
-7.900285,0.066248,9.493036,0.37193,-0.007304,-0.048194,-0.051315,0.002751,0.435,-0.000602,4.1E-05,-9.5E-05
-7.884262,0.06574,9.490982,0.43705,-0.007351,-0.057403,-0.051346,0.002752,0.435,-0.000601,4.1E-05,-9.8E-05
-7.867622,0.065334,9.488807,0.496446,-0.007051,-0.066385,-0.049944,0.002739,0.435,0.069592,-0.001104,0.011751
-7.865219,0.065287,9.488489,0.504491,-0.006993,-0.067581,-0.049537,0.002735,0.435,0.083481,-0.001853,0.017079
-7.857756,0.065172,9.487495,0.528762,-0.00681,-0.071419,-0.047826,0.002712,0.435,0.128027,-0.002477,0.021911
-7.853883,0.065121,9.486976,0.540979,-0.006712,-0.073384,-0.046742,0.002698,0.435,0.153316,-0.002804,0.026366
-7.844474,0.064985,9.485705,0.569702,-0.006464,-0.078013,-0.043591,0.002656,0.435,0.198325,-0.003845,0.034474
-7.824052,0.064735,9.482901,0.627921,-0.005934,-0.087778,-0.034499,0.002534,0.435,0.300911,-0.005639,0.053288
-7.813031,0.064585,9.48136,0.657364,-0.005627,-0.092887,-0.028612,0.002455,0.435,0.356803,-0.006748,0.063688
-7.804829,0.064479,9.480203,0.678536,-0.005375,-0.096555,-0.023895,0.002391,0.435,0.384231,-0.007292,0.068942
-7.804829,0.064479,9.480203,0.678536,-0.005375,-0.096555,-0.023895,0.002391,0.435,0.384231,-0.007292,0.068942
-7.804829,0.064479,9.480203,0.678536,-0.005375,-0.096555,-0.023895,0.002391,0.435,0.384231,-0.007292,0.068942
-7.80147,0.064443,9.479726,0.687028,-0.005274,-0.098024,-0.021881,0.002364,0.435,0.398083,-0.007526,0.071569
-7.79462,0.064414,9.47875,0.704054,-0.00508,-0.101077,-0.017654,0.002306,0.435,0.425569,-0.008619,0.0768
-7.79288,0.06442,9.478501,0.708335,-0.005039,-0.101758,-0.016572,0.00229,0.435,0.425738,-0.008621,0.076903
-7.789365,0.064444,9.477997,0.716884,-0.004947,-0.103245,-0.014303,0.00226,0.435,0.453339,-0.00824,0.082035
-7.774867,0.064477,9.4759,0.751156,-0.00464,-0.109578,-0.00453,0.002138,0.435,0.512627,-0.009044,0.09339
-7.763522,0.064316,9.474243,0.777018,-0.00442,-0.11424,0.003501,0.002041,0.435,0.541517,-0.009434,0.099084
-7.761592,0.064281,9.473959,0.781332,-0.004373,-0.115025,0.004878,0.002024,0.435,0.541733,-0.009487,0.09919
-7.741679,0.064134,9.471013,0.824646,-0.003923,-0.123054,0.019842,0.001841,0.435,0.617863,-0.011088,0.113848
-7.729194,0.064146,9.469145,0.850756,-0.003643,-0.12785,0.02969,0.001721,0.435,0.658743,-0.011816,0.121787
-7.7228,0.064124,9.468184,0.863843,-0.003511,-0.130244,0.034847,0.001659,0.435,0.678569,-0.01203,0.125642
-7.718481,0.064097,9.467533,0.872579,-0.003427,-0.131873,0.038369,0.001618,0.435,0.695354,-0.012304,0.128875
-7.709709,0.064034,9.466205,0.890049,-0.003251,-0.135166,0.045586,0.001531,0.435,0.716603,-0.012675,0.133056
-7.700758,0.063982,9.464843,0.907545,-0.003059,-0.138529,0.05307,0.001444,0.435,0.742201,-0.012446,0.138043
-7.693927,0.063956,9.463799,0.920672,-0.002917,-0.141105,0.058829,0.001376,0.435,0.765477,-0.013546,0.142543
-7.67283,0.063905,9.460548,0.960125,-0.00248,-0.148929,0.076901,0.001165,0.435,0.817458,-0.013138,0.152718
-7.638209,0.063806,9.455124,1.021608,-0.001781,-0.161688,0.107464,0.000791,0.435,0.899882,-0.016521,0.168774
-7.617443,0.063682,9.45182,1.056804,-0.001325,-0.169054,0.126369,0.000562,0.435,0.955768,-0.017629,0.179572
-7.584953,0.063864,9.446577,1.114036,-0.000644,-0.181472,0.159293,0.000179,0.435,1.031747,-0.017151,0.194302
-7.559548,0.064807,9.441942,1.15364,-0.000758,-0.190517,0.183717,-0.000116,0.435,1.089136,-0.018012,0.205488
-7.539153,0.065336,9.439026,1.179879,-0.001274,-0.197506,0.200674,-0.000321,0.435,1.125027,-0.017903,0.212424
-7.518218,0.065237,9.435501,1.210579,-0.002153,-0.20523,0.221087,-0.000569,0.435,1.162187,-0.01845,0.219565
-7.493639,0.0649,9.431301,1.245717,-0.003135,-0.214017,0.244938,-0.000857,0.435,1.172119,-0.019018,0.221728
-7.452174,0.064895,9.424116,1.302981,-0.004533,-0.227482,0.284144,-0.001334,0.435,1.202152,-0.019089,0.227434
-7.415621,0.064531,9.417693,1.351463,-0.005647,-0.23878,0.318544,-0.001756,0.435,1.251272,-0.02085,0.236757
-7.398559,0.064586,9.414671,1.373515,-0.006145,-0.243822,0.334826,-0.001954,0.435,1.293346,-0.021544,0.244713
-7.391657,0.064645,9.413444,1.382341,-0.006465,-0.246894,0.344801,-0.002084,0.435,1.310214,-0.022008,0.247918
-7.352904,0.065174,9.406512,1.430682,-0.007969,-0.257692,0.379656,-0.00251,0.435,1.407482,-0.022051,0.266267
-7.327542,0.065349,9.401924,1.46134,-0.00939,-0.265738,0.405713,-0.002835,0.435,1.497883,-0.022618,0.285891
-7.305375,0.06497,9.397877,1.487621,-0.010686,-0.272534,0.428914,-0.003121,0.435,1.550577,-0.023788,0.293061
-7.297899,0.064769,9.396503,1.49639,-0.011086,-0.274774,0.436833,-0.00322,0.435,1.567291,-0.024275,0.29616
-7.275211,0.064285,9.392304,1.52246,-0.012196,-0.282553,0.461081,-0.00352,0.435,1.610727,-0.025592,0.304208
-7.244352,0.06417,9.386547,1.557395,-0.013544,-0.291889,0.494448,-0.003937,0.435,1.674486,-0.026341,0.31612
-7.224713,0.064119,9.382849,1.579084,-0.01438,-0.298468,0.515923,-0.004207,0.435,1.702167,-0.027085,0.321278
-7.176474,0.063214,9.373648,1.63127,-0.016325,-0.313287,0.569189,-0.004873,0.435,1.787207,-0.028658,0.337097
-7.143438,0.062555,9.367266,1.666042,-0.017282,-0.32315,0.606009,-0.005326,0.435,1.827168,-0.029577,0.344401
-7.109702,0.062311,9.360687,1.700785,-0.01811,-0.333084,0.643804,-0.005792,0.435,1.873276,-0.03139,0.352874
-7.092578,0.062308,9.357322,1.717971,-0.018539,-0.338942,0.66298,-0.006027,0.435,1.892433,-0.030209,0.356405
-7.053417,0.061863,9.349549,1.756897,-0.019632,-0.350613,0.707217,-0.006577,0.435,1.95011,-0.031794,0.367067
-7.017875,0.061425,9.342413,1.791397,-0.020646,-0.361412,0.747531,-0.007076,0.435,1.996748,-0.032286,0.375673
-6.99984,0.061313,9.338766,1.808699,-0.021149,-0.366508,0.767943,-0.007329,0.435,2.009903,-0.03232,0.378014
-6.977057,0.061079,9.334132,1.830278,-0.021768,-0.373124,0.793538,-0.007645,0.435,2.013022,-0.032162,0.378473
-6.940043,0.060406,9.326547,1.864741,-0.022741,-0.383838,0.834743,-0.008149,0.435,2.035254,-0.033108,0.382404
-6.921276,0.060092,9.322671,1.881898,-0.023192,-0.389573,0.855582,-0.008409,0.435,2.056581,-0.033605,0.387566
-6.878423,0.059931,9.313743,1.920409,-0.024256,-0.402814,0.90344,-0.008992,0.435,2.122871,-0.033576,0.398439
-6.839598,0.059396,9.305558,1.954744,-0.025297,-0.413715,0.947358,-0.009525,0.435,2.179925,-0.03461,0.408774
-6.810029,0.058731,9.299267,1.980341,-0.02604,-0.422702,0.98102,-0.009933,0.435,2.218613,-0.035574,0.415709
-6.780077,0.058342,9.292845,2.005968,-0.026733,-0.431356,1.015346,-0.010355,0.435,2.266521,-0.037178,0.424405
-6.749746,0.058277,9.286294,2.031385,-0.02745,-0.441069,1.050276,-0.010783,0.435,2.302006,-0.036763,0.430874
-6.713892,0.057829,9.278469,2.061224,-0.028375,-0.451237,1.09179,-0.011298,0.435,2.356133,-0.037671,0.440928
-6.661751,0.056623,9.266975,2.103804,-0.029612,-0.465918,1.152584,-0.012044,0.435,2.416118,-0.039614,0.451731
-6.570662,0.055305,9.246623,2.176287,-0.031235,-0.489856,1.259319,-0.01335,0.435,2.507841,-0.042976,0.468263
-6.515639,0.054203,9.234178,2.218904,-0.031946,-0.503738,1.32371,-0.014148,0.435,2.543861,-0.044392,0.474521
-6.487729,0.053792,9.227826,2.240178,-0.032208,-0.510822,1.356118,-0.014558,0.435,2.551273,-0.042599,0.4757
-6.465209,0.053503,9.22268,2.257179,-0.032415,-0.51646,1.382114,-0.014881,0.435,2.559642,-0.042786,0.477098
-6.42539,0.052904,9.213539,2.286919,-0.032751,-0.526415,1.428087,-0.015452,0.435,2.602955,-0.043596,0.484876
-6.408167,0.052591,9.209567,2.299651,-0.03288,-0.530704,1.448055,-0.015701,0.435,2.625371,-0.044597,0.48894
-6.367604,0.051855,9.200175,2.329314,-0.033117,-0.540868,1.495432,-0.016293,0.435,2.696903,-0.045694,0.501907
-6.290899,0.050971,9.182259,2.384323,-0.033516,-0.559894,1.586217,-0.017424,0.435,2.793421,-0.046952,0.519313
-6.242807,0.050217,9.170928,2.418174,-0.033809,-0.571366,1.643724,-0.018152,0.435,2.851976,-0.049544,0.529813
-6.200175,0.049562,9.160824,2.44777,-0.034056,-0.581373,1.695047,-0.018796,0.435,2.901996,-0.049727,0.538801
-6.157023,0.049093,9.150547,2.477361,-0.034306,-0.591389,1.747239,-0.019445,0.435,2.959028,-0.049763,0.549091
-6.113365,0.04863,9.140099,2.506957,-0.034636,-0.601257,1.80014,-0.020104,0.435,2.984933,-0.050097,0.553794
-6.062825,0.04785,9.127946,2.5408,-0.03504,-0.612275,1.861482,-0.020869,0.435,3.030369,-0.050935,0.561884
-5.979259,0.046627,9.107723,2.595718,-0.035612,-0.630343,1.962166,-0.022125,0.435,3.067436,-0.051552,0.568245
-5.907158,0.045614,9.090157,2.642163,-0.036056,-0.645572,2.049182,-0.023204,0.435,3.153509,-0.053019,0.583827
-5.827064,0.04537,9.070506,2.692524,-0.036936,-0.663571,2.146639,-0.024421,0.435,3.234609,-0.051979,0.598842
-5.765997,0.044705,9.055415,2.730478,-0.038177,-0.67602,2.221236,-0.025361,0.435,3.282605,-0.052254,0.607579
-5.634269,0.042111,9.022609,2.810481,-0.040472,-0.702555,2.382871,-0.027382,0.435,3.389328,-0.055767,0.626546
-5.534752,0.039168,8.997683,2.869695,-0.040376,-0.720193,2.504163,-0.028897,0.435,3.42835,-0.06194,0.632703
-5.447802,0.037476,8.975834,2.920449,-0.03871,-0.734919,2.610139,-0.030106,0.435,3.519508,-0.064202,0.648788
-5.359343,0.037088,8.953537,2.971102,-0.037082,-0.749985,2.718839,-0.031575,0.435,3.600289,-0.063158,0.663379
-5.284494,0.037532,8.934597,3.012981,-0.036861,-0.764119,2.811433,-0.032743,0.435,3.66761,-0.059994,0.676201
-5.276948,0.037522,8.932683,3.017149,-0.03689,-0.765474,2.820762,-0.032858,0.435,3.66761,-0.059994,0.676201
-5.24666,0.037303,8.924996,3.034018,-0.037197,-0.770537,2.858131,-0.033327,0.435,3.677401,-0.059488,0.677773
-5.20091,0.036584,8.913364,3.059164,-0.037756,-0.778809,2.914286,-0.034028,0.435,3.683335,-0.059694,0.678446
-5.139323,0.035475,8.897656,3.092691,-0.038382,-0.789868,2.989164,-0.034965,0.435,3.679085,-0.060119,0.677048
-5.069243,0.03474,8.879741,3.130535,-0.038917,-0.801297,3.073176,-0.036015,0.435,3.664468,-0.059512,0.67398
-5.014155,0.033908,8.865619,3.1599,-0.039242,-0.810447,3.138284,-0.036829,0.435,3.654356,-0.059728,0.671862
-4.958546,0.032515,8.851331,3.188991,-0.039324,-0.820982,3.203213,-0.037639,0.435,3.645,-0.062198,0.669604
-4.894363,0.031415,8.8348,3.222683,-0.038971,-0.830413,3.277228,-0.038561,0.435,3.635893,-0.063044,0.667373
-4.772231,0.030238,8.803299,3.285799,-0.038105,-0.848211,3.415531,-0.040289,0.435,3.619141,-0.061922,0.663999
-4.681159,0.028971,8.779774,3.332067,-0.037479,-0.86122,3.516689,-0.04155,0.435,3.611374,-0.061435,0.662155
-4.622534,0.028514,8.764618,3.361513,-0.037078,-0.869417,3.580821,-0.04235,0.435,3.600488,-0.060898,0.659825
-4.580355,0.028132,8.753702,3.382405,-0.036771,-0.875799,3.626488,-0.042922,0.435,3.590965,-0.060487,0.658047
-4.546423,0.027601,8.744913,3.399169,-0.036538,-0.880775,3.66297,-0.043378,0.435,3.587189,-0.06034,0.657261
-4.512322,0.026976,8.73607,3.415797,-0.036272,-0.886483,3.699407,-0.043835,0.435,3.582408,-0.062945,0.656224
-4.469458,0.026313,8.724944,3.436772,-0.035795,-0.892384,3.744865,-0.044403,0.435,3.574735,-0.061692,0.654626
-4.452238,0.026098,8.720471,3.445154,-0.035599,-0.894925,3.76303,-0.044626,0.435,3.572265,-0.061826,0.654024
-4.400326,0.025523,8.706983,3.470314,-0.034864,-0.902096,3.817458,-0.045309,0.435,3.565909,-0.061483,0.652585
-4.348041,0.024899,8.693387,3.495447,-0.034045,-0.909299,3.871799,-0.045989,0.435,3.561362,-0.062356,0.65152
-4.304191,0.024396,8.681977,3.516402,-0.033325,-0.915175,3.917014,-0.046554,0.435,3.556346,-0.062678,0.650589
-4.268916,0.023976,8.672794,3.53317,-0.032692,-0.919856,3.953169,-0.047004,0.435,3.553319,-0.062946,0.649893
-4.242348,0.023602,8.665876,3.545741,-0.032162,-0.923425,3.98025,-0.047343,0.435,3.55149,-0.063577,0.649406
-4.19786,0.022886,8.654287,3.566623,-0.030992,-0.930755,4.034434,-0.04802,0.435,3.548157,-0.064115,0.648482
-4.126135,0.022121,8.635587,3.600178,-0.029451,-0.938775,4.097516,-0.048803,0.435,3.544579,-0.064875,0.647559
-4.008163,0.021611,8.604805,3.654653,-0.026641,-0.953689,4.214266,-0.050254,0.435,3.526065,-0.062616,0.644005
-3.95312,0.020787,8.590449,3.679961,-0.025295,-0.959667,4.267981,-0.050921,0.435,3.520477,-0.063685,0.642867
-3.897691,0.019574,8.576007,3.705222,-0.023572,-0.965788,4.321596,-0.051586,0.435,3.514784,-0.066696,0.641462
-3.869831,0.018926,8.568753,3.717829,-0.022506,-0.968927,4.348375,-0.051918,0.435,3.510704,-0.068199,0.640459
-3.841878,0.018342,8.561475,3.73042,-0.021305,-0.97217,4.375137,-0.052248,0.435,3.508084,-0.069685,0.639705
-3.795081,0.017652,8.549292,3.751521,-0.019017,-0.976931,4.419712,-0.052802,0.435,3.506216,-0.07089,0.639163
-3.757455,0.017371,8.539501,3.768439,-0.017018,-0.980586,4.455338,-0.053244,0.435,3.502063,-0.07088,0.638294
-3.691211,0.017223,8.522274,3.797986,-0.013395,-0.987159,4.51761,-0.054017,0.435,3.496899,-0.070575,0.637355
-3.605281,0.017246,8.49996,3.836035,-0.008888,-0.995144,4.597524,-0.055005,0.435,3.492149,-0.069724,0.63656
-3.557179,0.01742,8.487484,3.857151,-0.006544,-0.99957,4.641916,-0.055556,0.435,3.49881,-0.06925,0.637963
-3.499102,0.018026,8.472434,3.882518,-0.004066,-1.004961,4.69502,-0.05621,0.435,3.482132,-0.0665,0.635117
-3.391621,0.018825,8.442069,3.933066,-0.000271,-1.016702,4.800702,-0.057523,0.435,3.466677,-0.062581,0.632127
-3.252982,0.019244,8.408796,3.98788,0.002919,-1.028653,4.915109,-0.058941,0.435,3.456758,-0.060923,0.62994
-3.182884,0.020701,8.390741,4.017509,0.003917,-1.034178,4.976523,-0.059703,0.435,3.44892,-0.056752,0.628577
-3.132502,0.021902,8.377763,4.038067,0.003975,-1.041623,5.020308,-0.060245,0.435,3.444002,-0.052662,0.627782
-3.081864,0.022638,8.364688,4.058781,0.003518,-1.048115,5.064032,-0.060787,0.435,3.438899,-0.050887,0.626857
-2.990038,0.023163,8.341026,4.096997,0.001685,-1.054403,5.142697,-0.061761,0.435,3.44304,-0.049183,0.627221
-2.928363,0.023534,8.325193,4.122728,0.000107,-1.057164,5.195093,-0.062404,0.435,3.434534,-0.047498,0.625822
-2.897376,0.023715,8.317261,4.135618,-0.000765,-1.058324,5.221267,-0.062729,0.435,3.430508,-0.047087,0.625112
-2.855907,0.023902,8.306671,4.152842,-0.002016,-1.059709,5.256078,-0.063152,0.435,3.420173,-0.045897,0.623183
-2.751483,0.023872,8.280136,4.195997,-0.005441,-1.062657,5.342831,-0.064225,0.435,3.409698,-0.045998,0.621128
-2.698771,0.023749,8.266806,4.217103,-0.007198,-1.066441,5.386134,-0.064752,0.435,3.406685,-0.040889,0.618621
-2.602828,0.024236,8.242661,4.255072,-0.01061,-1.071594,5.463946,-0.065707,0.435,3.402452,-0.035432,0.607336
-2.55991,0.024542,8.231881,4.271382,-0.012283,-1.076022,5.498492,-0.066132,0.435,3.400676,-0.029657,0.602231
-2.452379,0.02421,8.204828,4.312479,-0.016988,-1.083215,5.584747,-0.067189,0.435,3.394685,-0.027433,0.597811
-2.34408,0.023254,8.177699,4.354019,-0.021623,-1.087014,5.670822,-0.068246,0.435,3.386686,-0.032133,0.597833
-2.201613,0.0228,8.142321,4.408377,-0.02747,-1.090113,5.782463,-0.069607,0.435,3.377434,-0.033112,0.596062
-2.135297,0.022783,8.125972,4.433464,-0.030458,-1.091587,5.83378,-0.070243,0.435,3.368241,-0.035298,0.595082
-2.035131,0.023109,8.101407,4.470931,-0.035601,-1.095077,5.910553,-0.071179,0.435,3.360595,-0.03231,0.595
-1.91154,0.02205,8.071232,4.516617,-0.042774,-1.100348,6.004221,-0.072327,0.435,3.350618,-0.032452,0.594053
-1.832251,0.021331,8.051917,4.54528,-0.047456,-1.106225,6.06371,-0.073056,0.435,3.344824,-0.032737,0.593707
-1.752472,0.021134,8.032546,4.574147,-0.052309,-1.111069,6.123115,-0.073783,0.435,3.340263,-0.031375,0.593989
-1.695171,0.020569,8.018632,4.594733,-0.055876,-1.114949,6.165483,-0.074302,0.435,3.335533,-0.03118,0.593693
-1.626064,0.019131,8.00188,4.619871,-0.060243,-1.117306,6.216295,-0.074925,0.435,3.332436,-0.03384,0.593673
-1.61451,0.018853,7.999083,4.624028,-0.060932,-1.117839,6.224753,-0.07503,0.435,3.330925,-0.034505,0.593497
-1.57978,0.018024,7.990687,4.636656,-0.062988,-1.118689,6.250128,-0.075337,0.435,3.329691,-0.033984,0.593375
-1.533328,0.017027,7.979487,4.653526,-0.065575,-1.119546,6.284011,-0.075751,0.435,3.33647,-0.036414,0.594903
-1.498381,0.0164,7.97109,4.666291,-0.067417,-1.119678,6.309456,-0.076061,0.435,3.336008,-0.036914,0.595115
-1.439925,0.01543,7.957091,4.687537,-0.070304,-1.120153,6.351705,-0.076571,0.435,3.320723,-0.036762,0.592935
-1.404723,0.014792,7.948688,4.700312,-0.071978,-1.120312,6.376994,-0.076881,0.435,3.319002,-0.037092,0.592921
-1.381202,0.014325,7.943086,4.708848,-0.07309,-1.120278,6.393836,-0.077086,0.435,3.313174,-0.037845,0.592303
-1.31036,0.012807,7.926274,4.73444,-0.076232,-1.120289,6.444311,-0.077702,0.435,3.311208,-0.038337,0.5919
-1.191401,0.01036,7.898256,4.777167,-0.080919,-1.120229,6.528323,-0.078723,0.435,3.30549,-0.039591,0.59059
-1.03524,0.006893,7.861835,4.832533,-0.085983,-1.121045,6.637294,-0.080047,0.435,3.296442,-0.04277,0.590004
-0.974702,0.005382,7.847816,4.853825,-0.087524,-1.121659,6.679148,-0.080557,0.435,3.293892,-0.0442,0.589975
-0.926072,0.004211,7.836593,4.870762,-0.088636,-1.122551,6.712584,-0.080964,0.435,3.290484,-0.045239,0.589553
-0.913884,0.003936,7.833786,4.875032,-0.088891,-1.122629,6.720941,-0.081066,0.435,3.290449,-0.045485,0.589528
-0.865033,0.002902,7.822554,4.892019,-0.089826,-1.123359,6.754377,-0.081472,0.435,3.288072,-0.045827,0.589167
-0.816016,0.00187,7.811312,4.908916,-0.090649,-1.124661,6.7878,-0.081879,0.435,3.286168,-0.046237,0.588948
-0.754512,0.000511,7.797248,4.930159,-0.091582,-1.125669,6.829558,-0.082387,0.435,3.291949,-0.047224,0.590237
-0.655551,-0.001699,7.774717,4.964102,-0.092806,-1.127298,6.896297,-0.083195,0.435,3.279924,-0.048032,0.588444
-0.530888,-0.004284,7.746508,5.006605,-0.093908,-1.129356,6.979359,-0.084208,0.435,3.263338,-0.04923,0.58584
-0.405163,-0.006861,7.718255,5.049192,-0.094696,-1.130813,7.06223,-0.085221,0.435,3.261497,-0.049917,0.585908
-0.354576,-0.007831,7.706945,5.066272,-0.094942,-1.131367,7.095359,-0.085623,0.435,3.258803,-0.050304,0.585626
-0.265641,-0.009369,7.687141,5.096093,-0.095382,-1.132641,7.153255,-0.086328,0.435,3.254246,-0.049297,0.585235
-0.201798,-0.010589,7.672984,5.117459,-0.095719,-1.132983,7.194561,-0.086834,0.435,3.251526,-0.049722,0.585079
-0.176188,-0.011125,7.66732,5.126041,-0.095843,-1.13313,7.211078,-0.087034,0.435,3.2503,-0.049406,0.584994
-0.099092,-0.012724,7.650318,5.151709,-0.096173,-1.133889,7.26058,-0.087634,0.435,3.245474,-0.049901,0.584437
-0.047478,-0.013706,7.638981,5.168858,-0.096378,-1.133947,7.293557,-0.088037,0.435,3.242739,-0.05043,0.584116
0.056272,-0.015721,7.616302,5.203217,-0.096609,-1.134044,7.359452,-0.08884,0.435,3.245291,-0.050215,0.584795
0.147609,-0.017461,7.596455,5.23326,-0.096812,-1.134498,7.417073,-0.089537,0.435,3.237709,-0.050176,0.583766
0.252643,-0.019142,7.573766,5.267554,-0.097052,-1.134879,7.482839,-0.090332,0.435,3.229278,-0.049627,0.582584
0.279011,-0.019638,7.568091,5.276155,-0.097119,-1.135091,7.499253,-0.090533,0.435,3.229882,-0.049722,0.582735
0.305425,-0.020176,7.562416,5.284789,-0.097167,-1.134892,7.51565,-0.090731,0.435,3.225976,-0.048955,0.581992
0.318644,-0.020467,7.559579,5.28907,-0.097207,-1.135022,7.523841,-0.090829,0.435,3.224142,-0.049082,0.581716
0.358376,-0.021373,7.551065,5.301956,-0.097274,-1.13516,7.548413,-0.091126,0.435,3.223232,-0.050254,0.581527
0.438135,-0.02313,7.534035,5.327753,-0.097299,-1.135182,7.597513,-0.091715,0.435,3.218477,-0.050549,0.580537
0.531675,-0.024854,7.514174,5.35792,-0.097185,-1.134684,7.654728,-0.092407,0.435,3.215687,-0.050736,0.579981
0.924821,-0.034352,7.429164,5.487289,-0.092216,-1.131871,7.907449,-0.095449,0.435,3.201828,-0.058172,0.576675
1.007303,-0.036166,7.415029,5.508908,-0.090264,-1.130726,7.939976,-0.095842,0.435,3.201207,-0.059385,0.576379
1.285027,-0.041242,7.358605,5.59536,-0.080202,-1.126776,8.102298,-0.097797,0.435,3.189082,-0.061379,0.573884
1.341093,-0.041802,7.347336,5.612635,-0.078081,-1.126221,8.134697,-0.098188,0.435,3.187853,-0.061388,0.573637
1.425505,-0.042856,7.33045,5.638555,-0.075021,-1.125026,8.183263,-0.098773,0.435,3.184606,-0.060415,0.573151
1.510306,-0.044306,7.313595,5.664564,-0.071927,-1.123429,8.23179,-0.09936,0.435,3.182913,-0.062029,0.572844
1.638295,-0.046935,7.288364,5.703371,-0.066616,-1.121749,8.304531,-0.100234,0.435,3.181204,-0.065305,0.571481
1.709812,-0.048135,7.274348,5.724941,-0.06322,-1.120695,8.344925,-0.100722,0.435,3.179924,-0.067508,0.570099
1.767202,-0.048744,7.263144,5.742272,-0.06042,-1.119197,8.377239,-0.101109,0.435,3.179049,-0.066972,0.569387
1.868016,-0.049327,7.243561,5.772399,-0.055439,-1.117434,8.433774,-0.10179,0.435,3.175919,-0.066135,0.568521
1.911381,-0.049588,7.235179,5.785351,-0.05339,-1.116453,8.457971,-0.102078,0.435,3.175034,-0.064839,0.568285
1.954842,-0.049912,7.226807,5.798324,-0.051386,-1.115336,8.482221,-0.10237,0.435,3.174702,-0.064943,0.56812
2.042048,-0.050607,7.210095,5.824271,-0.047488,-1.113071,8.530587,-0.102948,0.435,3.172062,-0.06452,0.567584
2.217646,-0.051436,7.176765,5.876096,-0.039998,-1.108889,8.627179,-0.104105,0.435,3.162359,-0.063488,0.565507
2.484875,-0.053672,7.126789,5.951778,-0.028923,-1.108284,8.771513,-0.105831,0.435,3.155601,-0.076051,0.547402
2.709361,-0.054343,7.085297,6.014202,-0.019055,-1.103351,8.891551,-0.107267,0.435,3.151158,-0.074904,0.545867
2.845122,-0.055268,7.060547,6.05196,-0.012938,-1.098664,8.963527,-0.108126,0.435,3.150522,-0.073646,0.546261
2.920932,-0.055426,7.046837,6.073101,-0.009374,-1.095612,9.003509,-0.108605,0.435,3.147424,-0.072595,0.545564
3.027478,-0.055158,7.027695,6.102313,-0.004405,-1.09281,9.059393,-0.109272,0.435,3.144845,-0.072695,0.545634
3.368015,-0.053402,6.967478,6.192645,0.009444,-1.080986,9.234797,-0.111374,0.435,3.139083,-0.060278,0.506353
3.510085,-0.051141,6.942855,6.226865,0.012826,-1.074828,9.306278,-0.112229,0.435,3.139425,-0.053664,0.468255
3.669638,-0.049086,6.915623,6.261485,0.014072,-1.066384,9.385574,-0.113176,0.435,3.143297,-0.05171,0.412614
3.910705,-0.047731,6.87532,6.305069,0.012692,-1.051083,9.504461,-0.114595,0.435,3.151574,-0.053392,0.325239
4.007979,-0.047681,6.859366,6.319465,0.011762,-1.043923,9.551996,-0.115162,0.435,3.153822,-0.053661,0.283159
4.122106,-0.047554,6.840904,6.33366,0.010684,-1.03548,9.607374,-0.115824,0.435,3.154311,-0.054879,0.227625
4.44916,-0.046624,6.789327,6.35691,0.006594,-1.010624,9.76538,-0.117702,0.435,3.155283,-0.056519,0.070503
4.481833,-0.046685,6.784264,6.357845,0.006105,-1.008364,9.781159,-0.11789,0.435,3.154938,-0.056895,0.056098
4.69398,-0.047096,6.751743,6.358599,0.003227,-0.992883,9.883651,-0.119103,0.435,3.151648,-0.057522,-0.032908
4.807954,-0.046923,6.734493,6.355238,0.001762,-0.985313,9.938782,-0.119755,0.435,3.149018,-0.058173,-0.077082
4.937882,-0.046961,6.714963,6.348531,8.7E-05,-0.977815,10.001744,-0.120502,0.435,3.143931,-0.059364,-0.12385
5.180435,-0.046976,6.678802,6.328246,-0.003378,-0.965621,10.119665,-0.121898,0.435,3.133974,-0.059838,-0.202129
5.293081,-0.046244,6.662095,6.315806,-0.005425,-0.961288,10.174609,-0.122549,0.435,3.128365,-0.060945,-0.234418
5.469367,-0.045731,6.635983,6.29283,-0.009805,-0.956621,10.261049,-0.123575,0.435,3.124575,-0.063631,-0.281701
5.596926,-0.045529,6.617058,6.273709,-0.013746,-0.954681,10.323726,-0.124319,0.435,3.117111,-0.063747,-0.312057
5.75557,-0.044672,6.593474,6.24731,-0.019662,-0.953251,10.401949,-0.125245,0.435,3.110005,-0.066854,-0.346232
5.913308,-0.046003,6.569926,6.217889,-0.026265,-0.948124,10.480154,-0.126175,0.435,3.10389,-0.066604,-0.377554
5.991779,-0.047371,6.558182,6.202218,-0.029177,-0.94577,10.51926,-0.126638,0.435,3.103769,-0.064587,-0.391842
6.272136,-0.049998,6.515761,6.144141,-0.035869,-0.956713,10.66789,-0.128401,0.435,3.098901,-0.058973,-0.434267
6.838383,-0.057625,6.426747,6.007086,-0.036355,-0.967574,10.948948,-0.131714,0.435,3.074504,-0.049661,-0.499672
6.838383,-0.057625,6.426747,6.007086,-0.036355,-0.967574,10.948948,-0.131714,0.435,3.074504,-0.049661,-0.499672
6.838383,-0.057625,6.426747,6.007086,-0.036355,-0.967574,10.948948,-0.131714,0.435,3.074504,-0.049661,-0.499672
7.033666,-0.059966,6.395751,5.95156,-0.032961,-0.95201,11.050251,-0.132901,0.435,3.073114,-0.04483,-0.516423
7.240711,-0.062789,6.362658,5.89155,-0.02703,-0.940602,11.159301,-0.134174,0.435,3.071646,-0.034358,-0.514286
7.502373,-0.067524,6.320257,5.818846,-0.012863,-0.939001,11.299434,-0.135814,0.435,3.07438,-0.02344,-0.487245
7.705636,-0.068911,6.287511,5.764128,0.002725,-0.942287,11.400512,-0.136998,0.435,3.066619,-0.021954,-0.495658
7.921384,-0.067585,6.25452,5.708483,0.018746,-0.947486,11.516988,-0.138361,0.435,3.064785,-0.025959,-0.50815
8.177287,-0.066905,6.20958,5.630559,0.039278,-0.952804,11.656594,-0.139997,0.435,3.057002,-0.025474,-0.522563
8.23367,-0.067049,6.200111,5.613787,0.044062,-0.953499,11.695359,-0.140452,0.435,3.055833,-0.023754,-0.526263
8.317932,-0.066996,6.185883,5.588519,0.051616,-0.954964,11.741881,-0.140997,0.435,3.054912,-0.022165,-0.530764
8.37389,-0.066636,6.176372,5.571478,0.056893,-0.955568,11.77287,-0.141359,0.435,3.051588,-0.022012,-0.533189
8.401809,-0.066351,6.17161,5.562935,0.059621,-0.955774,11.788366,-0.141542,0.435,3.052386,-0.021199,-0.53482
8.415751,-0.066186,6.169227,5.558647,0.060928,-0.956016,11.796113,-0.141633,0.435,3.052227,-0.021207,-0.535537
8.457507,-0.065612,6.162073,5.545763,0.064981,-0.956368,11.819402,-0.141906,0.435,3.052017,-0.021739,-0.537639
8.485288,-0.065162,6.157298,5.537119,0.067623,-0.95666,11.834891,-0.142087,0.435,3.050338,-0.021813,-0.5387
8.54071,-0.064134,6.147735,5.519845,0.072861,-0.957433,11.865872,-0.142446,0.435,3.050108,-0.022658,-0.541198
8.582156,-0.063262,6.140554,5.506834,0.076666,-0.95811,11.889214,-0.142718,0.435,3.05805,-0.023605,-0.544381
8.733239,-0.059845,6.114177,5.458855,0.089848,-0.96038,11.974379,-0.143705,0.435,3.036198,-0.027003,-0.546245
8.882957,-0.056181,6.087743,5.410422,0.101569,-0.962743,12.059267,-0.144692,0.435,3.036661,-0.030183,-0.551465
8.950551,-0.054424,6.075702,5.388221,0.106299,-0.964075,12.097895,-0.145138,0.435,3.040888,-0.032097,-0.554314
9.017844,-0.052647,6.063644,5.366062,0.110933,-0.965358,12.136528,-0.145582,0.435,3.039671,-0.032944,-0.555736
9.031273,-0.052279,6.061231,5.361592,0.111802,-0.965567,12.144253,-0.145671,0.435,3.039421,-0.032998,-0.556069
9.204767,-0.047003,6.029784,5.30351,0.122067,-0.969053,12.244645,-0.146828,0.435,3.037962,-0.037959,-0.559796
9.244527,-0.045746,6.022509,5.290085,0.124086,-0.970104,12.267812,-0.147095,0.435,3.03661,-0.039086,-0.560322
9.402544,-0.041117,5.993361,5.236038,0.131129,-0.973572,12.360462,-0.148167,0.435,3.033921,-0.041876,-0.562831
9.493955,-0.03814,5.976308,5.204366,0.134659,-0.975351,12.414465,-0.148789,0.435,3.034392,-0.044003,-0.564404
9.558862,-0.036034,5.964096,5.181899,0.137001,-0.977393,12.453046,-0.149234,0.435,3.034706,-0.043895,-0.564712
9.713088,-0.031665,5.934623,5.128372,0.141536,-0.984127,12.545613,-0.150305,0.435,3.033681,-0.039077,-0.558652
9.738655,-0.030826,5.929687,5.119543,0.142334,-0.985561,12.561032,-0.150485,0.435,3.033166,-0.03927,-0.557869
9.789725,-0.028379,5.917345,5.097147,0.143891,-0.986957,12.59959,-0.150932,0.435,3.034544,-0.040796,-0.557882
9.840689,-0.026837,5.909937,5.083904,0.144725,-0.989098,12.62272,-0.1512,0.435,3.032975,-0.042041,-0.558379
9.878809,-0.025378,5.902519,5.070571,0.145451,-0.990545,12.645848,-0.151466,0.435,3.03234,-0.042565,-0.559119
9.942088,-0.02327,5.890142,5.047961,0.14639,-0.991042,12.684387,-0.151914,0.435,3.031308,-0.044895,-0.559981
10.01759,-0.021091,5.875273,5.020778,0.14728,-0.991774,12.730598,-0.152446,0.435,3.029308,-0.045331,-0.559947
10.067691,-0.01961,5.865347,5.002768,0.147847,-0.992859,12.76141,-0.152803,0.435,3.029729,-0.045986,-0.560116
10.067691,-0.01961,5.865347,5.002768,0.147847,-0.992859,12.76141,-0.152803,0.435,3.029729,-0.045986,-0.560116
10.254038,-0.012964,5.828129,4.934321,0.149323,-0.992949,12.876982,-0.154137,0.435,3.029033,-0.051275,-0.561638
10.303287,-0.011215,5.818202,4.916037,0.149385,-0.992982,12.907826,-0.154493,0.435,3.034465,-0.051757,-0.562928
10.315566,-0.010781,5.815719,4.911492,0.149373,-0.992988,12.915534,-0.15458,0.435,3.031235,-0.051641,-0.562328
10.364587,-0.009022,5.805792,4.89321,0.149239,-0.993017,12.946344,-0.154934,0.435,3.028988,-0.052849,-0.562189
10.376815,-0.008579,5.80331,4.888616,0.149181,-0.993051,12.954046,-0.155023,0.435,3.028802,-0.053698,-0.562251
10.413429,-0.007264,5.795865,4.874907,0.149006,-0.993121,12.977151,-0.155288,0.435,3.028637,-0.053761,-0.562479
10.437778,-0.006406,5.7909,4.865771,0.148853,-0.993287,12.992558,-0.155467,0.435,3.029302,-0.05534,-0.562731
10.474221,-0.00514,5.780971,4.847501,0.148429,-0.993502,13.023415,-0.15582,0.435,3.033986,-0.055337,-0.563965
10.522652,-0.003502,5.773521,4.83381,0.148065,-0.993895,13.046567,-0.156085,0.435,3.034871,-0.055345,-0.564372
10.558853,-0.002289,5.766068,4.820127,0.147633,-0.99433,13.069703,-0.156352,0.435,3.031357,-0.056342,-0.564001
10.606954,-0.000657,5.756125,4.801882,0.147,-0.994803,13.100508,-0.156706,0.435,3.026207,-0.056854,-0.563238
10.654876,0.000974,5.746176,4.783626,0.146269,-0.995391,13.131297,-0.157058,0.435,3.02715,-0.057933,-0.563666
10.678762,0.00178,5.741198,4.774512,0.145904,-0.995888,13.146651,-0.157236,0.435,3.020609,-0.057708,-0.562483
10.714511,0.002982,5.733729,4.760819,0.145284,-0.996409,13.169729,-0.157499,0.435,3.025451,-0.058069,-0.563508
10.738285,0.003776,5.728747,4.751711,0.144846,-0.996619,13.185122,-0.157678,0.435,3.026683,-0.058846,-0.563777
10.809325,0.006194,5.713789,4.724388,0.14345,-0.997919,13.231309,-0.158205,0.435,3.026534,-0.059314,-0.563768
10.856468,0.007823,5.703808,4.706148,0.14236,-0.998687,13.262086,-0.158557,0.435,3.026492,-0.059594,-0.56394
10.879969,0.008617,5.698814,4.697035,0.141849,-0.999303,13.277473,-0.158732,0.435,3.02661,-0.059873,-0.564025
10.926836,0.010167,5.68882,4.678816,0.140686,-1.000093,13.308265,-0.159083,0.435,3.026541,-0.060238,-0.564166
10.961864,0.01129,5.681318,4.665103,0.13976,-1.000658,13.331361,-0.159348,0.435,3.026869,-0.061092,-0.564304
11.089411,0.015354,5.653779,4.614852,0.136079,-1.002421,13.416076,-0.160313,0.435,3.02706,-0.062101,-0.564466
11.1584,0.017635,5.638739,4.587405,0.133941,-1.003466,13.4623,-0.160843,0.435,3.026947,-0.062914,-0.564496
11.215581,0.019524,5.626197,4.564494,0.131917,-1.003864,13.500859,-0.161285,0.435,3.027925,-0.063608,-0.56481
11.261116,0.020994,5.616157,4.546167,0.13027,-1.004451,13.531668,-0.161637,0.435,3.028692,-0.063718,-0.565006
11.295149,0.022059,5.608625,4.532411,0.128964,-1.004706,13.554774,-0.1619,0.435,3.027471,-0.064511,-0.564849
11.329071,0.023121,5.601088,4.51868,0.127618,-1.005022,13.577932,-0.162165,0.435,3.038123,-0.064933,-0.566778
11.374145,0.024629,5.591034,4.5004,0.125731,-1.005873,13.608737,-0.16251,0.435,3.028977,-0.06459,-0.565051
11.452574,0.027397,5.573423,4.468484,0.122173,-1.007602,13.662563,-0.163132,0.435,3.021687,-0.066353,-0.563452
11.486017,0.028464,5.565867,4.454745,0.120499,-1.007964,13.685635,-0.163396,0.435,3.023673,-0.06817,-0.563741
11.552593,0.030337,5.550741,4.42727,0.117032,-1.008633,13.731762,-0.163925,0.435,3.021883,-0.068128,-0.563314
11.58573,0.031221,5.543174,4.413511,0.115248,-1.008982,13.7548,-0.164188,0.435,3.018094,-0.06759,-0.562644
11.695438,0.034444,5.517933,4.367821,0.109112,-1.01097,13.831627,-0.165066,0.435,3.02131,-0.068964,-0.563154
11.78239,0.036446,5.497699,4.331157,0.104065,-1.011866,13.893098,-0.16577,0.435,3.020905,-0.068881,-0.563215
11.825592,0.036971,5.487569,4.312745,0.101689,-1.012043,13.923834,-0.166121,0.435,3.019712,-0.067319,-0.563182
11.836365,0.037063,5.485036,4.308149,0.101168,-1.012008,13.931515,-0.16621,0.435,3.019685,-0.067401,-0.56323
11.94347,0.038012,5.459691,4.262433,0.096451,-1.014065,14.00834,-0.16709,0.435,3.022569,-0.062436,-0.564532
11.975374,0.038572,5.452085,4.248587,0.095314,-1.014104,14.031378,-0.16735,0.435,3.018521,-0.061834,-0.563888
12.038856,0.040156,5.436877,4.220944,0.09317,-1.014008,14.077427,-0.167876,0.435,3.016818,-0.062028,-0.563463
12.185271,0.043717,5.401301,4.157008,0.087923,-1.016705,14.184852,-0.169099,0.435,3.014871,-0.062711,-0.561012
12.288586,0.046273,5.375894,4.11109,0.083697,-1.016841,14.261508,-0.16997,0.435,3.013727,-0.062801,-0.561076
12.288586,0.046273,5.375894,4.11109,0.083697,-1.016841,14.261508,-0.16997,0.435,3.013727,-0.062801,-0.561076
12.380542,0.0488,5.353023,4.069787,0.079314,-1.016721,14.330424,-0.170748,0.435,3.014332,-0.064861,-0.560611
12.62045,0.058461,5.292017,3.960564,0.06025,-1.01814,14.514425,-0.172822,0.435,3.019619,-0.081033,-0.5468
12.62045,0.063603,5.258758,3.903794,0.041959,-1.019289,14.614206,-0.173947,0.435,3.023904,-0.08987,-0.514766
12.746188,0.063603,5.258758,3.903794,0.041959,-1.019289,14.614206,-0.173947,0.435,3.023904,-0.08987,-0.514766
12.746188,0.063603,5.258758,3.903794,0.041959,-1.019289,14.614206,-0.173947,0.435,3.023904,-0.08987,-0.514766
12.849868,0.067136,5.230406,3.85922,0.022245,-1.021106,14.69859,-0.174897,0.435,3.031208,-0.096251,-0.466991
12.868487,0.067936,5.222646,3.848032,0.016415,-1.023047,14.721605,-0.175154,0.435,3.034082,-0.098633,-0.451885
12.952117,0.069187,5.201899,3.819616,-0.000244,-1.026717,14.782948,-0.175846,0.435,3.037114,-0.100831,-0.414727
12.980034,0.069308,5.194118,3.809406,-0.006804,-1.027387,14.805946,-0.176106,0.435,3.038656,-0.099998,-0.404021
13.017304,0.069244,5.183745,3.796257,-0.015601,-1.028424,14.836608,-0.176451,0.435,3.039414,-0.099337,-0.392156
13.017304,0.069244,5.183745,3.796257,-0.015601,-1.028424,14.836608,-0.176451,0.435,3.039414,-0.099337,-0.392156
13.02663,0.069195,5.181153,3.793028,-0.017816,-1.028485,14.844276,-0.176538,0.435,3.040627,-0.099321,-0.389806
13.082577,0.068673,5.165595,3.774104,-0.031018,-1.030415,14.890244,-0.177055,0.435,3.041467,-0.097406,-0.377422
13.082577,0.068673,5.165595,3.774104,-0.031018,-1.030415,14.890244,-0.177055,0.435,3.041467,-0.097406,-0.377422
13.119889,0.068047,5.155218,3.761732,-0.039766,-1.031123,14.920876,-0.177398,0.435,3.04026,-0.096302,-0.371688
13.119889,0.068047,5.155218,3.761732,-0.039766,-1.031123,14.920876,-0.177398,0.435,3.04026,-0.096302,-0.371688
13.166578,0.066919,5.14225,3.74642,-0.050479,-1.031753,14.959204,-0.177916,0.435,3.043132,-0.094485,-0.368383
13.213273,0.065603,5.129294,3.731312,-0.060899,-1.032714,14.997533,-0.178261,0.435,3.04319,-0.092891,-0.368369
13.231943,0.065065,5.124117,3.725206,-0.064945,-1.032832,15.012864,-0.178434,0.435,3.042825,-0.091722,-0.36896
13.231943,0.065065,5.124117,3.725206,-0.064945,-1.032832,15.012864,-0.178434,0.435,3.042825,-0.091722,-0.36896
13.297124,0.063111,5.106008,3.703962,-0.07871,-1.033864,15.066549,-0.179036,0.435,3.043191,-0.087125,-0.372378
13.297124,0.063111,5.106008,3.703962,-0.07871,-1.033864,15.066549,-0.179036,0.435,3.043191,-0.087125,-0.372378
13.306397,0.062803,5.103418,3.700912,-0.080677,-1.033717,15.074217,-0.179122,0.435,3.043159,-0.086757,-0.372728
13.352549,0.061058,5.090451,3.685533,-0.09006,-1.033314,15.112603,-0.179552,0.435,3.047773,-0.08489,-0.373512
13.352549,0.061058,5.090451,3.685533,-0.09006,-1.033314,15.112603,-0.179552,0.435,3.047773,-0.08489,-0.373512
13.416685,0.058181,5.072266,3.664155,-0.10241,-1.033807,15.166346,-0.180154,0.435,3.051615,-0.081963,-0.371831
13.579448,0.051201,5.025547,3.610095,-0.130744,-1.033407,15.304635,-0.181701,0.435,3.047006,-0.079511,-0.358201
13.651184,0.047383,5.004799,3.586607,-0.141958,-1.033059,15.365987,-0.182384,0.435,3.045914,-0.0764,-0.355032
13.695872,0.044908,4.991854,3.571935,-0.14847,-1.03245,15.40432,-0.182809,0.435,3.045116,-0.074575,-0.354512
13.713723,0.043886,4.986682,3.566073,-0.150927,-1.032177,15.419657,-0.182981,0.435,3.046482,-0.074326,-0.354923
13.731553,0.042853,4.98151,3.560258,-0.153359,-1.03207,15.434992,-0.18315,0.435,3.045466,-0.073174,-0.355204
13.767114,0.040801,4.971175,3.548534,-0.158003,-1.031511,15.46566,-0.183491,0.435,3.045527,-0.07246,-0.355787
13.784842,0.039804,4.96601,3.542655,-0.160252,-1.031209,15.480995,-0.183662,0.435,3.04532,-0.071519,-0.355922
13.837738,0.036846,4.950517,3.52512,-0.166607,-1.030651,15.526995,-0.184168,0.435,3.045192,-0.069911,-0.354531
13.924742,0.031555,4.924647,3.496377,-0.176254,-1.029526,15.603676,-0.185014,0.435,3.047301,-0.065812,-0.338144
14.03609,0.024759,4.890992,3.460943,-0.187057,-1.029016,15.703424,-0.186118,0.435,3.053312,-0.065031,-0.317682
14.03609,0.024759,4.890992,3.460943,-0.187057,-1.029016,15.703424,-0.186118,0.435,3.053312,-0.065031,-0.317682
14.095531,0.020792,4.872866,3.443051,-0.192146,-1.029134,15.757088,-0.186712,0.435,3.050854,-0.062927,-0.302458
14.180105,0.01424,4.846987,3.418871,-0.198165,-1.029382,15.833866,-0.18756,0.435,3.052995,-0.058752,-0.284381
14.264763,0.007973,4.821193,3.395848,-0.202291,-1.029657,15.910355,-0.18841,0.435,3.037412,-0.053629,-0.275321
14.29015,0.006062,4.813455,3.389199,-0.203145,-1.031178,15.93327,-0.188663,0.435,3.044909,-0.051065,-0.275286
14.349086,0.001209,4.795369,3.373574,-0.204559,-1.032153,15.986817,-0.189256,0.435,3.048024,-0.047321,-0.272317
14.357472,0.000499,4.792784,3.369165,-0.204747,-1.032809,16.002103,-0.189424,0.435,3.046795,-0.047858,-0.270934
14.440926,-0.005841,4.766918,3.349396,-0.204871,-1.03242,16.07101,-0.190186,0.435,3.051446,-0.047454,-0.26382
14.449209,-0.006419,4.76433,3.347257,-0.204778,-1.032646,16.078667,-0.190271,0.435,3.051552,-0.04774,-0.262503
14.490394,-0.009287,4.751381,3.336628,-0.204294,-1.031788,16.116942,-0.190695,0.435,3.051389,-0.047489,-0.253404
14.603925,-0.017149,4.715118,3.309405,-0.201408,-1.029013,16.239358,-0.192051,0.435,3.050521,-0.045865,-0.203695
14.676435,-0.021988,4.691866,3.294523,-0.19967,-1.028276,16.292913,-0.19264,0.435,3.052381,-0.046767,-0.182636
14.716604,-0.024625,4.678961,3.28719,-0.198319,-1.028066,16.331144,-0.193062,0.435,3.054632,-0.046157,-0.167682
14.756519,-0.027236,4.666054,3.280491,-0.196831,-1.028047,16.369444,-0.193485,0.435,3.061866,-0.0465,-0.150334
14.907326,-0.036625,4.616967,3.261853,-0.19105,-1.032824,16.514743,-0.195085,0.435,3.055207,-0.038232,-0.079034
14.993067,-0.043741,4.588527,3.256608,-0.186284,-1.03471,16.598768,-0.196004,0.435,3.054524,-0.034831,-0.024931
15.054989,-0.048433,4.567818,3.256278,-0.181442,-1.038712,16.659867,-0.196672,0.435,3.054621,-0.033524,0.031618
15.180331,-0.055195,4.526338,3.264233,-0.170136,-1.040642,16.78214,-0.198006,0.435,3.054652,-0.037648,0.110991
15.235998,-0.057932,4.50818,3.270546,-0.165373,-1.040919,16.83565,-0.198591,0.435,3.052309,-0.038863,0.13484
15.260005,-0.059108,4.500396,3.273661,-0.163367,-1.040976,16.850931,-0.198759,0.435,3.052464,-0.040197,0.140577
15.381672,-0.066083,4.461465,3.29162,-0.152745,-1.040489,16.973411,-0.200092,0.435,3.054329,-0.045824,0.165995
15.389888,-0.06772,4.453679,3.295459,-0.150313,-1.040454,16.996349,-0.200348,0.435,3.053288,-0.0469,0.166247
15.488918,-0.07252,4.427632,3.308124,-0.141385,-1.044955,17.072748,-0.201182,0.435,3.052118,-0.054182,0.165938
15.571453,-0.075448,4.401532,3.321299,-0.131563,-1.043424,17.149063,-0.202017,0.435,3.046946,-0.052716,0.171183
15.571453,-0.075448,4.401532,3.321299,-0.131563,-1.043424,17.149063,-0.202017,0.435,3.046946,-0.052716,0.171183
15.571453,-0.075448,4.401532,3.321299,-0.131563,-1.043424,17.149063,-0.202017,0.435,3.046946,-0.052716,0.171183
15.571453,-0.075448,4.401532,3.321299,-0.131563,-1.043424,17.149063,-0.202017,0.435,3.046946,-0.052716,0.171183
15.678106,-0.078654,4.367746,3.339877,-0.119734,-1.040123,17.248165,-0.203099,0.435,3.042183,-0.049158,0.196385
15.784977,-0.080565,4.333997,3.361168,-0.10999,-1.041958,17.347327,-0.204183,0.435,3.043128,-0.038273,0.228899
15.894029,-0.080465,4.300118,3.384695,-0.104447,-1.044961,17.446495,-0.205263,0.435,3.039415,-0.025575,0.238665
15.902439,-0.080495,4.297508,3.386559,-0.104249,-1.045023,17.454116,-0.205346,0.435,3.038861,-0.025564,0.239538
15.978217,-0.08101,4.274067,3.403877,-0.103732,-1.042886,17.522755,-0.206091,0.435,3.041508,-0.026175,0.248721
16.071105,-0.081781,4.245557,3.426296,-0.105883,-1.038997,17.606665,-0.207003,0.435,3.040002,-0.026709,0.266949
16.113447,-0.082719,4.232647,3.437044,-0.107654,-1.036449,17.644815,-0.207415,0.435,3.039476,-0.02702,0.275955
16.138919,-0.0835,4.224911,3.443643,-0.108832,-1.035152,17.667679,-0.207661,0.435,3.04016,-0.027107,0.281387
16.147426,-0.083788,4.222333,3.44585,-0.109226,-1.035038,17.675309,-0.207743,0.435,3.039146,-0.02695,0.282988
16.164469,-0.084393,4.217179,3.450338,-0.110043,-1.034133,17.690572,-0.207908,0.435,3.0395,-0.027442,0.286236
16.173007,-0.084706,4.214603,3.452587,-0.110434,-1.03391,17.698204,-0.207988,0.435,3.039154,-0.026358,0.287658
16.181549,-0.08503,4.212027,3.454854,-0.110829,-1.033568,17.705834,-0.20807,0.435,3.038297,-0.027436,0.289082
16.190108,-0.085355,4.209451,3.457148,-0.11123,-1.033061,17.713463,-0.208152,0.435,3.038158,-0.028339,0.290399
16.198674,-0.085681,4.206876,3.459414,-0.111605,-1.033099,17.721094,-0.208236,0.435,3.038306,-0.02896,0.291721
16.20724,-0.086014,4.204301,3.461715,-0.111985,-1.032881,17.728725,-0.208319,0.435,3.038165,-0.029254,0.2931
16.224406,-0.086668,4.199154,3.466362,-0.112744,-1.032235,17.743974,-0.208483,0.435,3.037114,-0.029466,0.2955
16.241586,-0.087326,4.19401,3.471068,-0.113482,-1.031553,17.759226,-0.208647,0.435,3.035749,-0.030084,0.298038
16.250192,-0.087647,4.191439,3.47344,-0.113841,-1.031152,17.766853,-0.208729,0.435,3.036382,-0.030051,0.299332
16.276031,-0.088612,4.183734,3.480624,-0.114889,-1.030024,17.789734,-0.208975,0.435,3.035244,-0.029888,0.303105
16.293283,-0.089266,4.178601,3.485439,-0.115541,-1.029568,17.804986,-0.209139,0.435,3.035067,-0.030623,0.305766
16.353838,-0.091695,4.160662,3.50261,-0.117632,-1.027695,17.858375,-0.209718,0.435,3.032615,-0.032266,0.315155
16.388625,-0.09319,4.150419,3.512625,-0.118662,-1.026985,17.888876,-0.210045,0.435,3.034009,-0.032795,0.320032
16.467499,-0.09633,4.127378,3.535639,-0.120564,-1.025397,17.957516,-0.210785,0.435,3.036644,-0.034243,0.327331
16.538017,-0.098433,4.106929,3.556559,-0.122114,-1.024451,18.018486,-0.211442,0.435,3.029631,-0.035447,0.333445
16.564419,-0.099049,4.099286,3.564574,-0.122794,-1.023892,18.048975,-0.211769,0.435,3.030502,-0.034731,0.33855
16.625998,-0.100356,4.081491,3.583605,-0.12482,-1.024056,18.094707,-0.212264,0.435,3.02757,-0.034903,0.354102
16.73297,-0.10303,4.050904,3.617816,-0.129809,-1.024234,18.186167,-0.213247,0.435,3.022119,-0.034504,0.370909
16.769173,-0.104353,4.040666,3.629504,-0.131733,-1.024351,18.20904,-0.213492,0.435,3.027747,-0.034577,0.372292
16.787331,-0.105097,4.035543,3.635384,-0.132713,-1.024224,18.231928,-0.213736,0.435,3.029232,-0.03489,0.372701
16.851123,-0.108038,4.01762,3.656105,-0.1359,-1.023179,18.285314,-0.214311,0.435,3.028978,-0.036392,0.37313
16.915265,-0.111025,3.999716,3.676879,-0.13866,-1.022105,18.338733,-0.214886,0.435,3.02999,-0.037296,0.373892
16.94287,-0.112193,3.992056,3.685843,-0.139713,-1.021124,18.361632,-0.215131,0.435,3.030212,-0.037778,0.374168
16.989143,-0.114075,3.979286,3.700672,-0.14135,-1.019995,18.399814,-0.215541,0.435,3.032469,-0.038554,0.37301
17.026469,-0.115644,3.969064,3.712543,-0.142547,-1.018444,18.430372,-0.215868,0.435,3.034345,-0.039236,0.369295
17.08293,-0.118194,3.953729,3.730052,-0.144178,-1.016288,18.476191,-0.216357,0.435,3.032558,-0.04089,0.359144
17.092376,-0.118633,3.951174,3.732907,-0.144419,-1.0161,18.48386,-0.216439,0.435,3.038662,-0.041225,0.358045
17.120752,-0.119945,3.943518,3.741449,-0.145107,-1.015134,18.506781,-0.216684,0.435,3.035396,-0.042189,0.352267
17.177555,-0.122456,3.928249,3.758281,-0.14628,-1.012487,18.55262,-0.217175,0.435,3.037954,-0.042793,0.344
17.215462,-0.124066,3.918104,3.769196,-0.146919,-1.011295,18.583197,-0.217503,0.435,3.03847,-0.043743,0.33996
17.282137,-0.126884,3.90037,3.787948,-0.14786,-1.008863,18.63682,-0.218074,0.435,3.042841,-0.044887,0.33203
17.358835,-0.129965,3.880149,3.808808,-0.148753,-1.006129,18.697952,-0.218726,0.435,3.037123,-0.044388,0.320213
17.426531,-0.132516,3.86248,3.826323,-0.14952,-1.00352,18.751353,-0.21929,0.435,3.035588,-0.043084,0.306325
17.475386,-0.134243,3.849859,3.838256,-0.150208,-1.001616,18.797133,-0.219773,0.435,3.040797,-0.043585,0.288501
17.534555,-0.136996,3.832195,3.853881,-0.1509,-0.998722,18.842961,-0.220256,0.435,3.043966,-0.044547,0.264451
17.564319,-0.137875,3.827157,3.858077,-0.151097,-0.997782,18.858233,-0.22042,0.435,3.044927,-0.045485,0.255592
17.653816,-0.142069,3.804545,3.875077,-0.151662,-0.995627,18.927062,-0.221147,0.435,3.052845,-0.050033,0.216938
17.673688,-0.142936,3.799538,3.878537,-0.151702,-0.994494,18.942363,-0.221308,0.435,3.052661,-0.049631,0.209262
17.683619,-0.143343,3.797037,3.880205,-0.151709,-0.993451,18.957675,-0.22147,0.435,3.05521,-0.050067,0.202325
17.713396,-0.144502,3.789548,3.885063,-0.151716,-0.992298,18.97298,-0.221631,0.435,3.05439,-0.049782,0.195425
17.723316,-0.144867,3.787056,3.886634,-0.151709,-0.991786,18.980632,-0.221711,0.435,3.054586,-0.050222,0.192225
17.743169,-0.145586,3.782075,3.889631,-0.151695,-0.990974,18.995954,-0.221874,0.435,3.056638,-0.050086,0.185897
17.763024,-0.146304,3.777099,3.892531,-0.151678,-0.99043,19.011263,-0.222036,0.435,3.056184,-0.05151,0.179628
17.782907,-0.147039,3.772125,3.895295,-0.151648,-0.989948,19.026596,-0.222198,0.435,3.057793,-0.05226,0.173244
17.812792,-0.148208,3.764669,3.899245,-0.151616,-0.989109,19.049554,-0.222442,0.435,3.055902,-0.053328,0.16286
17.822774,-0.14862,3.762185,3.900519,-0.1516,-0.988749,19.057208,-0.222523,0.435,3.057059,-0.053145,0.159277
17.842784,-0.149459,3.757221,3.902988,-0.151567,-0.987349,19.072514,-0.222684,0.435,3.057104,-0.053676,0.151393
17.852808,-0.149889,3.754741,3.904163,-0.15155,-0.986975,19.080165,-0.222766,0.435,3.056357,-0.053965,0.147188
17.872882,-0.150758,3.749786,3.906453,-0.151508,-0.985537,19.095464,-0.222929,0.435,3.056192,-0.054247,0.138582
17.892989,-0.151622,3.744835,3.908575,-0.151446,-0.984898,19.110758,-0.223091,0.435,3.055665,-0.054416,0.129592
17.892989,-0.151622,3.744835,3.908575,-0.151446,-0.984898,19.110758,-0.223091,0.435,3.055665,-0.054416,0.129592
17.903049,-0.152468,3.739892,3.910577,-0.151357,-0.983746,19.126132,-0.223255,0.435,3.065183,-0.054674,0.120856
17.943337,-0.15369,3.732489,3.913299,-0.15121,-0.982081,19.149113,-0.223496,0.435,3.0599,-0.053492,0.106794
17.953422,-0.154085,3.730024,3.914123,-0.151155,-0.981663,19.156767,-0.223576,0.435,3.059389,-0.053903,0.102048
17.963507,-0.154473,3.727562,3.914916,-0.151095,-0.981083,19.164422,-0.223657,0.435,3.060131,-0.053707,0.09738
17.9736,-0.154857,3.725102,3.915688,-0.151027,-0.980344,19.172076,-0.223739,0.435,3.059985,-0.054252,0.092586
17.983701,-0.155237,3.722643,3.916396,-0.15096,-0.97984,19.17973,-0.22382,0.435,3.060048,-0.053569,0.087706
17.983701,-0.155237,3.722643,3.916396,-0.15096,-0.97984,19.17973,-0.22382,0.435,3.060048,-0.053569,0.087706
17.993801,-0.155612,3.720186,3.91707,-0.150889,-0.979243,19.187383,-0.223901,0.435,3.059834,-0.05353,0.082848
17.993801,-0.155612,3.720186,3.91707,-0.150889,-0.979243,19.187383,-0.223901,0.435,3.059834,-0.05353,0.082848
18.003905,-0.155987,3.717732,3.917729,-0.150825,-0.978578,19.195033,-0.223983,0.435,3.058622,-0.05365,0.077933
18.014019,-0.156361,3.715279,3.918328,-0.150755,-0.977874,19.202679,-0.224064,0.435,3.057368,-0.053435,0.072905
18.024134,-0.156726,3.712828,3.918866,-0.150688,-0.977409,19.210322,-0.224145,0.435,3.056037,-0.053167,0.067873
18.024134,-0.156726,3.712828,3.918866,-0.150688,-0.977409,19.210322,-0.224145,0.435,3.056037,-0.053167,0.067873
18.03425,-0.157096,3.71038,3.9194,-0.150628,-0.976681,19.217966,-0.224226,0.435,3.056785,-0.053292,0.062889
18.03425,-0.157096,3.71038,3.9194,-0.150628,-0.976681,19.217966,-0.224226,0.435,3.056785,-0.053292,0.062889
18.044378,-0.157472,3.707933,3.919876,-0.150559,-0.97608,19.22561,-0.224309,0.435,3.056782,-0.053691,0.057721
18.054509,-0.15784,3.705489,3.920291,-0.150483,-0.975467,19.233251,-0.22439,0.435,3.055308,-0.053223,0.052504
18.064638,-0.158219,3.703046,3.920694,-0.150411,-0.97497,19.240888,-0.22447,0.435,3.054345,-0.052859,0.047344
18.084923,-0.158989,3.698167,3.921343,-0.150275,-0.973542,19.25616,-0.224633,0.435,3.054142,-0.053459,0.036664
18.135695,-0.160993,3.686009,3.922223,-0.149919,-0.970364,19.294357,-0.225038,0.435,3.05542,-0.053334,0.009186
18.166189,-0.162202,3.678741,3.922192,-0.149684,-0.968417,19.317275,-0.225279,0.435,3.055111,-0.053658,-0.007771
18.166189,-0.162202,3.678741,3.922192,-0.149684,-0.968417,19.317275,-0.225279,0.435,3.055111,-0.053658,-0.007771
18.186525,-0.162995,3.673907,3.921952,-0.149526,-0.967097,19.332555,-0.22544,0.435,3.055877,-0.05228,-0.019182
18.186525,-0.162995,3.673907,3.921952,-0.149526,-0.967097,19.332555,-0.22544,0.435,3.055877,-0.05228,-0.019182
18.196696,-0.163389,3.671494,3.92176,-0.149438,-0.966594,19.340193,-0.225522,0.435,3.054731,-0.053444,-0.024942
18.21703,-0.164155,3.666673,3.921245,-0.149275,-0.965225,19.355472,-0.225685,0.435,3.055462,-0.053474,-0.036381
18.227197,-0.164526,3.664266,3.92091,-0.149183,-0.964753,19.363108,-0.225765,0.435,3.053986,-0.053243,-0.042105
18.237359,-0.164893,3.66186,3.920555,-0.149099,-0.964282,19.370745,-0.225848,0.435,3.054031,-0.053893,-0.047771
18.247519,-0.16524,3.659457,3.920144,-0.149025,-0.963628,19.378383,-0.225929,0.435,3.054534,-0.053443,-0.05342
18.277969,-0.166233,3.652259,3.918637,-0.148794,-0.961859,19.401283,-0.22617,0.435,3.052994,-0.052467,-0.06997
18.298244,-0.166863,3.64747,3.917409,-0.148667,-0.96122,19.416559,-0.226332,0.435,3.054013,-0.053183,-0.080774
18.308378,-0.167181,3.645078,3.916725,-0.148602,-0.960474,19.424196,-0.226413,0.435,3.053233,-0.053012,-0.086131
18.328622,-0.167826,3.640297,3.91523,-0.14849,-0.960001,19.439466,-0.226574,0.435,3.052395,-0.052915,-0.096563
18.358942,-0.168886,3.633138,3.912651,-0.148322,-0.958504,19.462375,-0.226816,0.435,3.05223,-0.053453,-0.111789
18.358942,-0.168886,3.633138,3.912651,-0.148322,-0.958504,19.462375,-0.226816,0.435,3.05223,-0.053453,-0.111789
18.37912,-0.169667,3.628374,3.910731,-0.148233,-0.95728,19.477649,-0.226978,0.435,3.051927,-0.053196,-0.121564
18.399284,-0.170495,3.623617,3.908632,-0.148127,-0.956255,19.492929,-0.227139,0.435,3.052627,-0.053338,-0.131337
18.399284,-0.170495,3.623617,3.908632,-0.148127,-0.956255,19.492929,-0.227139,0.435,3.052627,-0.053338,-0.131337
18.419423,-0.171355,3.618868,3.906388,-0.148035,-0.955098,19.508204,-0.2273,0.435,3.051241,-0.053086,-0.140815
18.42949,-0.171788,3.616494,3.905237,-0.147969,-0.955409,19.515841,-0.227382,0.435,3.05111,-0.053623,-0.145604
18.439544,-0.172219,3.614121,3.904018,-0.147919,-0.954907,19.523478,-0.227464,0.435,3.050731,-0.053398,-0.150232
18.449597,-0.172651,3.61175,3.902772,-0.14786,-0.954283,19.531115,-0.227545,0.435,3.050523,-0.053191,-0.154884
18.479724,-0.173883,3.604645,3.898784,-0.147653,-0.953045,19.554042,-0.227786,0.435,3.050299,-0.052914,-0.168709
18.479724,-0.173883,3.604645,3.898784,-0.147653,-0.953045,19.554042,-0.227786,0.435,3.050299,-0.052914,-0.168709
18.499783,-0.17465,3.599916,3.895927,-0.147498,-0.952155,19.569318,-0.227946,0.435,3.049335,-0.052764,-0.177734
18.499783,-0.17465,3.599916,3.895927,-0.147498,-0.952155,19.569318,-0.227946,0.435,3.049335,-0.052764,-0.177734
18.519818,-0.17538,3.595193,3.89294,-0.147335,-0.951175,19.584594,-0.228112,0.435,3.05008,-0.0537,-0.186707
18.579765,-0.177449,3.581052,3.88312,-0.146816,-0.948883,19.630473,-0.228592,0.435,3.048905,-0.052844,-0.212466
18.629537,-0.179245,3.569302,3.873969,-0.146404,-0.946941,19.668794,-0.228998,0.435,3.056954,-0.053801,-0.233641
18.679114,-0.181209,3.557579,3.864021,-0.146019,-0.944895,19.707062,-0.229399,0.435,3.048786,-0.053279,-0.252467
18.708763,-0.18242,3.550557,3.857671,-0.145762,-0.943869,19.73,-0.229641,0.435,3.046632,-0.053704,-0.263402
18.738332,-0.183625,3.543543,3.851065,-0.14546,-0.942945,19.752945,-0.22988,0.435,3.046989,-0.053392,-0.274061
18.758003,-0.184405,3.538871,3.846521,-0.145244,-0.942159,19.768245,-0.230042,0.435,3.04615,-0.054436,-0.284209
18.797246,-0.185897,3.529536,3.837093,-0.144804,-0.941032,19.798836,-0.230362,0.435,3.044026,-0.052968,-0.293949
18.807039,-0.186261,3.527204,3.83469,-0.14469,-0.940638,19.806484,-0.230442,0.435,3.044602,-0.05383,-0.297282
18.875381,-0.188721,3.510905,3.817047,-0.143853,-0.938795,19.86006,-0.231005,0.435,3.046053,-0.054167,-0.319852
18.914257,-0.190119,3.501605,3.806388,-0.143405,-0.937746,19.890687,-0.231325,0.435,3.04439,-0.054659,-0.33197
18.914257,-0.190119,3.501605,3.806388,-0.143405,-0.937746,19.890687,-0.231325,0.435,3.04439,-0.054659,-0.33197
18.923952,-0.190462,3.499281,3.803634,-0.143319,-0.93764,19.898346,-0.231405,0.435,3.045002,-0.053961,-0.335001
18.933637,-0.190807,3.496958,3.8009,-0.143222,-0.937412,19.906006,-0.231483,0.435,3.044807,-0.053628,-0.33789
18.943315,-0.191149,3.494635,3.79815,-0.1431,-0.93706,19.913666,-0.231563,0.435,3.044606,-0.054322,-0.340781
18.943315,-0.191149,3.494635,3.79815,-0.1431,-0.93706,19.913666,-0.231563,0.435,3.044606,-0.054322,-0.340781
18.943315,-0.191149,3.494635,3.79815,-0.1431,-0.93706,19.913666,-0.231563,0.435,3.044606,-0.054322,-0.340781
18.943315,-0.191149,3.494635,3.79815,-0.1431,-0.93706,19.913666,-0.231563,0.435,3.044606,-0.054322,-0.340781
18.952985,-0.191476,3.492313,3.795353,-0.143024,-0.937151,19.921326,-0.231644,0.435,3.044375,-0.054722,-0.343644
18.952985,-0.191476,3.492313,3.795353,-0.143024,-0.937151,19.921326,-0.231644,0.435,3.044375,-0.054722,-0.343644
18.952985,-0.191476,3.492313,3.795353,-0.143024,-0.937151,19.921326,-0.231644,0.435,3.044375,-0.054722,-0.343644
18.962638,-0.191799,3.48999,3.792526,-0.142942,-0.936845,19.928987,-0.231724,0.435,3.044666,-0.054389,-0.346419
18.972286,-0.192118,3.487668,3.78973,-0.142839,-0.936619,19.936648,-0.231803,0.435,3.043984,-0.054393,-0.349102
18.972286,-0.192118,3.487668,3.78973,-0.142839,-0.936619,19.936648,-0.231803,0.435,3.043984,-0.054393,-0.349102
18.972286,-0.192118,3.487668,3.78973,-0.142839,-0.936619,19.936648,-0.231803,0.435,3.043984,-0.054393,-0.349102
19.039572,-0.194074,3.47142,3.769371,-0.142436,-0.936253,19.990272,-0.232361,0.435,3.041886,-0.056003,-0.367442
19.115924,-0.196644,3.452854,3.744773,-0.142344,-0.935661,20.051581,-0.232995,0.435,3.040629,-0.056718,-0.38709
19.248,-0.202437,3.420345,3.699358,-0.14198,-0.937569,20.158948,-0.234113,0.435,3.038815,-0.059618,-0.416751
19.266666,-0.203066,3.415683,3.692613,-0.141859,-0.937658,20.174286,-0.234274,0.435,3.038309,-0.060386,-0.419797
19.275971,-0.203349,3.41335,3.689192,-0.141825,-0.937686,20.181953,-0.234353,0.435,3.037473,-0.060325,-0.420977
19.285253,-0.203614,3.411016,3.685748,-0.141776,-0.937276,20.18962,-0.234431,0.435,3.036983,-0.060611,-0.421986
19.294521,-0.203857,3.408681,3.682311,-0.14174,-0.937145,20.197287,-0.234512,0.435,3.037318,-0.061158,-0.42301
19.312994,-0.204314,3.404007,3.67543,-0.141685,-0.937161,20.212629,-0.23467,0.435,3.039583,-0.061678,-0.424698
19.368029,-0.205667,3.389939,3.655135,-0.141811,-0.940371,20.258669,-0.235149,0.435,3.037859,-0.069009,-0.425672
19.495131,-0.210562,3.356929,3.607235,-0.143233,-0.945938,20.365918,-0.236259,0.435,3.022141,-0.065265,-0.424372
19.5222,-0.21145,3.349836,3.596981,-0.143666,-0.947396,20.388782,-0.236498,0.435,3.023778,-0.061124,-0.42579
19.639199,-0.213649,3.319206,3.550988,-0.147019,-0.947068,20.48829,-0.23753,0.435,3.033917,-0.062134,-0.441273
19.737081,-0.216311,3.293363,3.51029,-0.152803,-0.943527,20.572699,-0.238406,0.435,3.038173,-0.068055,-0.45517
19.79824,-0.218701,3.276882,3.483958,-0.157353,-0.94103,20.6265,-0.238967,0.435,3.040473,-0.070577,-0.455326
19.849888,-0.221131,3.262717,3.46161,-0.16135,-0.939641,20.672653,-0.239445,0.435,3.043429,-0.068955,-0.449065
19.917706,-0.2249,3.24377,3.432731,-0.166547,-0.938958,20.734275,-0.240085,0.435,3.053448,-0.067919,-0.433012
19.951246,-0.226757,3.234278,3.418774,-0.168957,-0.939115,20.765077,-0.240403,0.435,3.050774,-0.068375,-0.415725
19.976319,-0.228147,3.227159,3.408572,-0.170681,-0.939608,20.788173,-0.240642,0.435,3.050656,-0.068434,-0.41301
19.993016,-0.229107,3.222414,3.401833,-0.171789,-0.939864,20.80357,-0.240801,0.435,3.051864,-0.067712,-0.408029
20.026329,-0.231081,3.212926,3.3887,-0.173959,-0.940273,20.83438,-0.24112,0.435,3.054844,-0.066838,-0.398419
20.051227,-0.232591,3.205806,3.379088,-0.175499,-0.940937,20.857527,-0.241359,0.435,3.058431,-0.066491,-0.391355
20.100777,-0.236694,3.186791,3.354425,-0.179176,-0.943098,20.919179,-0.241996,0.435,3.055505,-0.064177,-0.370007
20.199327,-0.24163,3.162993,3.325422,-0.183192,-0.946754,20.996083,-0.242786,0.435,3.057041,-0.061816,-0.348546
20.306537,-0.24739,3.132115,3.289326,-0.188159,-0.951744,21.09611,-0.243813,0.435,3.059221,-0.061604,-0.344325
20.347905,-0.25009,3.120242,3.275312,-0.190033,-0.953332,21.13459,-0.244208,0.435,3.058334,-0.063232,-0.350688
20.372736,-0.251775,3.113118,3.26686,-0.191096,-0.954521,21.157683,-0.244448,0.435,3.058272,-0.063368,-0.355674
20.430452,-0.255633,3.096473,3.246672,-0.193257,-0.956841,21.211573,-0.244999,0.435,3.056549,-0.062917,-0.367537
20.471262,-0.258288,3.084546,3.231809,-0.194594,-0.957307,21.250066,-0.245391,0.435,3.05633,-0.062083,-0.372992
20.519718,-0.261461,3.070184,3.213892,-0.195943,-0.95956,21.296313,-0.245869,0.435,3.06132,-0.064278,-0.375821
20.5358,-0.262579,3.065386,3.207883,-0.196336,-0.96054,21.311719,-0.246027,0.435,3.055387,-0.064498,-0.37569
20.551867,-0.263735,3.060588,3.20179,-0.196702,-0.960485,21.327108,-0.246185,0.435,3.0539,-0.064256,-0.376338
20.623789,-0.269004,3.038985,3.174306,-0.197859,-0.961694,21.396361,-0.246894,0.435,3.057758,-0.063693,-0.380575
20.67882,-0.272787,3.022119,3.152849,-0.198267,-0.961434,21.450223,-0.247444,0.435,3.051176,-0.062366,-0.374923
20.740541,-0.277156,3.002759,3.128946,-0.198257,-0.961689,21.511642,-0.248073,0.435,3.049796,-0.059727,-0.357722
20.839709,-0.284429,2.971238,3.092872,-0.197273,-0.965356,21.611474,-0.249093,0.435,3.056715,-0.059442,-0.328499
20.877568,-0.286768,2.959076,3.079989,-0.196725,-0.967996,21.649906,-0.249485,0.435,3.058895,-0.06217,-0.317441
20.900071,-0.288005,2.951754,3.072435,-0.196421,-0.968807,21.672971,-0.249721,0.435,3.060636,-0.06225,-0.308654
20.907539,-0.288403,2.94931,3.069951,-0.196336,-0.969199,21.680663,-0.2498,0.435,3.060966,-0.062501,-0.305354
20.951884,-0.290847,2.934598,3.055823,-0.195928,-0.971824,21.726822,-0.250272,0.435,3.064161,-0.063953,-0.280353
20.966538,-0.291764,2.929679,3.051419,-0.195853,-0.973512,21.74221,-0.250429,0.435,3.06518,-0.065051,-0.270729
21.061869,-0.298945,2.897633,3.025754,-0.195158,-0.980288,21.84233,-0.251448,0.435,3.072702,-0.062827,-0.217615
21.076595,-0.300049,2.892705,3.022215,-0.194934,-0.980593,21.857732,-0.251605,0.435,3.072669,-0.062426,-0.211427
21.083955,-0.300585,2.890239,3.020519,-0.194831,-0.981221,21.865432,-0.251683,0.435,3.072422,-0.061962,-0.208373
21.083955,-0.300585,2.890239,3.020519,-0.194831,-0.981221,21.865432,-0.251683,0.435,3.072422,-0.061962,-0.208373
21.157312,-0.305632,2.865567,3.004566,-0.193327,-0.982647,21.942464,-0.25247,0.435,3.075985,-0.059334,-0.177885
21.222875,-0.310384,2.843361,2.992301,-0.191577,-0.982795,22.011881,-0.253175,0.435,3.075526,-0.058394,-0.148023
21.259254,-0.313029,2.831035,2.986358,-0.190429,-0.982791,22.050308,-0.253563,0.435,3.069511,-0.057482,-0.132254
21.28108,-0.31455,2.823642,2.983107,-0.189677,-0.982853,22.073358,-0.253796,0.435,3.070836,-0.056733,-0.123519
21.28108,-0.31455,2.823642,2.983107,-0.189677,-0.982853,22.073358,-0.253796,0.435,3.070836,-0.056733,-0.123519
21.295639,-0.315537,2.818714,2.981046,-0.18914,-0.982962,22.088717,-0.253951,0.435,3.069674,-0.057018,-0.117969
21.324804,-0.317471,2.808859,2.977172,-0.188041,-0.98338,22.119404,-0.254262,0.435,3.069842,-0.056667,-0.108141
21.339409,-0.318455,2.803931,2.975366,-0.187464,-0.983765,22.134765,-0.254417,0.435,3.068457,-0.056883,-0.101744
21.361324,-0.319957,2.796538,2.972802,-0.186581,-0.984384,22.157802,-0.25465,0.435,3.072955,-0.056875,-0.097816
21.375919,-0.320975,2.791607,2.971196,-0.185984,-0.985013,22.173176,-0.254806,0.435,3.072901,-0.057328,-0.093671
21.390483,-0.322004,2.786674,2.969653,-0.185345,-0.985498,22.188549,-0.254959,0.435,3.072859,-0.055846,-0.089129
21.397754,-0.322516,2.784207,2.9689,-0.185029,-0.985449,22.196234,-0.255036,0.435,3.07248,-0.05673,-0.086737
21.412251,-0.323543,2.779269,2.967478,-0.184366,-0.985943,22.211606,-0.255192,0.435,3.073204,-0.057361,-0.081375
21.433917,-0.325056,2.771859,2.965486,-0.183353,-0.986552,22.234659,-0.255425,0.435,3.072931,-0.056865,-0.072202
21.469896,-0.327468,2.759494,2.962667,-0.181581,-0.988443,22.273074,-0.255813,0.435,3.071532,-0.056461,-0.055304
21.505877,-0.329745,2.747112,2.960457,-0.17971,-0.989912,22.311478,-0.2562,0.435,3.070471,-0.057435,-0.038936
21.52752,-0.331115,2.739677,2.959427,-0.178556,-0.990868,22.33451,-0.256432,0.435,3.070216,-0.057417,-0.030168
21.534737,-0.331578,2.737198,2.959135,-0.178156,-0.991141,22.342202,-0.25651,0.435,3.072883,-0.057537,-0.027341
21.549211,-0.332528,2.732239,2.958602,-0.177385,-0.991632,22.357561,-0.256664,0.435,3.071308,-0.057521,-0.022267
21.563696,-0.333509,2.727278,2.958157,-0.176558,-0.992241,22.37294,-0.25682,0.435,3.071631,-0.058089,-0.017453
21.570951,-0.334014,2.724797,2.957957,-0.176153,-0.992624,22.380617,-0.256897,0.435,3.070075,-0.057851,-0.015252
21.570951,-0.334014,2.724797,2.957957,-0.176153,-0.992624,22.380617,-0.256897,0.435,3.070075,-0.057851,-0.015252
21.585454,-0.335031,2.719833,2.957644,-0.175308,-0.993587,22.395965,-0.257052,0.435,3.06925,-0.059143,-0.010761
21.59996,-0.336048,2.714863,2.957388,-0.174463,-0.99452,22.411362,-0.257209,0.435,3.07378,-0.060427,-0.006352
21.59996,-0.336048,2.714863,2.957388,-0.174463,-0.99452,22.411362,-0.257209,0.435,3.07378,-0.060427,-0.006352
21.614453,-0.337035,2.709887,2.957214,-0.173594,-0.995718,22.426715,-0.257363,0.435,3.069735,-0.060241,-0.001717
21.614453,-0.337035,2.709887,2.957214,-0.173594,-0.995718,22.426715,-0.257363,0.435,3.069735,-0.060241,-0.001717
21.628918,-0.337984,2.704909,2.957128,-0.172692,-0.996164,22.442063,-0.257518,0.435,3.069068,-0.06022,0.003332
21.636153,-0.338444,2.702419,2.957105,-0.172227,-0.996252,22.449739,-0.257596,0.435,3.069893,-0.060533,0.00582
21.636153,-0.338444,2.702419,2.957105,-0.172227,-0.996252,22.449739,-0.257596,0.435,3.069893,-0.060533,0.00582
21.650599,-0.339325,2.697438,2.957125,-0.171304,-0.996603,22.465095,-0.25775,0.435,3.071232,-0.060164,0.011178
21.665055,-0.34017,2.692455,2.957213,-0.170354,-0.996964,22.480445,-0.257904,0.435,3.069234,-0.060071,0.016391
21.665055,-0.34017,2.692455,2.957213,-0.170354,-0.996964,22.480445,-0.257904,0.435,3.069234,-0.060071,0.016391
21.665055,-0.34017,2.692455,2.957213,-0.170354,-0.996964,22.480445,-0.257904,0.435,3.069234,-0.060071,0.016391
21.715623,-0.343049,2.675001,2.958215,-0.166978,-0.998563,22.534176,-0.258446,0.435,3.069965,-0.06014,0.035225
21.722844,-0.343473,2.672508,2.958446,-0.166485,-0.998414,22.541852,-0.258524,0.435,3.069761,-0.059999,0.037979
21.74454,-0.344775,2.665025,2.959256,-0.165029,-0.998879,22.564863,-0.258757,0.435,3.0672,-0.05963,0.045774
21.74454,-0.344775,2.665025,2.959256,-0.165029,-0.998879,22.564863,-0.258757,0.435,3.0672,-0.05963,0.045774
21.759021,-0.345666,2.660037,2.959897,-0.164042,-0.999017,22.580203,-0.258912,0.435,3.067134,-0.05915,0.050792
21.7735,-0.346557,2.655048,2.96062,-0.163042,-0.999181,22.595538,-0.259066,0.435,3.066098,-0.059123,0.055855
21.831508,-0.349927,2.635082,2.964308,-0.158971,-1.000099,22.656828,-0.259681,0.435,3.062506,-0.058938,0.075374
21.867773,-0.351834,2.622598,2.967265,-0.156365,-1.000488,22.695157,-0.260067,0.435,3.06574,-0.058857,0.088275
21.904098,-0.353708,2.610112,2.970685,-0.153771,-1.001046,22.733491,-0.260453,0.435,3.06448,-0.059136,0.100728
21.918663,-0.354443,2.605115,2.972197,-0.152746,-1.00119,22.748811,-0.260605,0.435,3.064097,-0.05813,0.105371
21.977051,-0.357459,2.58512,2.978978,-0.14864,-1.002377,22.810137,-0.26122,0.435,3.063803,-0.057745,0.12321
22.093428,-0.364299,2.545133,2.996432,-0.139536,-1.007173,22.932856,-0.262453,0.435,3.06237,-0.054877,0.172524
22.152194,-0.366785,2.525016,3.00734,-0.134559,-1.010577,22.994251,-0.263064,0.435,3.06117,-0.052334,0.192835
22.219151,-0.369537,2.502279,3.020959,-0.129093,-1.014228,23.063282,-0.263755,0.435,3.061658,-0.050837,0.206761
22.256447,-0.371291,2.489639,3.029105,-0.126038,-1.014485,23.101641,-0.264135,0.435,3.061202,-0.05225,0.215053
22.308767,-0.373621,2.471945,3.0411,-0.121688,-1.014537,23.15531,-0.264671,0.435,3.055972,-0.053691,0.227461
22.383913,-0.376514,2.446682,3.059509,-0.115296,-1.013557,23.231962,-0.265436,0.435,3.05636,-0.0546,0.245468
22.421823,-0.377802,2.434049,3.069247,-0.112134,-1.012688,23.270292,-0.265812,0.435,3.05559,-0.053859,0.251907
22.452293,-0.37882,2.423946,3.077191,-0.109657,-1.012293,23.300952,-0.266119,0.435,3.05616,-0.056147,0.256263
22.452293,-0.37882,2.423946,3.077191,-0.109657,-1.012293,23.300952,-0.266119,0.435,3.05616,-0.056147,0.256263
22.551722,-0.381324,2.391137,3.104056,-0.102273,-1.011704,23.400623,-0.267103,0.435,3.054948,-0.053934,0.272951
22.58238,-0.382078,2.381053,3.117105,-0.099299,-1.01156,23.43896,-0.267479,0.435,3.053826,-0.053498,0.281676
22.706011,-0.386634,2.340756,3.149381,-0.092389,-1.011868,23.554034,-0.268621,0.435,3.052145,-0.055984,0.305751
22.753139,-0.388297,2.325608,3.163842,-0.089038,-1.011893,23.600137,-0.269077,0.435,3.056869,-0.057182,0.309993
22.776814,-0.389013,2.318026,3.171093,-0.087303,-1.01245,23.623168,-0.269303,0.435,3.054232,-0.057059,0.311169
22.824171,-0.390211,2.30287,3.185878,-0.083798,-1.012627,23.669308,-0.269757,0.435,3.055508,-0.058612,0.316703
22.887448,-0.391465,2.282666,3.205919,-0.079259,-1.013701,23.730684,-0.270365,0.435,3.049452,-0.059902,0.326746
23.024634,-0.394083,2.239573,3.249804,-0.070542,-1.013742,23.86105,-0.271652,0.435,3.049561,-0.059527,0.327545
23.105893,-0.395445,2.214291,3.275987,-0.065913,-1.011549,23.93005,-0.272332,0.435,3.048547,-0.058836,0.33234
23.195488,-0.397859,2.186612,3.305461,-0.060727,-1.0104,24.022072,-0.273241,0.435,3.048238,-0.055757,0.347893
23.228059,-0.399054,2.176576,3.316248,-0.058609,-1.012502,24.052771,-0.273544,0.435,3.049542,-0.052921,0.356763
23.252559,-0.399868,2.169026,3.324314,-0.056931,-1.015741,24.07581,-0.27377,0.435,3.05058,-0.04795,0.363426
23.334955,-0.401304,2.143667,3.352836,-0.050619,-1.021389,24.152665,-0.274527,0.435,3.051268,-0.045681,0.381108
23.410259,-0.402013,2.12073,3.380019,-0.044805,-1.02126,24.221882,-0.275204,0.435,3.051705,-0.04871,0.388561
23.435664,-0.402379,2.113076,3.389306,-0.042905,-1.020102,24.244956,-0.275433,0.435,3.051297,-0.051076,0.388641
23.452697,-0.402636,2.107972,3.395514,-0.041645,-1.019213,24.260337,-0.275584,0.435,3.051234,-0.051499,0.387618
23.573591,-0.403984,2.072243,3.438026,-0.032644,-1.013646,24.36801,-0.276637,0.435,3.053191,-0.056277,0.367772
23.573591,-0.403984,2.072243,3.438026,-0.032644,-1.013646,24.36801,-0.276637,0.435,3.053191,-0.056277,0.367772
23.687859,-0.405956,2.039242,3.475136,-0.023524,-1.006858,24.467892,-0.277608,0.435,3.052485,-0.061924,0.337533
23.732087,-0.406485,2.026588,3.488303,-0.019737,-1.006987,24.506281,-0.27798,0.435,3.053347,-0.065796,0.326573
23.732087,-0.406485,2.026588,3.488303,-0.019737,-1.006987,24.506281,-0.27798,0.435,3.053347,-0.065796,0.326573
23.802756,-0.406312,2.006395,3.50894,-0.013547,-1.003745,24.567721,-0.278576,0.435,3.0548,-0.066187,0.316113
23.802756,-0.406312,2.006395,3.50894,-0.013547,-1.003745,24.567721,-0.278576,0.435,3.0548,-0.066187,0.316113
23.846886,-0.405965,1.993803,3.521146,-0.009981,-1.005478,24.606134,-0.278949,0.435,3.054586,-0.069252,0.313346
23.873449,-0.405835,1.98119,3.533118,-0.006655,-1.007502,24.644569,-0.27932,0.435,3.056922,-0.073087,0.309899
23.909061,-0.405791,1.976135,3.537947,-0.005362,-1.00759,24.659969,-0.279471,0.435,3.064657,-0.073914,0.308238
23.918014,-0.4058,1.973606,3.540345,-0.004705,-1.007339,24.667663,-0.279545,0.435,3.061261,-0.07371,0.306276
23.963047,-0.405925,1.96096,3.552222,-0.001476,-1.006291,24.706199,-0.279919,0.435,3.062435,-0.074385,0.29537
23.981159,-0.40596,1.955898,3.556797,-0.000211,-1.006484,24.721583,-0.280066,0.435,3.062146,-0.075088,0.290017
24.017481,-0.405856,1.943237,3.568032,0.002964,-1.005529,24.760074,-0.280442,0.435,3.071863,-0.076392,0.276945
24.081307,-0.405409,1.928081,3.580985,0.006744,-1.001778,24.806264,-0.28089,0.435,3.062984,-0.072334,0.25874
24.117997,-0.405073,1.918008,3.589161,0.009158,-0.998853,24.836964,-0.281187,0.435,3.058575,-0.07003,0.245231
24.136389,-0.404927,1.912984,3.593111,0.010314,-0.99708,24.852311,-0.281338,0.435,3.059978,-0.069804,0.238487
24.154813,-0.4048,1.907969,3.596954,0.011463,-0.995526,24.867663,-0.281488,0.435,3.061408,-0.068807,0.231573
24.173274,-0.404699,1.902962,3.60065,0.012587,-0.993796,24.883012,-0.281635,0.435,3.0613,-0.067791,0.22424
24.201036,-0.404578,1.895468,3.605978,0.014226,-0.991311,24.906037,-0.281857,0.435,3.062181,-0.066998,0.212707
24.275438,-0.40402,1.875566,3.618743,0.018389,-0.985119,24.967401,-0.282451,0.435,3.060107,-0.065399,0.178765
24.397074,-0.402802,1.843529,3.634526,0.024577,-0.975348,25.067111,-0.283413,0.435,3.065395,-0.063199,0.12004
24.500314,-0.401709,1.816705,3.642973,0.029131,-0.968824,25.151502,-0.284227,0.435,3.066679,-0.062325,0.074861
24.556733,-0.401066,1.802167,3.645651,0.031373,-0.965655,25.197555,-0.284669,0.435,3.068333,-0.061929,0.042749
24.735327,-0.398843,1.756503,3.645417,0.037543,-0.958158,25.34356,-0.286073,0.435,3.078925,-0.061757,-0.042256
24.829556,-0.397649,1.732667,3.639899,0.040163,-0.954514,25.420384,-0.286809,0.435,3.069439,-0.062072,-0.092053
25.183794,-0.388965,1.643062,3.583913,0.039148,-0.944826,25.711942,-0.289577,0.435,3.059844,-0.065002,-0.261404
25.320765,-0.385632,1.608065,3.548698,0.031838,-0.940397,25.827056,-0.290668,0.435,3.051839,-0.067642,-0.31229
25.482493,-0.38338,1.56621,3.499066,0.019199,-0.937614,25.964982,-0.291967,0.435,3.033568,-0.071142,-0.360943
25.597556,-0.384186,1.535986,3.459053,0.009916,-0.936877,26.064409,-0.292912,0.435,3.037626,-0.070117,-0.394206
25.684559,-0.384834,1.512658,3.426484,0.004178,-0.937921,26.141024,-0.293638,0.435,3.03708,-0.070919,-0.409836
25.73585,-0.385013,1.498576,3.406772,0.001216,-0.940175,26.187012,-0.294074,0.435,3.037757,-0.069261,-0.411258
25.828518,-0.386681,1.47261,3.3704,-0.003137,-0.942254,26.27132,-0.294873,0.435,3.038061,-0.062078,-0.403739
25.878568,-0.387598,1.458418,3.350839,-0.004597,-0.942727,26.317273,-0.295309,0.435,3.035995,-0.060379,-0.399299
25.968644,-0.389728,1.43228,3.316011,-0.005304,-0.943146,26.401444,-0.296101,0.435,3.036419,-0.051768,-0.376906
26.040781,-0.392484,1.410791,3.290121,-0.003407,-0.948908,26.470278,-0.296748,0.435,3.039272,-0.036345,-0.340322
26.056749,-0.393012,1.405996,3.28483,-0.002668,-0.951193,26.485559,-0.296892,0.435,3.037286,-0.033148,-0.332814
26.096681,-0.39399,1.393971,3.271956,-0.00027,-0.956946,26.523746,-0.29725,0.435,3.038922,-0.026051,-0.316704
26.136746,-0.39443,1.381939,3.259202,0.002738,-0.957724,26.561937,-0.297609,0.435,3.0404,-0.026873,-0.305199
26.144779,-0.394477,1.379535,3.256686,0.003402,-0.957875,26.569575,-0.29768,0.435,3.040032,-0.027938,-0.303453
26.160858,-0.394518,1.374727,3.251772,0.004703,-0.958518,26.58485,-0.297825,0.435,3.039896,-0.028119,-0.300516
26.184981,-0.394569,1.367509,3.244606,0.006729,-0.960467,26.607767,-0.298037,0.435,3.040527,-0.025819,-0.296935
26.209054,-0.394653,1.360274,3.23758,0.008803,-0.962886,26.630665,-0.298251,0.435,3.039602,-0.025212,-0.293277
26.233033,-0.394777,1.353026,3.23053,0.010976,-0.96402,26.653587,-0.298464,0.435,3.042833,-0.025571,-0.289352
26.264848,-0.394904,1.343353,3.221207,0.013946,-0.964425,26.684152,-0.298748,0.435,3.043096,-0.026783,-0.282574
26.312372,-0.394689,1.328827,3.207507,0.018555,-0.964186,26.729994,-0.299174,0.435,3.043561,-0.029636,-0.27194
26.344001,-0.394254,1.319149,3.198588,0.021631,-0.963356,26.760551,-0.299458,0.435,3.043868,-0.031735,-0.265753
26.359795,-0.393998,1.314312,3.194248,0.023138,-0.963396,26.775829,-0.2996,0.435,3.044016,-0.032266,-0.262863
26.391334,-0.393518,1.304645,3.18566,0.026111,-0.963184,26.806384,-0.299884,0.435,3.044327,-0.034125,-0.254775
26.461992,-0.392719,1.280511,3.164978,0.033223,-0.962135,26.882769,-0.300596,0.435,3.045508,-0.037842,-0.245027
26.508708,-0.392084,1.268438,3.155114,0.036632,-0.961587,26.920961,-0.300952,0.435,3.046363,-0.039567,-0.234245
26.516458,-0.391922,1.266022,3.153197,0.037314,-0.961509,26.928599,-0.301023,0.435,3.046244,-0.039942,-0.232113
26.555141,-0.390796,1.251528,3.141979,0.041212,-0.961313,26.974433,-0.301449,0.435,3.048606,-0.04176,-0.21954
26.578271,-0.390414,1.246697,3.138384,0.042437,-0.96129,26.989713,-0.301594,0.435,3.048583,-0.042935,-0.215096
26.593667,-0.39005,1.241865,3.134877,0.043605,-0.961645,27.004998,-0.301737,0.435,3.049932,-0.042438,-0.210676
26.601363,-0.389875,1.23945,3.133141,0.044197,-0.961694,27.012642,-0.301806,0.435,3.050276,-0.042003,-0.208513
26.616741,-0.389533,1.23462,3.12972,0.045302,-0.961871,27.027924,-0.301948,0.435,3.048626,-0.043611,-0.204066
26.639783,-0.389037,1.227374,3.124737,0.04693,-0.962185,27.050835,-0.302163,0.435,3.047922,-0.043444,-0.197575
26.647447,-0.388875,1.224958,3.123127,0.047473,-0.962298,27.058474,-0.302234,0.435,3.048821,-0.044043,-0.195377
26.723856,-0.386992,1.200778,3.107893,0.052294,-0.963992,27.134781,-0.302947,0.435,3.047338,-0.046221,-0.172251
26.784558,-0.38518,1.181401,3.097108,0.05553,-0.965439,27.195827,-0.303517,0.435,3.050193,-0.047672,-0.151303
26.82225,-0.383989,1.169271,3.091117,0.057155,-0.966678,27.233988,-0.303872,0.435,3.050976,-0.049021,-0.135896
26.852271,-0.382927,1.159558,3.08677,0.058238,-0.967635,27.264526,-0.304159,0.435,3.051389,-0.05027,-0.122273
26.882258,-0.381858,1.149835,3.082831,0.0591,-0.969153,27.295066,-0.304442,0.435,3.051923,-0.051853,-0.10875
26.904776,-0.381127,1.142538,3.08012,0.059619,-0.97007,27.317976,-0.304656,0.435,3.052342,-0.052337,-0.099453
26.972587,-0.379354,1.120647,3.073187,0.060695,-0.971939,27.386734,-0.305295,0.435,3.053649,-0.053841,-0.07738
27.048059,-0.37718,1.096299,3.067213,0.061182,-0.973143,27.463203,-0.306004,0.435,3.055679,-0.053698,-0.057321
27.078216,-0.376237,1.086559,3.065272,0.061144,-0.97318,27.493766,-0.306289,0.435,3.057121,-0.054122,-0.049386
27.115929,-0.375169,1.074383,3.063149,0.060953,-0.973616,27.532039,-0.306639,0.435,3.063593,-0.054153,-0.040205
27.153741,-0.374211,1.062211,3.061382,0.060539,-0.973195,27.570303,-0.306989,0.435,3.060794,-0.054018,-0.03283
27.161315,-0.374035,1.059777,3.061059,0.060451,-0.973303,27.577954,-0.307062,0.435,3.060254,-0.054884,-0.031584
27.184011,-0.373493,1.052472,3.060193,0.060133,-0.973776,27.600903,-0.307274,0.435,3.057341,-0.054452,-0.027489
27.206652,-0.372944,1.045166,3.059448,0.059771,-0.973708,27.623797,-0.307488,0.435,3.050953,-0.054833,-0.022597
27.214183,-0.372759,1.042731,3.059217,0.059636,-0.973787,27.631424,-0.307557,0.435,3.050525,-0.053997,-0.020767
27.229214,-0.372368,1.037862,3.058821,0.059356,-0.973513,27.646676,-0.307697,0.435,3.049757,-0.054761,-0.016596
27.319215,-0.370032,1.008665,3.057765,0.057257,-0.972805,27.738181,-0.308538,0.435,3.048997,-0.054632,0.010794
27.356845,-0.369173,0.996515,3.058048,0.056159,-0.972002,27.776335,-0.308888,0.435,3.052578,-0.054375,0.020151
27.424734,-0.367608,0.974673,3.059472,0.053885,-0.970582,27.845026,-0.309515,0.435,3.0529,-0.054235,0.034858
27.523758,-0.366187,0.943138,3.06287,0.050446,-0.970488,27.944305,-0.310421,0.435,3.052915,-0.054164,0.042126
27.631279,-0.36475,0.909103,3.066656,0.047344,-0.973841,28.051233,-0.3114,0.435,3.054137,-0.053736,0.038203
27.715792,-0.363731,0.88227,3.069387,0.045204,-0.977097,28.135253,-0.312163,0.435,3.057183,-0.053768,0.036028
27.746582,-0.363395,0.872491,3.070323,0.044495,-0.978202,28.165801,-0.312445,0.435,3.050533,-0.053694,0.034514
27.785094,-0.362923,0.860251,3.071422,0.043689,-0.979703,28.20388,-0.312794,0.435,3.045254,-0.053429,0.032496
27.846714,-0.362126,0.840632,3.073061,0.042481,-0.981661,28.264708,-0.313347,0.435,3.045087,-0.053226,0.02978
27.916068,-0.361357,0.818521,3.074681,0.041253,-0.983239,28.333258,-0.313969,0.435,3.04771,-0.05221,0.026799
27.954617,-0.360917,0.806226,3.075507,0.040631,-0.983676,28.371342,-0.31432,0.435,3.045265,-0.052642,0.025052
27.977748,-0.360644,0.798846,3.075973,0.040281,-0.983943,28.394187,-0.314528,0.435,3.045404,-0.052715,0.02407
28.209173,-0.358057,0.724997,3.079292,0.037473,-0.984551,28.622663,-0.316592,0.435,3.045372,-0.051467,0.014865
28.278615,-0.357298,0.702845,3.079897,0.036844,-0.984265,28.691303,-0.317206,0.435,3.051327,-0.051645,0.012519
28.402066,-0.35597,0.663489,3.080541,0.035927,-0.983394,28.813126,-0.318302,0.435,3.042386,-0.051334,0.008703
28.425211,-0.355721,0.656115,3.080606,0.035781,-0.983158,28.835944,-0.318504,0.435,3.042006,-0.051036,0.008224
28.479207,-0.355148,0.638915,3.080723,0.035481,-0.982511,28.889194,-0.318981,0.435,3.042096,-0.050607,0.006736
28.540917,-0.354491,0.619272,3.080734,0.035179,-0.981917,28.950032,-0.319517,0.435,3.042207,-0.051118,0.00524
28.57947,-0.354085,0.607,3.08073,0.035021,-0.981647,28.988062,-0.31985,0.435,3.042246,-0.049622,0.004554
28.64887,-0.353343,0.584916,3.080599,0.03477,-0.981427,29.056549,-0.320455,0.435,3.043774,-0.050141,0.003217
28.741389,-0.352363,0.555479,3.080294,0.034515,-0.981082,29.14793,-0.321264,0.435,3.043141,-0.050215,0.001559
28.849283,-0.351222,0.521147,3.079774,0.034335,-0.980735,29.254446,-0.322204,0.435,3.042169,-0.050427,0.000161
28.995656,-0.349664,0.474582,3.078812,0.034234,-0.980122,29.398608,-0.323476,0.435,3.028918,-0.049277,-0.001569
29.01876,-0.349416,0.467232,3.078636,0.034237,-0.979973,29.421355,-0.323676,0.435,3.033854,-0.04928,-0.001796
29.064957,-0.348933,0.452536,3.078279,0.034259,-0.979679,29.466884,-0.324078,0.435,3.035985,-0.050001,-0.002123
29.118849,-0.348347,0.435395,3.077832,0.034289,-0.979412,29.52003,-0.324544,0.435,3.037582,-0.049126,-0.002543
29.1645,-0.348746,0.435841,3.039409,-0.025818,-0.0049,29.565818,-0.325033,0.435,3.052079,-0.049152,-0.002004
29.240566,-0.349439,0.435751,3.041309,-0.025884,0.007177,29.642007,-0.325655,0.435,3.042735,-0.049931,-0.002522
29.270975,-0.349709,0.435717,3.040837,-0.026028,-0.012033,29.672429,-0.325927,0.435,3.039475,-0.048099,-0.002503
29.31657,-0.350105,0.435742,3.039446,-0.01997,-0.006221,29.718029,-0.326338,0.435,3.036595,-0.048942,-0.002224
29.339384,-0.350298,0.435797,3.041067,-0.028077,0.00877,29.740812,-0.326533,0.435,3.035856,-0.048377,-0.001465
29.392586,-0.35078,0.435843,3.051305,-0.028626,0.015171,29.793954,-0.327015,0.435,3.037895,-0.048182,-0.000408
29.438218,-0.3512,0.435943,3.037178,-0.029737,-0.006739,29.847095,-0.327498,0.435,3.038052,-0.047905,0.000193
29.506382,-0.351819,0.435653,3.021908,-0.028892,-0.045574,29.907719,-0.328034,0.435,3.022653,-0.04727,-0.000783
29.566842,-0.352423,0.435811,3.02337,-0.024083,0.006311,29.975737,-0.328644,0.435,3.023049,-0.048003,-0.001133
29.612174,-0.352766,0.435808,3.020143,-0.028802,-0.003882,30.013489,-0.328979,0.435,3.021739,-0.047907,-0.001081
29.657513,-0.353163,0.435723,3.025468,-0.02694,-0.023209,30.058768,-0.329391,0.435,3.017856,-0.047805,-0.000326
29.687733,-0.353389,0.435733,3.022691,-0.023254,-0.036431,30.081411,-0.329576,0.435,3.020976,-0.042882,-0.000127
29.770813,-0.354104,0.435745,3.020901,-0.027321,-0.024319,30.17207,-0.330365,0.435,3.022889,-0.046731,-0.000133
29.869035,-0.354899,0.435825,3.02266,-0.02648,0.011132,30.285522,-0.331313,0.435,3.019226,-0.046566,-0.000215
29.944599,-0.355579,0.435859,3.022637,-0.028895,0.008775,30.346033,-0.331853,0.435,3.022593,-0.046344,-3.2E-05
30.020065,-0.356257,0.435858,3.01142,-0.032198,0.002922,30.421501,-0.332528,0.435,3.012402,-0.046474,-2.3E-05
30.080282,-0.356811,0.435748,3.006359,-0.026929,-0.023318,30.481644,-0.333061,0.435,3.008091,-0.045907,-9.7E-05
30.155474,-0.357463,0.435857,3.011235,-0.027042,0.005003,30.556841,-0.333713,0.435,3.010007,-0.047187,-0.000215
30.260815,-0.358457,0.435721,3.007898,-0.028843,-0.036472,30.662198,-0.334653,0.435,3.008928,-0.045374,-0.000353
30.305956,-0.358868,0.435832,3.011927,-0.032051,-0.009303,30.707327,-0.335052,0.435,3.007707,-0.047079,-0.000206
30.343617,-0.3592,0.435764,3.003638,-0.040479,-0.021465,30.744978,-0.335377,0.435,3.014989,-0.044745,-0.000729
30.381221,-0.359552,0.435864,3.010365,-0.026854,0.008902,30.782589,-0.335716,0.435,3.008647,-0.045194,-2.7E-05
30.411316,-0.359826,0.435863,3.009024,-0.024083,0.008491,30.812685,-0.335982,0.435,3.009881,-0.045584,-5.6E-05
30.539466,-0.361016,0.435819,3.013472,-0.033766,-0.01405,30.940899,-0.33713,0.435,3.019208,-0.044139,-0.000298
30.652291,-0.361998,0.435837,3.007124,-0.031761,-0.010533,31.053707,-0.338132,0.435,3.007513,-0.044202,-0.000193
30.764994,-0.362961,0.435845,3.003586,-0.021285,0.009832,31.166437,-0.339094,0.435,3.007396,-0.041596,-0.000489
30.810066,-0.363318,0.435818,3.004726,-0.022259,-0.00984,31.211525,-0.339456,0.435,3.006233,-0.042224,-0.000513
30.847645,-0.363619,0.435822,3.006127,-0.02236,-0.009862,31.249108,-0.339758,0.435,3.007677,-0.042097,-0.000447
30.96801,-0.364637,0.435813,3.00934,-0.028213,-0.015498,31.369555,-0.340753,0.435,3.009068,-0.042225,-0.000445
31.095983,-0.365766,0.435855,3.01016,-0.025781,0.002661,31.497599,-0.341856,0.435,3.011554,-0.042821,-6E-05
