-7.922554,0.06348,9.509033,0.003343,0.003962,-0.0003,-0.012226,0.004224,0.435,0.313913,0.01524,0.000579
-7.922944,0.063274,9.509031,0.003637,0.004076,-0.000273,-0.008845,0.004406,0.435,0.357284,0.01772,0.001464
-7.923662,0.062711,9.509034,0.00432,0.004418,-0.000794,-0.004129,0.004652,0.435,0.381667,0.018606,0.003133
-7.924011,0.06244,9.509034,0.00473,0.004641,-0.000869,-0.002024,0.004767,0.435,0.4264,0.021967,0.004358
-7.925252,0.061896,9.509019,0.006536,0.005568,-0.003025,0.004775,0.005138,0.435,0.4832,0.02432,0.00832
-7.925973,0.061881,9.509011,0.007833,0.006157,-0.003138,0.008488,0.005345,0.435,0.512659,0.025821,0.010887
-7.928664,0.062622,9.508971,0.014228,0.008143,-0.007388,0.022383,0.005949,0.435,0.612705,0.028292,0.022268
-7.930717,0.062377,9.508861,0.021956,0.009699,-0.011752,0.035189,0.006658,0.435,0.671778,0.032536,0.032897
-7.931579,0.061867,9.508801,0.02676,0.010675,-0.012487,0.042018,0.007043,0.435,0.707253,0.032652,0.038808
-7.932833,0.060932,9.508692,0.036533,0.013048,-0.01356,0.055151,0.007828,0.435,0.775518,0.037886,0.050151
-7.93474,0.057108,9.508506,0.073067,0.026375,-0.013715,0.098943,0.010439,0.435,0.96379,0.046871,0.087171
-7.934572,0.054856,9.508485,0.09542,0.038236,-0.014765,0.124436,0.012015,0.435,1.051755,0.042796,0.106741
-7.93422,0.054311,9.508456,0.107534,0.045502,-0.015343,0.138049,0.012908,0.435,1.103839,0.049049,0.118163
-7.933654,0.054046,9.508409,0.120199,0.053415,-0.016232,0.152261,0.013848,0.435,1.154187,0.046976,0.129042
-7.933217,0.054015,9.508371,0.128034,0.058428,-0.016936,0.161083,0.014448,0.435,1.17921,0.048649,0.135273
-7.931198,0.054812,9.508151,0.155428,0.076094,-0.020036,0.191924,0.016566,0.435,1.258546,0.048954,0.155164
-7.928957,0.056696,9.507841,0.178656,0.090628,-0.023067,0.217932,0.01842,0.435,1.311558,0.040391,0.168847
-7.926569,0.05902,9.507484,0.199858,0.103062,-0.026035,0.241353,0.019932,0.435,1.352914,0.053108,0.181617
-7.924594,0.060945,9.507186,0.215513,0.111587,-0.028171,0.258609,0.021461,0.435,1.377058,0.050888,0.189992
-7.920965,0.064468,9.506637,0.241302,0.12441,-0.032045,0.286568,0.023337,0.435,1.392627,0.054344,0.198076
-7.919445,0.065782,9.506415,0.251229,0.128981,-0.033396,0.297164,0.024171,0.435,1.404382,0.055598,0.202165
-7.916709,0.067891,9.506029,0.268057,0.136318,-0.035626,0.31507,0.025611,0.435,1.43242,0.057925,0.210124
-7.914955,0.069153,9.505786,0.278304,0.140565,-0.037018,0.325987,0.026506,0.435,1.447766,0.059587,0.214707
-7.913739,0.070013,9.505618,0.2852,0.143348,-0.037882,0.333339,0.027116,0.435,1.458154,0.059322,0.217712
-7.912484,0.070892,9.505445,0.292154,0.146084,-0.038803,0.340826,0.027691,0.435,1.486675,0.039972,0.222431
-7.906346,0.074973,9.50461,0.324044,0.15798,-0.042936,0.375863,0.030508,0.435,1.588429,0.063458,0.246147
-7.899396,0.079103,9.50368,0.356795,0.169266,-0.047417,0.413245,0.033729,0.435,1.694005,0.065179,0.268219
-7.897742,0.079952,9.503463,0.364176,0.171734,-0.048448,0.421845,0.034464,0.435,1.703763,0.062984,0.271125
-7.896898,0.080359,9.503354,0.367887,0.172971,-0.04895,0.426199,0.034842,0.435,1.725214,0.06474,0.275321
-7.885967,0.085145,9.501792,0.416657,0.189228,-0.057501,0.48444,0.039841,0.435,1.805639,0.057028,0.297225
-7.875809,0.090763,9.500493,0.451305,0.200502,-0.063285,0.525755,0.043406,0.435,1.822878,0.054436,0.305524
-7.868087,0.095005,9.49938,0.478667,0.208779,-0.067997,0.558113,0.046146,0.435,1.828885,0.045972,0.310142
-7.865779,0.096173,9.49905,0.486579,0.211054,-0.069194,0.567376,0.04694,0.435,1.832356,0.050727,0.311973
-7.854877,0.101902,9.497451,0.522323,0.220584,-0.075857,0.609136,0.050459,0.435,1.835296,0.046313,0.316517
-7.84849,0.105742,9.49649,0.542537,0.225318,-0.078837,0.632398,0.052419,0.435,1.837,0.043081,0.318749
-7.83491,0.113514,9.494411,0.58298,0.233013,-0.087724,0.678886,0.056316,0.435,1.836697,0.044269,0.322335
-7.826206,0.117691,9.493088,0.607734,0.236607,-0.092005,0.706837,0.05857,0.435,1.844416,0.042994,0.325681
-7.820191,0.120514,9.492171,0.624422,0.238699,-0.094472,0.725475,0.060127,0.435,1.839759,0.034991,0.326063
-7.810867,0.124783,9.490753,0.649516,0.24147,-0.098717,0.753501,0.062275,0.435,1.844888,0.032067,0.32902
-7.80113,0.128839,9.489278,0.674907,0.243837,-0.102352,0.781468,0.064588,0.435,1.840159,0.040729,0.330149
-7.787507,0.134205,9.487221,0.70906,0.24649,-0.106931,0.819109,0.067568,0.435,1.863175,0.036151,0.336482
-7.780443,0.136931,9.486158,0.726215,0.247629,-0.109319,0.837887,0.06905,0.435,1.851406,0.022322,0.33548
-7.773208,0.139704,9.48507,0.743411,0.248653,-0.111874,0.856524,0.070587,0.435,1.848718,0.04037,0.33608
-7.762024,0.143823,9.48339,0.769279,0.249945,-0.11597,0.884487,0.072978,0.435,1.840424,0.041626,0.336162
-7.717563,0.159377,9.476643,0.86486,0.25225,-0.132887,0.98736,0.081422,0.435,1.851008,0.024567,0.342769
-7.711113,0.161886,9.475656,0.878009,0.252074,-0.135326,1.001447,0.082625,0.435,1.851358,0.049061,0.342982
-7.706756,0.163605,9.474988,0.886784,0.251841,-0.13697,1.010823,0.083415,0.435,1.850619,0.048219,0.34312
-7.702365,0.165328,9.474313,0.8955,0.251518,-0.138981,1.020204,0.084255,0.435,1.851579,0.050672,0.343599
-7.700146,0.1662,9.473971,0.89987,0.251315,-0.140026,1.024885,0.084627,0.435,1.846319,0.031664,0.343158
-7.697923,0.16706,9.473627,0.904157,0.251111,-0.141523,1.029566,0.084998,0.435,1.846293,0.031749,0.343341
-7.695688,0.167907,9.47328,0.908536,0.250843,-0.142442,1.034261,0.085371,0.435,1.85551,0.033559,0.34521
-7.693431,0.168751,9.472929,0.912881,0.250572,-0.143625,1.038965,0.085746,0.435,1.85552,0.033258,0.345311
-7.691169,0.169581,9.472577,0.917335,0.250279,-0.144333,1.043672,0.086133,0.435,1.859287,0.037373,0.346057
-7.688897,0.170388,9.472222,0.921669,0.24995,-0.145539,1.048384,0.08655,0.435,1.859358,0.050193,0.34588
-7.679653,0.173462,9.470773,0.939357,0.248435,-0.149635,1.071942,0.088587,0.435,1.859081,0.050477,0.346243
-7.67496,0.174902,9.470034,0.948233,0.24757,-0.150606,1.076637,0.089008,0.435,1.852876,0.052666,0.345114
-7.670212,0.176284,9.469282,0.957106,0.246649,-0.152342,1.086021,0.089839,0.435,1.849426,0.052409,0.344609
-7.645794,0.182678,9.465381,1.001527,0.24158,-0.161223,1.132755,0.093954,0.435,1.840122,0.046529,0.343969
-7.630586,0.186089,9.462923,1.028277,0.238492,-0.166382,1.160621,0.096354,0.435,1.83014,0.038164,0.342985
-7.612302,0.189639,9.459934,1.059265,0.235162,-0.173695,1.193279,0.099286,0.435,1.838004,0.049654,0.344731
-7.606978,0.190672,9.459058,1.068187,0.234262,-0.17548,1.202573,0.100131,0.435,1.833584,0.049332,0.344076
-7.598906,0.192265,9.457727,1.081552,0.23299,-0.178201,1.21651,0.101406,0.435,1.836319,0.051128,0.344725
-7.565581,0.198125,9.452161,1.134808,0.228864,-0.190173,1.272426,0.106592,0.435,1.844646,0.04444,0.347303
-7.545354,0.200882,9.448746,1.165886,0.227419,-0.196855,1.305012,0.109643,0.435,1.834002,0.051288,0.345515
-7.52757,0.203073,9.445725,1.192408,0.227009,-0.202978,1.332977,0.112091,0.435,1.836568,0.031875,0.346698
-7.49086,0.208469,9.439428,1.245351,0.228319,-0.21504,1.389686,0.116975,0.435,1.894069,0.035878,0.357971
-7.452623,0.215005,9.432775,1.298105,0.231121,-0.227565,1.446139,0.121882,0.435,1.844786,0.026414,0.348795
-7.43622,0.217711,9.429885,1.31997,0.232493,-0.233423,1.470095,0.124128,0.435,1.913501,0.049952,0.361764
-7.409355,0.221447,9.42512,1.354911,0.235142,-0.242641,1.508053,0.12774,0.435,1.841807,0.022987,0.348372
-7.360609,0.22795,9.416344,1.416016,0.242027,-0.257936,1.574777,0.134122,0.435,1.885184,0.043949,0.356696
-7.331771,0.231598,9.4111,1.450733,0.247446,-0.266866,1.612948,0.137893,0.435,1.88527,0.035162,0.356616
-7.294757,0.236403,9.404305,1.493998,0.255947,-0.277828,1.660755,0.142552,0.435,1.877068,0.015871,0.354642
-7.287217,0.237331,9.402916,1.502641,0.257884,-0.279964,1.670372,0.143452,0.435,1.901594,0.018593,0.359318
-7.283429,0.237798,9.402217,1.506943,0.258867,-0.28109,1.675145,0.1439,0.435,1.883756,0.021068,0.355999
-7.27963,0.238269,9.401514,1.511171,0.259866,-0.282599,1.679907,0.144332,0.435,1.879323,0.014037,0.354924
-7.272002,0.239245,9.400101,1.519775,0.261932,-0.284797,1.689434,0.145305,0.435,1.873288,0.035545,0.354381
-7.264334,0.240276,9.398674,1.528333,0.26407,-0.28721,1.698992,0.146305,0.435,1.890114,0.038754,0.357602
-7.260488,0.240818,9.397956,1.532618,0.265155,-0.288348,1.703787,0.14681,0.435,1.894618,0.039443,0.358461
-7.256632,0.241376,9.397235,1.53693,0.266268,-0.289378,1.708594,0.147318,0.435,1.899366,0.040224,0.359367
-7.241119,0.243769,9.394322,1.554114,0.270863,-0.293685,1.727408,0.149151,0.435,1.845471,0.009635,0.348134
-7.233304,0.245048,9.392847,1.562687,0.273207,-0.295877,1.736754,0.150093,0.435,1.87286,0.040748,0.354359
-7.197637,0.251312,9.386058,1.601152,0.283973,-0.306209,1.779394,0.154594,0.435,1.860388,0.031802,0.351554
-7.136178,0.26134,9.374234,1.664986,0.302547,-0.324266,1.84439,0.161247,0.435,1.836317,0.024049,0.346428
-7.115106,0.264307,9.370165,1.686024,0.309271,-0.331018,1.872079,0.164027,0.435,1.820484,0.014941,0.34302
-7.080868,0.269468,9.363475,1.71969,0.320965,-0.341443,1.909134,0.16763,0.435,1.84784,0.008964,0.347775
-7.080868,0.269468,9.363475,1.71969,0.320965,-0.341443,1.909134,0.16763,0.435,1.84784,0.008964,0.347775
-7.080868,0.269468,9.363475,1.71969,0.320965,-0.341443,1.909134,0.16763,0.435,1.84784,0.008964,0.347775
-7.080868,0.269468,9.363475,1.71969,0.320965,-0.341443,1.909134,0.16763,0.435,1.84784,0.008964,0.347775
-7.019245,0.280314,9.351143,1.777755,0.34316,-0.362181,1.975877,0.1745,0.435,1.915662,0.015618,0.358961
-7.014734,0.281063,9.350232,1.781865,0.344812,-0.363692,1.980768,0.174985,0.435,1.932383,0.007303,0.360749
-7.010211,0.28181,9.349317,1.786051,0.346481,-0.364861,1.985625,0.175464,0.435,1.930769,0.006023,0.359949
-7.001136,0.283321,9.347476,1.794162,0.349795,-0.368341,1.995175,0.176429,0.435,1.904494,0.004088,0.354081
-6.992034,0.284867,9.345618,1.80219,0.353082,-0.372333,2.004446,0.17734,0.435,1.850893,-0.003349,0.342998
-6.982912,0.286478,9.343743,1.810315,0.356489,-0.375543,2.013698,0.178238,0.435,1.834269,0.000422,0.339568
-6.955438,0.291823,9.338023,1.834916,0.366947,-0.383444,2.041816,0.181154,0.435,1.901262,0.007914,0.351522
-6.909064,0.301577,9.328222,1.875691,0.384423,-0.397299,2.089001,0.186355,0.435,1.819465,0.009215,0.336771
-6.856809,0.312707,9.317068,1.920874,0.403353,-0.410759,2.14035,0.192252,0.435,1.809385,0.025096,0.335538
-6.803519,0.326288,9.305487,1.966431,0.420935,-0.42294,2.186915,0.197619,0.435,1.83524,0.050179,0.341
-6.733965,0.345479,9.290238,2.024607,0.438141,-0.439452,2.255925,0.205811,0.435,1.810043,0.030856,0.334312
-6.677847,0.360705,9.277879,2.070373,0.446744,-0.454021,2.306146,0.21201,0.435,1.800681,0.049219,0.331709
-6.599025,0.379511,9.260345,2.131773,0.453523,-0.481213,2.36978,0.219926,0.435,1.829539,0.038442,0.335642
-6.561192,0.389286,9.25173,2.160335,0.45512,-0.493766,2.406009,0.224317,0.435,1.790548,0.057091,0.323783
-6.494357,0.40693,9.236433,2.208912,0.454042,-0.512327,2.460724,0.230846,0.435,1.826078,0.065636,0.313438
-6.494357,0.40693,9.236433,2.208912,0.454042,-0.512327,2.460724,0.230846,0.435,1.826078,0.065636,0.313438
-6.364618,0.437886,9.206349,2.301178,0.438304,-0.53868,2.570083,0.244604,0.435,1.911105,0.081782,0.321249
-6.248128,0.463464,9.179163,2.382639,0.412856,-0.562393,2.661315,0.256709,0.435,1.808429,0.065086,0.306608
-6.22432,0.467974,9.173558,2.399098,0.406718,-0.567377,2.67954,0.258903,0.435,1.807789,0.064598,0.307196
-6.151868,0.480866,9.156399,2.448562,0.387164,-0.583867,2.734062,0.266837,0.435,1.768446,0.096514,0.299281
-6.102786,0.489647,9.144739,2.481833,0.373082,-0.594819,2.769422,0.271986,0.435,1.759774,0.118257,0.29655
-6.090399,0.49185,9.141792,2.490111,0.369387,-0.598017,2.778309,0.273348,0.435,1.771945,0.120451,0.298428
-6.052848,0.498328,9.132836,2.51507,0.357878,-0.606797,2.804804,0.27738,0.435,1.750127,0.117219,0.293629
-6.033851,0.501405,9.128286,2.527561,0.351888,-0.611297,2.818019,0.279439,0.435,1.765413,0.125133,0.29415
-6.027497,0.502397,9.12676,2.531682,0.34986,-0.613067,2.822443,0.280134,0.435,1.762664,0.126062,0.293178
-6.008372,0.505271,9.122152,2.544131,0.343699,-0.617696,2.83577,0.282227,0.435,1.776929,0.122675,0.294773
-5.989201,0.508032,9.117511,2.556499,0.337448,-0.622748,2.849019,0.284319,0.435,1.751253,0.124582,0.289403
-5.976406,0.509855,9.114405,2.564881,0.333186,-0.625377,2.857813,0.285726,0.435,1.753419,0.128761,0.289223
-5.970004,0.510755,9.112848,2.569035,0.331008,-0.626903,2.862228,0.28642,0.435,1.759498,0.123338,0.290942
-5.970004,0.510755,9.112848,2.569035,0.331008,-0.626903,2.862228,0.28642,0.435,1.759498,0.123338,0.290942
-5.93792,0.515303,9.105042,2.589976,0.320055,-0.633805,2.884125,0.289937,0.435,1.736286,0.128773,0.287206
-5.92503,0.517128,9.101903,2.598404,0.315528,-0.636458,2.892854,0.291231,0.435,1.743438,0.099925,0.292265
-5.886074,0.522562,9.092411,2.623649,0.301818,-0.645048,2.91893,0.295236,0.435,1.743883,0.112355,0.291869
-5.78678,0.53449,9.068053,2.68787,0.265165,-0.664161,2.984078,0.304641,0.435,1.730869,0.08657,0.294081
-5.691877,0.542882,9.044498,2.748255,0.229852,-0.682914,3.046006,0.313532,0.435,1.782932,0.095296,0.304471
-5.615876,0.549626,9.025643,2.795943,0.202026,-0.69868,3.09112,0.320884,0.435,1.803777,0.145759,0.302834
-5.45962,0.55791,8.986203,2.892219,0.145353,-0.729981,3.193228,0.338256,0.435,1.697434,0.080937,0.295265
-5.423289,0.558748,8.976938,2.914369,0.133213,-0.735883,3.214921,0.341476,0.435,1.732188,0.083267,0.301906
-5.401339,0.559029,8.971327,2.927654,0.126224,-0.739349,3.227879,0.343415,0.435,1.710588,0.079816,0.298858
-5.37927,0.559118,8.965677,2.940965,0.11947,-0.742586,3.240653,0.345427,0.435,1.677121,0.116834,0.288945
-5.349666,0.558944,8.958087,2.958688,0.110979,-0.74697,3.257634,0.348616,0.435,1.707723,0.14208,0.292589
-5.304887,0.558368,8.946607,2.984896,0.099477,-0.754769,3.283349,0.353561,0.435,1.719227,0.144841,0.295937
-5.267289,0.558055,8.936994,3.006817,0.090898,-0.760587,3.304386,0.357658,0.435,1.666522,0.13356,0.288537
-5.22945,0.558087,8.927361,3.028721,0.083126,-0.765863,3.325165,0.361025,0.435,1.654044,0.069598,0.292394
-5.206627,0.558228,8.921566,3.041835,0.07877,-0.768962,3.337595,0.362977,0.435,1.649488,0.070348,0.291611
-5.160716,0.558602,8.909911,3.067847,0.070647,-0.776064,3.362555,0.367458,0.435,1.669946,0.133791,0.290491
-5.122177,0.558912,8.900131,3.089529,0.064304,-0.782008,3.383455,0.371629,0.435,1.661103,0.135325,0.289208
-5.075552,0.559037,8.888286,3.115415,0.057232,-0.789352,3.40824,0.376115,0.435,1.647515,0.072685,0.291929
-5.012712,0.558613,8.872296,3.149793,0.048785,-0.799101,3.44524,0.382455,0.435,1.638166,0.102996,0.288837
-4.981053,0.558493,8.864232,3.166795,0.04503,-0.804933,3.457582,0.384832,0.435,1.651418,0.115496,0.290631
-4.949262,0.558668,8.856143,3.184027,0.041443,-0.809481,3.474012,0.388135,0.435,1.627375,0.128749,0.285638
-4.901312,0.559297,8.843938,3.209508,0.036376,-0.817902,3.498406,0.392361,0.435,1.620784,0.072234,0.288018
-4.852969,0.559649,8.831594,3.23506,0.031448,-0.825989,3.522918,0.396679,0.435,1.662617,0.082038,0.295227
-4.804186,0.559528,8.819108,3.260515,0.026685,-0.834635,3.547927,0.401752,0.435,1.675055,0.130967,0.294958
-4.680797,0.560833,8.787392,3.323753,0.015261,-0.858829,3.609684,0.413418,0.435,1.662777,0.116078,0.293677
-4.597136,0.560758,8.765719,3.366524,0.007285,-0.872172,3.65133,0.421972,0.435,1.676321,0.122657,0.29624
-4.571787,0.560433,8.759141,3.379383,0.004976,-0.87608,3.663869,0.424567,0.435,1.680296,0.108921,0.298041
-4.529314,0.559833,8.748116,3.400963,0.001399,-0.881489,3.68479,0.428916,0.435,1.682674,0.120516,0.298174
-4.486556,0.559153,8.737024,3.42258,-0.001819,-0.887325,3.710004,0.434185,0.435,1.686658,0.11999,0.299264
-4.469378,0.558862,8.732571,3.431225,-0.002997,-0.888495,3.714219,0.435052,0.435,1.691272,0.110301,0.30077
-4.426226,0.558051,8.721394,3.452811,-0.005566,-0.89314,3.73511,0.439473,0.435,1.671497,0.120313,0.297056
-4.426226,0.558051,8.721394,3.452811,-0.005566,-0.89314,3.73511,0.439473,0.435,1.671497,0.120313,0.297056
-4.356592,0.556535,8.703386,3.487144,-0.008766,-0.900985,3.76699,0.445754,0.435,1.583287,0.073058,0.28369
-4.295005,0.555357,8.687488,3.516877,-0.010492,-0.908338,3.794623,0.451026,0.435,1.584154,0.072179,0.283112
-4.25045,0.554327,8.676008,3.537869,-0.011085,-0.913606,3.814499,0.45487,0.435,1.599726,0.072945,0.283518
-4.08704,0.549654,8.634021,3.610055,-0.00799,-0.934684,3.884287,0.470123,0.435,1.539295,0.051879,0.259341
-3.996195,0.548718,8.61051,3.648625,-0.00313,-0.94569,3.92257,0.477553,0.435,1.525797,0.066595,0.257687
-3.941423,0.548709,8.596301,3.671905,0.000153,-0.951362,3.94513,0.482578,0.435,1.501042,0.086711,0.254644
-3.858459,0.548766,8.574801,3.706971,0.005194,-0.959891,3.978736,0.489411,0.435,1.493373,0.066771,0.254162
-3.746567,0.548534,8.545864,3.754076,0.01224,-0.970009,4.023334,0.49848,0.435,1.490336,0.061422,0.255087
-3.63323,0.54778,8.516641,3.801168,0.020428,-0.980791,4.067964,0.50773,0.435,1.498686,0.059685,0.258925
-3.576015,0.547637,8.501897,3.824751,0.025096,-0.986203,4.090401,0.512442,0.435,1.498,0.060794,0.25968
-3.4608,0.549228,8.47217,3.871989,0.034702,-0.997489,4.135271,0.522385,0.435,1.512531,0.093675,0.263461
-3.441465,0.549541,8.467183,3.879952,0.036264,-0.999121,4.14277,0.524124,0.435,1.515488,0.097435,0.264164
-3.422082,0.549801,8.462186,3.887883,0.037765,-1.000794,4.150231,0.525924,0.435,1.510389,0.113916,0.263507
-3.412372,0.549915,8.459684,3.891842,0.038523,-1.00185,4.153974,0.526822,0.435,1.51307,0.104317,0.264094
-3.344069,0.550464,8.442114,3.919775,0.04372,-1.007874,4.180169,0.533255,0.435,1.519229,0.112106,0.266157
-3.324455,0.550603,8.437074,3.927786,0.045211,-1.009471,4.187653,0.535119,0.435,1.515012,0.11719,0.265694
-3.314635,0.55078,8.432022,3.935679,0.046681,-1.011774,4.195159,0.536998,0.435,1.521419,0.11877,0.267082
-3.275272,0.551159,8.424429,3.947725,0.048922,-1.014166,4.206409,0.53981,0.435,1.521067,0.11518,0.267315
-3.17628,0.553418,8.396437,3.99213,0.056905,-1.0226,4.247657,0.550251,0.435,1.518423,0.118822,0.267443
-3.136414,0.55417,8.388765,4.004319,0.058874,-1.024769,4.258923,0.553117,0.435,1.521787,0.120676,0.268138
-3.076327,0.555773,8.373371,4.028743,0.062498,-1.029234,4.281442,0.558874,0.435,1.522009,0.121943,0.26828
-3.015844,0.557258,8.357912,4.053401,0.065722,-1.033436,4.303965,0.564673,0.435,1.522769,0.123936,0.268115
-2.944728,0.558759,8.339791,4.082264,0.069061,-1.038223,4.329502,0.571284,0.435,1.468236,0.116852,0.259185
-2.728557,0.564578,8.28492,4.169505,0.076946,-1.053369,4.398753,0.588974,0.435,1.383651,0.082721,0.245145
-2.634719,0.568506,8.261217,4.207434,0.077836,-1.059758,4.432158,0.597086,0.435,1.355216,0.082598,0.239563
-2.571581,0.57134,8.245331,4.232936,0.077053,-1.064318,4.452329,0.601891,0.435,1.333314,0.083096,0.234223
-2.571581,0.57134,8.245331,4.232936,0.077053,-1.064318,4.452329,0.601891,0.435,1.333314,0.083096,0.234223
-2.475543,0.575442,8.221301,4.271311,0.073584,-1.070181,4.482044,0.609349,0.435,1.349903,0.10675,0.229555
-2.432411,0.57714,8.210558,4.288297,0.071199,-1.072368,4.495232,0.612701,0.435,1.345178,0.090638,0.225807
-2.32358,0.581227,8.183579,4.330093,0.063081,-1.077788,4.524698,0.620105,0.435,1.338659,0.10286,0.213542
-2.279828,0.582738,8.172771,4.346526,0.058938,-1.079688,4.537854,0.623472,0.435,1.321284,0.112917,0.20562
-2.236048,0.584171,8.161974,4.362905,0.054349,-1.080967,4.554054,0.62751,0.435,1.320094,0.091722,0.203885
-2.159392,0.586402,8.143108,4.39139,0.045362,-1.083336,4.576789,0.633328,0.435,1.315445,0.113833,0.198199
-2.005245,0.588841,8.105266,4.448478,0.024704,-1.089035,4.622475,0.645033,0.435,1.318332,0.113927,0.200404
-1.859911,0.588643,8.069763,4.502266,0.004884,-1.094496,4.664819,0.65598,0.435,1.314314,0.095016,0.203646
-1.769016,0.587352,8.047679,4.535267,-0.006386,-1.097479,4.69094,0.662764,0.435,1.334919,0.109686,0.204341
-1.65353,0.585027,8.019819,4.575163,-0.018517,-1.10243,4.723891,0.671439,0.435,1.35147,0.109609,0.199408
-1.606997,0.584285,8.008641,4.590404,-0.022718,-1.105508,4.737075,0.674942,0.435,1.354637,0.103402,0.196347
-1.513935,0.583105,7.986316,4.620396,-0.030436,-1.109411,4.763647,0.681843,0.435,1.363445,0.096594,0.192884
-1.455803,0.582115,7.972379,4.638943,-0.034934,-1.110403,4.780342,0.686296,0.435,1.369369,0.106762,0.192395
-1.339582,0.579881,7.944602,4.675858,-0.042834,-1.112637,4.813719,0.695233,0.435,1.364877,0.108596,0.195785
-1.339582,0.579881,7.944602,4.675858,-0.042834,-1.112637,4.813719,0.695233,0.435,1.364877,0.108596,0.195785
-1.105226,0.578382,7.889076,4.751644,-0.057695,-1.117636,4.880537,0.713314,0.435,1.373781,0.112337,0.204887
-1.045878,0.577276,7.875126,4.771259,-0.061709,-1.117526,4.89743,0.717914,0.435,1.382905,0.113251,0.208238
-1.022063,0.576743,7.869542,4.77905,-0.063194,-1.118258,4.904215,0.719722,0.435,1.384704,0.105483,0.209916
-0.998204,0.576205,7.863955,4.78698,-0.0647,-1.118069,4.91101,0.721517,0.435,1.385306,0.103877,0.210962
-0.974316,0.57567,7.858368,4.794838,-0.066182,-1.118539,4.917711,0.723338,0.435,1.373509,0.107704,0.209771
-0.962352,0.575409,7.855575,4.798816,-0.066873,-1.118488,4.921011,0.724235,0.435,1.362212,0.113869,0.208014
-0.950384,0.575152,7.852781,4.802752,-0.067553,-1.118886,4.924239,0.725112,0.435,1.36128,0.112597,0.20837
-0.938406,0.574903,7.849988,4.806735,-0.068278,-1.118801,4.927425,0.725982,0.435,1.369531,0.099361,0.210891
-0.926414,0.57466,7.847195,4.810718,-0.068945,-1.11874,4.930603,0.726815,0.435,1.350343,0.11176,0.207467
-0.914416,0.574422,7.844403,4.814734,-0.069597,-1.118744,4.933668,0.727635,0.435,1.32509,0.117107,0.203523
-0.89039,0.573957,7.838819,4.822717,-0.070933,-1.118661,4.939523,0.729182,0.435,1.277849,0.116193,0.196758
-0.878358,0.573725,7.836025,4.826653,-0.071523,-1.119169,4.942423,0.729895,0.435,1.2613,0.112042,0.194679
-0.854266,0.573252,7.830439,4.834671,-0.072807,-1.119097,4.948149,0.731341,0.435,1.248707,0.107104,0.193595
-0.805921,0.572214,7.819251,4.850628,-0.075112,-1.119897,4.959475,0.734206,0.435,1.160861,0.071312,0.182643
-0.769493,0.571299,7.810845,4.862692,-0.076766,-1.119941,4.967945,0.736343,0.435,1.143904,0.06736,0.180691
-0.757314,0.570969,7.80804,4.866721,-0.077269,-1.119984,4.970746,0.737046,0.435,1.139076,0.066321,0.180093
-0.720649,0.569959,7.799611,4.878676,-0.078748,-1.120609,4.979286,0.739922,0.435,1.188163,0.068707,0.187746
-0.696109,0.569299,7.793982,4.886633,-0.079721,-1.1208,4.985158,0.740664,0.435,1.200129,0.069646,0.18941
-0.646815,0.568133,7.7827,4.902302,-0.081389,-1.122526,4.99707,0.743676,0.435,1.21843,0.073004,0.190661
-0.609675,0.567452,7.774227,4.914085,-0.082602,-1.122918,5.006106,0.745978,0.435,1.229888,0.075768,0.190467
-0.584838,0.567063,7.768574,4.921865,-0.083387,-1.123022,5.011954,0.747575,0.435,1.165678,0.113838,0.177033
-0.497536,0.565665,7.748745,4.948351,-0.085956,-1.125769,5.031426,0.75333,0.435,1.123863,0.111148,0.16522
-0.472475,0.565168,7.743071,4.955923,-0.086701,-1.125309,5.036857,0.754933,0.435,1.112555,0.109309,0.162003
-0.447346,0.564605,7.737392,4.963376,-0.087418,-1.125234,5.042367,0.756573,0.435,1.134791,0.113757,0.16343
-0.434751,0.564302,7.73455,4.967078,-0.08777,-1.125122,5.045148,0.757405,0.435,1.143837,0.11544,0.163787
-0.396844,0.563317,7.726018,4.978012,-0.088783,-1.125015,5.053624,0.759961,0.435,1.17251,0.121119,0.164705
-0.346024,0.561958,7.714616,4.992118,-0.089941,-1.12567,5.065013,0.763439,0.435,1.143611,0.12247,0.155705
-0.307713,0.561011,7.706053,5.002471,-0.090741,-1.125401,5.073179,0.765965,0.435,1.124028,0.12122,0.148754
-0.282084,0.560421,7.700344,5.009271,-0.091246,-1.124808,5.078437,0.767262,0.435,1.068698,0.058285,0.140531
-0.230675,0.559307,7.68894,5.022523,-0.092066,-1.122774,5.088849,0.769842,0.435,1.059099,0.048253,0.133131
-0.140224,0.55751,7.669037,5.044193,-0.09339,-1.118539,5.107553,0.774429,0.435,1.100592,0.047853,0.125424
-0.022827,0.555744,7.643567,5.068867,-0.095201,-1.11112,5.13191,0.781078,0.435,1.137227,0.131949,0.105778
0.122348,0.553908,7.612694,5.092766,-0.098181,-1.101869,5.160901,0.790819,0.435,1.099263,0.138951,0.070768
0.175367,0.553021,7.601563,5.099558,-0.099551,-1.097998,5.171343,0.794411,0.435,1.095215,0.140914,0.059121
0.360968,0.548485,7.563051,5.115097,-0.104097,-1.086331,5.207904,0.804428,0.435,1.08124,0.033782,0.025567
0.45366,0.546483,7.544045,5.11834,-0.1059,-1.080066,5.226211,0.808941,0.435,1.072762,0.031279,0.008726
0.519789,0.545177,7.530562,5.118939,-0.107141,-1.076182,5.238988,0.813433,0.435,1.076022,0.149622,-0.003882
0.664883,0.542263,7.501144,5.115556,-0.110023,-1.06805,5.266349,0.823515,0.435,1.032009,0.104712,-0.025631
0.691181,0.541824,7.495828,5.114288,-0.110575,-1.066798,5.271346,0.825038,0.435,1.039128,0.063986,-0.029532
0.783061,0.540258,7.477285,5.108409,-0.112706,-1.062851,5.28887,0.830217,0.435,1.026406,0.106468,-0.042286
0.861656,0.538649,7.461468,5.101671,-0.114766,-1.059346,5.303442,0.835532,0.435,1.013887,0.133779,-0.05206
1.121902,0.532622,7.409173,5.068716,-0.122702,-1.048404,5.350584,0.853763,0.435,0.985155,0.142375,-0.078974
1.147832,0.531693,7.403981,5.064568,-0.123386,-1.047354,5.35526,0.855596,0.435,0.982434,0.142181,-0.081031
1.160787,0.531209,7.401387,5.062447,-0.123746,-1.046657,5.35758,0.856511,0.435,0.98425,0.140128,-0.082301
1.186684,0.530218,7.396206,5.058098,-0.124294,-1.045855,5.362218,0.858333,0.435,0.98332,0.138192,-0.084423
1.21255,0.5292,7.391032,5.05358,-0.124861,-1.044587,5.366869,0.860144,0.435,0.976156,0.136311,-0.085892
1.225474,0.528693,7.388445,5.051357,-0.125039,-1.045045,5.369194,0.861037,0.435,0.983824,0.129914,-0.087747
1.354098,0.524204,7.362654,5.026273,-0.126346,-1.039893,5.39231,0.869965,0.435,0.97419,0.10569,-0.097759
1.405205,0.522794,7.352367,5.015286,-0.126483,-1.037944,5.399245,0.872453,0.435,0.964872,0.099935,-0.100005
1.519531,0.520002,7.329274,4.989012,-0.126582,-1.033821,5.422286,0.880284,0.435,0.953249,0.065564,-0.108452
1.632882,0.517896,7.306238,4.960819,-0.127059,-1.030239,5.442801,0.886848,0.435,0.944948,0.059971,-0.116457
1.732847,0.516444,7.285803,4.934476,-0.128412,-1.027863,5.460883,0.892667,0.435,0.931568,0.060248,-0.121217
1.807344,0.515446,7.2705,4.914108,-0.130158,-1.026154,5.474377,0.897067,0.435,0.933409,0.063612,-0.12584
1.89382,0.514041,7.252672,4.889733,-0.133005,-1.024764,5.490071,0.902226,0.435,0.925066,0.061645,-0.129424
1.967661,0.512267,7.237414,4.868309,-0.135945,-1.023412,5.503404,0.906687,0.435,0.925117,0.084264,-0.133629
2.016749,0.510853,7.227254,4.853738,-0.138035,-1.02278,5.512153,0.909907,0.435,0.915651,0.109881,-0.13279
2.041236,0.510126,7.222175,4.846455,-0.139035,-1.0233,5.516471,0.91163,0.435,0.913331,0.114926,-0.133381
2.065678,0.50942,7.217096,4.839002,-0.140128,-1.022828,5.520787,0.913299,0.435,0.909361,0.092741,-0.134314
2.090066,0.508736,7.212016,4.831541,-0.141166,-1.022554,5.525099,0.914852,0.435,0.901939,0.078445,-0.134533
2.126563,0.507731,7.204399,4.820156,-0.142743,-1.021967,5.531508,0.917037,0.435,0.884755,0.069097,-0.133628
2.138706,0.507395,7.201861,4.816349,-0.14328,-1.021796,5.533604,0.917774,0.435,0.875887,0.07305,-0.132668
2.175063,0.50637,7.194246,4.80483,-0.144872,-1.021292,5.539972,0.920011,0.435,0.875711,0.06787,-0.134112
2.199246,0.505676,7.18917,4.797079,-0.145952,-1.021103,5.544182,0.921485,0.435,0.879446,0.069396,-0.135531
2.211321,0.505329,7.186632,4.793216,-0.14649,-1.020926,5.546244,0.922212,0.435,0.869516,0.066193,-0.134482
2.247484,0.504268,7.179021,4.78147,-0.14812,-1.020561,5.552426,0.924369,0.435,0.862769,0.067122,-0.134647
2.271545,0.503536,7.173948,4.773583,-0.149225,-1.020359,5.556539,0.925827,0.435,0.858286,0.068616,-0.134706
2.295562,0.502788,7.168876,4.765667,-0.150331,-1.020022,5.560645,0.92728,0.435,0.857845,0.069325,-0.135385
2.307555,0.502408,7.166341,4.761686,-0.15089,-1.019994,5.562673,0.927999,0.435,0.852914,0.066326,-0.135045
2.414976,0.499026,7.143524,4.725399,-0.155926,-1.018978,5.580927,0.934486,0.435,0.855707,0.066493,-0.138735
2.486023,0.496917,7.128313,4.700775,-0.159425,-1.018436,5.592968,0.939106,0.435,0.831799,0.093613,-0.136133
2.626747,0.492984,7.085189,4.629898,-0.170715,-1.018341,5.626473,0.951705,0.435,0.818246,0.082537,-0.138937
2.708167,0.490242,7.080115,4.62146,-0.172156,-1.018347,5.630298,0.953172,0.435,0.802048,0.085588,-0.13651
2.731354,0.489353,7.075042,4.612978,-0.173656,-1.018277,5.634136,0.954589,0.435,0.809651,0.070113,-0.138537
2.789154,0.487006,7.062359,4.591715,-0.177329,-1.018503,5.64382,0.958283,0.435,0.810163,0.083731,-0.139328
2.823717,0.485526,7.05475,4.578839,-0.179492,-1.018538,5.649588,0.960453,0.435,0.803394,0.070982,-0.138973
2.869642,0.483531,7.044602,4.561574,-0.182325,-1.018599,5.657216,0.963352,0.435,0.7974,0.076351,-0.138514
2.881093,0.483039,7.042065,4.55726,-0.183018,-1.018778,5.659119,0.964054,0.435,0.796723,0.069388,-0.138736
2.92675,0.481157,7.031908,4.539885,-0.185796,-1.019017,5.666698,0.966915,0.435,0.793026,0.075621,-0.138652
2.94949,0.48028,7.026828,4.531133,-0.187222,-1.018938,5.670471,0.968341,0.435,0.790892,0.07529,-0.138655
2.983481,0.479046,7.019203,4.517986,-0.189324,-1.018968,5.676116,0.970475,0.435,0.788211,0.074807,-0.138745
3.028594,0.477503,7.00903,4.5004,-0.192252,-1.018915,5.683612,0.973308,0.435,0.783582,0.073866,-0.138645
3.073531,0.475898,6.998843,4.483113,-0.195185,-1.020843,5.691063,0.976125,0.435,0.779328,0.072948,-0.138545
3.129531,0.473507,6.986104,4.461116,-0.199009,-1.021227,5.700323,0.979625,0.435,0.774325,0.072459,-0.138257
3.196493,0.470141,6.970817,4.43468,-0.203705,-1.022411,5.711356,0.983817,0.435,0.769437,0.078152,-0.137837
3.207615,0.469575,6.968266,4.430352,-0.204468,-1.023008,5.713176,0.984506,0.435,0.764191,0.072043,-0.137116
3.229817,0.468463,6.963165,4.421405,-0.206006,-1.023073,5.716828,0.985896,0.435,0.765477,0.067837,-0.137648
3.240896,0.467918,6.960613,4.416956,-0.206753,-1.023091,5.718667,0.98659,0.435,0.770475,0.071611,-0.138573
3.263019,0.466842,6.955509,4.40798,-0.208271,-1.023122,5.722334,0.987978,0.435,0.759204,0.078501,-0.136588
3.274059,0.466306,6.952956,4.403556,-0.208977,-1.023435,5.724128,0.988671,0.435,0.753389,0.076188,-0.13568
3.296108,0.465233,6.947851,4.394543,-0.210481,-1.023338,5.727714,0.990039,0.435,0.752948,0.071341,-0.135927
3.307112,0.464691,6.945298,4.39003,-0.211187,-1.023291,5.729533,0.990743,0.435,0.764141,0.077999,-0.137909
3.329092,0.463023,6.937638,4.372084,-0.214029,-1.023861,5.736801,0.99348,0.435,0.752942,0.080067,-0.136148
3.394816,0.460002,6.924872,4.353904,-0.216791,-1.023659,5.743896,0.99618,0.435,0.745973,0.063692,-0.135539
3.416658,0.458703,6.919769,4.344755,-0.218161,-1.023536,5.747445,0.997491,0.435,0.744897,0.063706,-0.135457
3.438465,0.457352,6.914668,4.335605,-0.219377,-1.023521,5.75096,0.998875,0.435,0.740926,0.07998,-0.134355
3.460229,0.455977,6.909567,4.326439,-0.22066,-1.023345,5.754451,1.000226,0.435,0.725603,0.072791,-0.131798
3.471095,0.455282,6.907016,4.321892,-0.221187,-1.023665,5.756201,1.000919,0.435,0.736328,0.081807,-0.133529
3.514432,0.452547,6.896809,4.303583,-0.223409,-1.024423,5.763194,1.003545,0.435,0.734944,0.079521,-0.133481
3.557523,0.449992,6.886596,4.284958,-0.225467,-1.023969,5.770077,1.006206,0.435,0.714773,0.063095,-0.130517
3.632317,0.446012,6.868707,4.25229,-0.228764,-1.023639,5.782041,1.010868,0.435,0.694268,0.07684,-0.126678
3.674725,0.443933,6.858476,4.23358,-0.230633,-1.023542,5.788654,1.013463,0.435,0.692886,0.078057,-0.126674
3.716893,0.441962,6.848238,4.214954,-0.232646,-1.023706,5.795133,1.016053,0.435,0.66729,0.076486,-0.122227
3.727404,0.441472,6.845679,4.210224,-0.233214,-1.023253,5.796685,1.016643,0.435,0.650339,0.062394,-0.119587
3.779805,0.438898,6.832874,4.187082,-0.235831,-1.02447,5.804157,1.019552,0.435,0.610713,0.072098,-0.112124
3.779805,0.438898,6.832874,4.187082,-0.235831,-1.02447,5.804157,1.019552,0.435,0.610713,0.072098,-0.112124
3.800713,0.437767,6.827755,4.177726,-0.237007,-1.024208,5.807156,1.02076,0.435,0.639577,0.073591,-0.117569
3.811153,0.437172,6.825196,4.173048,-0.237541,-1.024238,5.808724,1.021396,0.435,0.661332,0.077514,-0.121546
3.832015,0.435932,6.820081,4.163708,-0.238693,-1.024084,5.811836,1.022665,0.435,0.65426,0.078619,-0.120226
3.852847,0.434626,6.814967,4.154366,-0.23981,-1.024127,5.814938,1.023937,0.435,0.657924,0.080181,-0.120879
3.863254,0.433952,6.812411,4.149695,-0.240367,-1.024115,5.81646,1.024499,0.435,0.635885,0.054369,-0.117575
3.884034,0.432574,6.807299,4.140421,-0.241484,-1.024585,5.819481,1.025596,0.435,0.617754,0.048581,-0.114372
3.915129,0.430476,6.799629,4.126478,-0.243078,-1.025288,5.823856,1.027203,0.435,0.596912,0.059116,-0.110127
3.92547,0.429776,6.797072,4.121762,-0.243573,-1.025071,5.825267,1.027721,0.435,0.589153,0.049152,-0.109024
3.956411,0.427703,6.789396,4.107697,-0.245051,-1.025352,5.829728,1.029512,0.435,0.641991,0.081347,-0.117828
3.956411,0.427703,6.789396,4.107697,-0.245051,-1.025352,5.829728,1.029512,0.435,0.641991,0.081347,-0.117828
3.976968,0.426366,6.784277,4.098325,-0.246014,-1.025715,5.832784,1.030786,0.435,0.645783,0.082652,-0.118517
3.99746,0.425069,6.779154,4.088895,-0.246926,-1.025616,5.835816,1.032054,0.435,0.639527,0.082806,-0.117362
4.017898,0.4238,6.774032,4.079413,-0.247832,-1.025612,5.838845,1.033328,0.435,0.644205,0.084272,-0.118235
4.04845,0.421931,6.766345,4.065206,-0.24916,-1.025513,5.843347,1.035016,0.435,0.584212,0.04084,-0.107652
4.179722,0.413237,6.73304,4.003613,-0.254471,-1.026104,5.862286,1.042534,0.435,0.635074,0.087784,-0.116471
4.229673,0.409874,6.72022,3.979951,-0.2563,-1.026911,5.869602,1.045697,0.435,0.621294,0.088545,-0.113848
4.338382,0.402778,6.691971,3.927698,-0.260075,-1.028464,5.885572,1.052263,0.435,0.56845,0.051032,-0.105517
4.407084,0.397216,6.674026,3.894011,-0.262016,-1.028269,5.895296,1.056052,0.435,0.579889,0.059565,-0.107086
4.446171,0.393735,6.663784,3.875031,-0.262798,-1.030047,5.900725,1.058309,0.435,0.568748,0.083572,-0.103526
4.533219,0.386641,6.640657,3.831619,-0.263345,-1.032315,5.91328,1.06322,0.435,0.576373,0.054251,-0.106367
4.609669,0.38067,6.620014,3.79321,-0.26269,-1.037378,5.923702,1.067208,0.435,0.55632,0.038378,-0.103457
4.723414,0.369831,6.589093,3.733754,-0.259226,-1.039653,5.939507,1.07309,0.435,0.541018,0.040148,-0.100055
4.751538,0.36727,6.581357,3.718371,-0.257687,-1.038664,5.943481,1.074518,0.435,0.563015,0.040514,-0.104161
4.779521,0.364831,6.573624,3.702812,-0.255865,-1.037286,5.947447,1.075997,0.435,0.554984,0.041855,-0.102486
4.844331,0.359316,6.55561,3.666287,-0.250738,-1.034587,5.956764,1.079368,0.435,0.552859,0.052277,-0.101077
4.935776,0.351614,6.529998,3.613019,-0.241578,-1.028424,5.97032,1.084346,0.435,0.579214,0.043652,-0.106793
4.971926,0.348767,6.519784,3.591465,-0.237307,-1.025763,5.975826,1.086434,0.435,0.581593,0.066189,-0.104867
4.98093,0.348065,6.517235,3.586036,-0.236208,-1.024931,5.977215,1.087014,0.435,0.588289,0.074463,-0.105268
5.016808,0.345243,6.507059,3.564392,-0.231683,-1.02226,5.982787,1.089202,0.435,0.587897,0.054649,-0.107153
5.043558,0.343103,6.499443,3.548137,-0.228066,-1.02045,5.987056,1.090796,0.435,0.596757,0.053952,-0.108732
5.070186,0.340942,6.491844,3.531846,-0.22429,-1.018702,5.991393,1.092429,0.435,0.600876,0.051118,-0.109589
5.0967,0.338796,6.48426,3.515655,-0.220388,-1.017558,5.995794,1.094133,0.435,0.622971,0.062798,-0.112263
5.114313,0.337407,6.479209,3.504856,-0.217732,-1.016892,5.998802,1.095258,0.435,0.630305,0.052287,-0.11476
5.140625,0.335447,6.471632,3.488615,-0.213608,-1.015864,6.003377,1.096936,0.435,0.643976,0.053245,-0.117177
5.158086,0.334242,6.466578,3.477742,-0.210751,-1.015069,6.006458,1.098085,0.435,0.649848,0.05435,-0.118163
5.184155,0.332563,6.458992,3.461452,-0.206402,-1.01412,6.011118,1.099889,0.435,0.656576,0.075628,-0.116927
5.201452,0.331508,6.453932,3.450607,-0.203508,-1.013596,6.014206,1.101134,0.435,0.649999,0.074388,-0.115832
5.210076,0.330996,6.451401,3.445209,-0.202009,-1.013483,6.015791,1.10173,0.435,0.664022,0.058415,-0.120467
5.244421,0.328486,6.438745,3.418226,-0.194727,-1.012952,6.023687,1.104936,0.435,0.667588,0.088233,-0.117519
5.287053,0.326463,6.428629,3.396687,-0.18879,-1.0129,6.029994,1.107652,0.435,0.672934,0.094524,-0.117641
5.33776,0.323561,6.413454,3.364372,-0.179904,-1.012863,6.039461,1.11191,0.435,0.674756,0.105169,-0.11648
5.446099,0.317362,6.380615,3.294386,-0.159975,-1.013807,6.058265,1.120852,0.435,0.67482,0.11586,-0.114646
5.454361,0.316832,6.378098,3.288973,-0.158369,-1.013866,6.061395,1.122349,0.435,0.674557,0.115056,-0.114526
5.479085,0.315206,6.370556,3.272708,-0.153472,-1.014003,6.066091,1.124583,0.435,0.674388,0.113939,-0.114343
5.495509,0.314122,6.365529,3.261963,-0.15017,-1.014616,6.069222,1.126076,0.435,0.674493,0.114482,-0.114092
5.511878,0.313066,6.360498,3.251268,-0.146838,-1.015669,6.072352,1.127569,0.435,0.67437,0.1141,-0.11393
5.520038,0.31256,6.357979,3.240373,-0.143381,-1.015832,6.07548,1.129059,0.435,0.674026,0.113655,-0.113769
5.536306,0.311605,6.352934,3.23502,-0.141664,-1.016396,6.077045,1.129803,0.435,0.674061,0.113116,-0.113782
5.552497,0.310747,6.347878,3.224068,-0.138123,-1.016427,6.080173,1.13129,0.435,0.673969,0.112571,-0.113744
5.552497,0.310747,6.347878,3.224068,-0.138123,-1.016427,6.080173,1.13129,0.435,0.673969,0.112571,-0.113744
5.560563,0.310354,6.345345,3.218602,-0.136337,-1.016547,6.081737,1.132033,0.435,0.673875,0.112524,-0.113698
5.576635,0.30965,6.34027,3.207636,-0.132713,-1.016589,6.084864,1.13352,0.435,0.673403,0.112623,-0.113565
5.576635,0.30965,6.34027,3.207636,-0.132713,-1.016589,6.084864,1.13352,0.435,0.673403,0.112623,-0.113565
5.6006,0.308752,6.332637,3.191163,-0.127235,-1.016641,6.089545,1.135741,0.435,0.671351,0.111251,-0.113362
5.632312,0.307752,6.322433,3.169522,-0.120111,-1.018255,6.09575,1.138692,0.435,0.666815,0.110584,-0.112626
5.687325,0.305954,6.304569,3.131331,-0.107536,-1.019319,6.106417,1.143793,0.435,0.650387,0.108415,-0.109662
5.702941,0.305393,6.299476,3.120373,-0.103903,-1.019274,6.109421,1.145235,0.435,0.649082,0.1088,-0.109275
5.71851,0.304835,6.294384,3.109396,-0.100363,-1.019313,6.112416,1.146675,0.435,0.645891,0.108671,-0.108601
5.787828,0.302828,6.271426,3.06019,-0.084296,-1.019846,6.125498,1.153037,0.435,0.601548,0.106576,-0.100242
5.795447,0.302669,6.268869,3.054688,-0.082508,-1.019719,6.126846,1.153702,0.435,0.58939,0.104681,-0.098176
5.818224,0.302072,6.258641,3.032902,-0.07536,-1.020042,6.13223,1.15616,0.435,0.581094,0.083942,-0.099388
5.833342,0.301928,6.256086,3.027349,-0.073562,-1.019701,6.133567,1.156738,0.435,0.578626,0.083527,-0.098969
5.863433,0.301334,6.245873,3.005377,-0.066528,-1.019299,6.138763,1.15898,0.435,0.562474,0.098248,-0.093836
5.87092,0.301187,6.243321,2.999898,-0.064772,-1.019203,6.140077,1.159513,0.435,0.576941,0.06457,-0.101104
5.90073,0.300681,6.233113,2.978006,-0.057766,-1.018698,6.145255,1.16161,0.435,0.584196,0.059049,-0.103128
5.937659,0.300285,6.220346,2.950599,-0.049186,-1.017942,6.151273,1.164022,0.435,0.536226,0.088216,-0.090088
6.010348,0.300162,6.194785,2.89612,-0.032558,-1.016514,6.163268,1.168854,0.435,0.483652,0.069549,-0.082583
6.031892,0.300185,6.187126,2.879905,-0.027788,-1.016258,6.166481,1.170494,0.435,0.465639,0.085516,-0.077132
6.060401,0.300356,6.176908,2.858308,-0.021633,-1.015727,6.171143,1.172896,0.435,0.512444,0.096801,-0.084599
6.081624,0.300593,6.169238,2.842261,-0.017154,-1.015733,6.174691,1.174749,0.435,0.519955,0.100234,-0.085676
6.109737,0.300951,6.159013,2.821024,-0.011396,-1.016042,6.179567,1.177215,0.435,0.545893,0.078956,-0.093238
6.151633,0.301243,6.143722,2.789082,-0.003048,-1.015851,6.18648,1.179962,0.435,0.478892,0.038261,-0.085471
6.179386,0.301208,6.133564,2.767914,0.002363,-1.015909,6.190654,1.181954,0.435,0.438588,0.085247,-0.072228
6.213791,0.301235,6.120846,2.742059,0.008925,-1.018485,6.195774,1.184672,0.435,0.473602,0.093607,-0.077678
6.234227,0.301456,6.113188,2.726258,0.012886,-1.018669,6.199049,1.186435,0.435,0.483356,0.097122,-0.07909
6.25451,0.301819,6.105513,2.710607,0.016785,-1.019474,6.202386,1.188249,0.435,0.493207,0.100979,-0.080536
6.27467,0.302222,6.09783,2.695004,0.020634,-1.020447,6.205777,1.190114,0.435,0.501636,0.104663,-0.081738
6.288061,0.302457,6.09271,2.684542,0.023194,-1.020854,6.208063,1.191382,0.435,0.506675,0.106873,-0.082437
6.294742,0.30255,6.09015,2.679474,0.024436,-1.021657,6.209215,1.192024,0.435,0.509302,0.108057,-0.082773
6.294742,0.30255,6.09015,2.679474,0.024436,-1.021657,6.209215,1.192024,0.435,0.509302,0.108057,-0.082773
6.308093,0.302682,6.08504,2.66895,0.026997,-1.021729,6.211245,1.193098,0.435,0.445187,0.069251,-0.075218
6.308093,0.302682,6.08504,2.66895,0.026997,-1.021729,6.211245,1.193098,0.435,0.445187,0.069251,-0.075218
6.321416,0.302739,6.07994,2.658454,0.029577,-1.021615,6.213336,1.194019,0.435,0.447744,0.046061,-0.078305
6.341349,0.302725,6.072303,2.642891,0.033372,-1.022605,6.21634,1.195408,0.435,0.421022,0.076331,-0.069664
6.341349,0.302725,6.072303,2.642891,0.033372,-1.022605,6.21634,1.195408,0.435,0.421022,0.076331,-0.069664
6.36118,0.302708,6.064662,2.627385,0.037187,-1.023947,6.219151,1.196968,0.435,0.411563,0.086067,-0.066592
6.419723,0.303668,6.041586,2.580446,0.04897,-1.026244,6.22806,1.201235,0.435,0.458256,0.093229,-0.074323
6.451617,0.30481,6.028695,2.554211,0.055516,-1.026571,6.233338,1.204166,0.435,0.472652,0.098815,-0.076465
6.50834,0.306564,6.005544,2.506871,0.066934,-1.025976,6.24257,1.208776,0.435,0.409155,0.037614,-0.071667
6.527098,0.306951,5.997867,2.491028,0.070706,-1.025348,6.245456,1.209939,0.435,0.405175,0.02996,-0.071746
6.551964,0.307418,5.987651,2.46992,0.075795,-1.024501,6.249037,1.211695,0.435,0.38139,0.074935,-0.061959
6.570476,0.30782,5.979985,2.454325,0.079586,-1.025193,6.251914,1.213294,0.435,0.428889,0.08801,-0.069123
6.576614,0.307982,5.977427,2.449153,0.080863,-1.025456,6.252884,1.213838,0.435,0.430685,0.088685,-0.069348
6.600982,0.308823,5.967181,2.427933,0.086088,-1.024488,6.256887,1.216026,0.435,0.452502,0.078331,-0.074594
6.660853,0.311335,5.941526,2.375685,0.09904,-1.025643,6.266451,1.221033,0.435,0.389029,0.057438,-0.065222
6.713591,0.31245,5.918494,2.328723,0.111256,-1.02615,6.274997,1.22581,0.435,0.404934,0.071548,-0.064946
6.770549,0.314205,5.887462,2.268815,0.128772,-1.037391,6.286055,1.231522,0.435,0.431299,0.095218,-0.064216
6.787398,0.315219,5.884854,2.263761,0.130338,-1.037736,6.287027,1.232087,0.435,0.435064,0.096816,-0.064592
6.826431,0.318248,5.866607,2.227937,0.141313,-1.037792,6.29336,1.235581,0.435,0.396292,0.043628,-0.064544
6.864977,0.321364,5.848415,2.191772,0.152028,-1.035376,6.299675,1.238556,0.435,0.408392,0.057879,-0.065056
6.886721,0.323058,5.838056,2.171042,0.157966,-1.033491,6.303259,1.2406,0.435,0.398043,0.085206,-0.059832
6.929467,0.326907,5.817347,2.129778,0.169402,-1.029784,6.310384,1.244636,0.435,0.384169,0.056106,-0.060912
6.945228,0.328632,5.809579,2.114444,0.173502,-1.028777,6.313045,1.245827,0.435,0.382889,0.033287,-0.063452
6.981623,0.332673,5.791502,2.078691,0.182611,-1.025916,6.319116,1.248806,0.435,0.368474,0.039907,-0.060306
6.991935,0.333776,5.786357,2.068507,0.185065,-1.025012,6.32079,1.249589,0.435,0.357958,0.051773,-0.057164
7.047609,0.340505,5.75807,2.01324,0.197277,-1.02201,6.33009,1.254129,0.435,0.373399,0.03556,-0.062008
7.072299,0.343901,5.745202,1.988688,0.202064,-1.022364,6.334176,1.256267,0.435,0.348339,0.054972,-0.055772
7.130659,0.350999,5.714469,1.92978,0.21201,-1.020588,6.343997,1.261022,0.435,0.362231,0.035659,-0.060119
7.173415,0.356258,5.691482,1.885995,0.218657,-1.019631,6.351176,1.264738,0.435,0.340198,0.064455,-0.053599
7.206084,0.360428,5.673634,1.852133,0.223482,-1.019452,6.356653,1.267498,0.435,0.343704,0.052819,-0.055501
7.233527,0.364291,5.655766,1.818347,0.227991,-1.019442,6.362139,1.270422,0.435,0.343882,0.055376,-0.055549
7.260574,0.36801,5.643012,1.79421,0.231013,-1.0193,6.366021,1.272417,0.435,0.327738,0.058698,-0.052499
7.300633,0.372908,5.620122,1.750957,0.236342,-1.020282,6.373194,1.276086,0.435,0.333805,0.038958,-0.054567
7.331075,0.376988,5.602299,1.716931,0.240685,-1.020571,6.379283,1.279103,0.435,0.338407,0.052661,-0.055056
7.373774,0.382233,5.576905,1.668077,0.24749,-1.020112,6.385989,1.282431,0.435,0.315703,0.031094,-0.053066
7.411436,0.38638,5.554153,1.623422,0.254855,-1.019996,6.392829,1.285923,0.435,0.322597,0.049177,-0.052356
7.447831,0.39144,5.531339,1.577852,0.263619,-1.01884,6.3995,1.289245,0.435,0.320725,0.037324,-0.053341
7.475196,0.396106,5.510987,1.537297,0.271945,-1.01928,6.404656,1.291802,0.435,0.326012,0.035166,-0.054665
7.494397,0.399402,5.500819,1.516884,0.276178,-1.019176,6.408265,1.293505,0.435,0.317575,0.032395,-0.053517
7.520784,0.403997,5.483047,1.480945,0.283756,-1.018464,6.41336,1.295956,0.435,0.303664,0.032986,-0.051001
7.535548,0.406765,5.472888,1.460403,0.288151,-1.018321,6.416202,1.297524,0.435,0.31836,0.063645,-0.050157
7.574756,0.415461,5.444851,1.403806,0.300107,-1.017806,6.424037,1.301335,0.435,0.306292,0.03648,-0.05132
7.615944,0.424636,5.414328,1.34224,0.312603,-1.017719,6.432595,1.305711,0.435,0.308746,0.039512,-0.051443
7.655247,0.433457,5.383812,1.280897,0.325578,-1.0193,6.440946,1.31018,0.435,0.294038,0.060986,-0.045696
7.677344,0.438559,5.366011,1.244963,0.333791,-1.019773,6.445929,1.313205,0.435,0.316569,0.050578,-0.050413
7.696035,0.443022,5.350805,1.214023,0.341312,-1.020058,6.450178,1.315138,0.435,0.329915,0.036653,-0.054486
7.723099,0.449904,5.327959,1.167493,0.353473,-1.021381,6.456586,1.318693,0.435,0.333833,0.05176,-0.052979
7.756026,0.459868,5.297152,1.105335,0.371302,-1.021065,6.465166,1.323343,0.435,0.32604,0.064232,-0.047355
7.775895,0.470384,5.268549,1.05089,0.388349,-1.020874,6.473252,1.327932,0.435,0.326645,0.060209,-0.043852
7.803696,0.479191,5.245088,1.010056,0.402063,-1.024539,6.479986,1.331817,0.435,0.328844,0.064315,-0.039713
7.840881,0.493994,5.203936,0.941158,0.428461,-1.023912,6.492307,1.338911,0.435,0.363079,0.060757,-0.040277
7.857081,0.500926,5.186076,0.911742,0.441151,-1.023494,6.497614,1.341891,0.435,0.349917,0.05323,-0.038886
7.863954,0.505142,5.175886,0.894914,0.44866,-1.023279,6.500719,1.343741,0.435,0.3483,0.054969,-0.038419
7.877406,0.510631,5.163133,0.873909,0.458176,-1.023583,6.504565,1.345992,0.435,0.347728,0.060623,-0.037614
7.883895,0.514057,5.155462,0.861181,0.463982,-1.023123,6.506861,1.347358,0.435,0.341156,0.064182,-0.036203
7.888134,0.516414,5.150338,0.852757,0.467819,-1.023177,6.508415,1.348232,0.435,0.344039,0.044296,-0.039247
7.898508,0.522607,5.137503,0.831726,0.477341,-1.023441,6.512331,1.350487,0.435,0.350712,0.062208,-0.037703
7.898508,0.522607,5.137503,0.831726,0.477341,-1.023441,6.512331,1.350487,0.435,0.350712,0.062208,-0.037703
7.926293,0.541391,5.101539,0.772929,0.502774,-1.022668,6.523328,1.356689,0.435,0.365081,0.06451,-0.040397
7.937625,0.550124,5.086125,0.747777,0.512663,-1.021874,6.52801,1.359406,0.435,0.349788,0.043554,-0.041861
7.957455,0.566458,5.057884,0.702139,0.528559,-1.022632,6.536764,1.364469,0.435,0.368755,0.04966,-0.045407
7.964342,0.572325,5.047621,0.685631,0.533638,-1.023184,6.539878,1.366298,0.435,0.344581,0.060671,-0.041299
7.983628,0.591488,5.016709,0.636271,0.546544,-1.023953,6.549336,1.371635,0.435,0.365685,0.062633,-0.046022
8.003194,0.611872,4.983337,0.583187,0.555796,-1.023055,6.559352,1.377404,0.435,0.348103,0.057723,-0.045905
8.011733,0.620424,4.967994,0.55877,0.559025,-1.022439,6.564098,1.380145,0.435,0.362477,0.048471,-0.048914
8.025707,0.636317,4.939771,0.51435,0.564442,-1.02094,6.572719,1.385111,0.435,0.359397,0.047924,-0.047659
8.038141,0.651557,4.911509,0.47153,0.569662,-1.021803,6.581541,1.390343,0.435,0.363099,0.064786,-0.044748
8.04024,0.6541,4.906371,0.463976,0.570688,-1.022303,6.583161,1.391296,0.435,0.36553,0.050269,-0.045511
8.045104,0.660482,4.893467,0.445737,0.573419,-1.025571,6.587207,1.393728,0.435,0.373932,0.064717,-0.043284
8.046003,0.661797,4.890875,0.442084,0.574024,-1.025755,6.588021,1.394226,0.435,0.373888,0.064999,-0.042769
8.05012,0.670206,4.875249,0.420729,0.577818,-1.026707,6.592857,1.397087,0.435,0.364857,0.044578,-0.040296
8.0589,0.686626,4.846458,0.385933,0.584732,-1.038142,6.601671,1.402487,0.435,0.363671,0.064627,-0.034277
8.063379,0.694712,4.830745,0.367995,0.588793,-1.039914,6.606348,1.405313,0.435,0.36018,0.065667,-0.030875
8.066211,0.699725,4.820284,0.356505,0.591809,-1.040482,6.609386,1.407217,0.435,0.346591,0.055428,-0.028213
8.066888,0.700978,4.817667,0.353652,0.592626,-1.040273,6.61014,1.407697,0.435,0.350421,0.064645,-0.027328
8.067541,0.702229,4.809801,0.345523,0.595161,-1.041726,6.612355,1.40912,0.435,0.33819,0.064547,-0.024521
8.072376,0.712681,4.794055,0.32968,0.601013,-1.041797,6.616707,1.411912,0.435,0.338226,0.065966,-0.021157
8.076041,0.720974,4.778382,0.314375,0.607809,-1.037625,6.620968,1.414655,0.435,0.316854,0.062497,-0.017411
8.079216,0.727998,4.765403,0.302378,0.613955,-1.035101,6.624418,1.416923,0.435,0.320903,0.066649,-0.015832
8.081091,0.732152,4.757639,0.295401,0.617857,-1.033679,6.626459,1.418296,0.435,0.323907,0.068475,-0.014922
8.084701,0.740208,4.742185,0.281723,0.62638,-1.029291,6.630534,1.421541,0.435,0.321275,0.070268,-0.011974
8.085288,0.741538,4.739618,0.279512,0.627874,-1.028729,6.631211,1.421541,0.435,0.321275,0.070268,-0.011974
8.087058,0.745539,4.73193,0.273014,0.632478,-1.02772,6.633241,1.422947,0.435,0.321177,0.07152,-0.010744
8.088236,0.748262,4.726809,0.268781,0.635639,-1.02757,6.634592,1.423888,0.435,0.321228,0.072384,-0.009998
8.093572,0.761538,4.703776,0.249904,0.651296,-1.02336,6.640649,1.428167,0.435,0.320809,0.075431,-0.007781
8.098404,0.774712,4.683356,0.233417,0.665997,-1.019709,6.646007,1.432035,0.435,0.321568,0.077881,-0.007467
8.106553,0.801807,4.645098,0.202642,0.692403,-1.014941,6.656019,1.439464,0.435,0.324131,0.083447,-0.008609
8.111694,0.825187,4.614497,0.178649,0.710414,-1.013473,6.664074,1.445639,0.435,0.329014,0.088606,-0.010009
8.113689,0.834619,4.601797,0.168845,0.717085,-1.012396,6.667385,1.448179,0.435,0.318515,0.082834,-0.010189
8.116469,0.849472,4.581485,0.153751,0.726896,-1.014047,6.672517,1.452201,0.435,0.308683,0.088432,-0.009079
8.118469,0.862917,4.563676,0.140812,0.735142,-1.013501,6.676887,1.455699,0.435,0.304342,0.089584,-0.008676
8.122969,0.890247,4.525708,0.114043,0.752325,-1.011085,6.685896,1.463083,0.435,0.284833,0.078566,-0.007522
8.126785,0.907993,4.500607,0.095608,0.764939,-1.009732,6.691604,1.467906,0.435,0.261691,0.082597,-0.006222
8.12787,0.913529,4.493081,0.089779,0.768981,-1.009206,6.693303,1.469211,0.435,0.270558,0.073171,-0.007672
8.129958,0.92508,4.47803,0.07758,0.777281,-1.007648,6.696564,1.472008,0.435,0.27257,0.083371,-0.007769
8.130304,0.927066,4.475523,0.075487,0.778672,-1.007393,6.697095,1.472425,0.435,0.261176,0.067497,-0.008712
8.130999,0.931069,4.470509,0.071249,0.781423,-1.007246,6.698179,1.47323,0.435,0.25558,0.063788,-0.009149
8.132075,0.93712,4.462997,0.064738,0.785517,-1.007235,6.699726,1.474357,0.435,0.252627,0.056181,-0.010379
8.13617,0.961312,4.433005,0.036637,0.801415,-1.008906,6.705938,1.478924,0.435,0.237783,0.053312,-0.012534
8.13747,0.976179,4.415393,0.018641,0.810217,-1.008973,6.709027,1.481012,0.435,0.253829,0.018697,-0.018096
8.138285,1.006671,4.379932,-0.017958,0.825221,-1.019624,6.716386,1.48502,0.435,0.218645,0.003495,-0.018438
8.138378,1.008778,4.377397,-0.0207,0.826205,-1.019884,6.716885,1.485225,0.435,0.21481,-0.008372,-0.019267
8.139073,1.029945,4.352019,-0.048865,0.835571,-1.023922,6.721939,1.487417,0.435,0.210929,-0.009812,-0.020781
8.135072,1.087998,4.288597,-0.128732,0.852976,-1.008311,6.734631,1.493093,0.435,0.227759,-0.000598,-0.025829
8.129735,1.117196,4.258372,-0.167628,0.854009,-0.999924,6.74036,1.49585,0.435,0.233549,0.011087,-0.026742
8.121361,1.151548,4.223304,-0.209526,0.847897,-0.998674,6.748305,1.499701,0.435,0.234739,-0.004246,-0.027908
8.120278,1.156247,4.218328,-0.215421,0.846394,-0.997685,6.749379,1.500187,0.435,0.233459,-0.006346,-0.028111
8.11709,1.169972,4.203429,-0.2327,0.841283,-0.997623,6.752572,1.501715,0.435,0.232128,0.009126,-0.028433
8.11227,1.187616,4.183527,-0.25589,0.833286,-0.996978,6.756837,1.503778,0.435,0.232965,-0.000281,-0.029284
8.11227,1.187616,4.183527,-0.25589,0.833286,-0.996978,6.756837,1.503778,0.435,0.232965,-0.000281,-0.029284
8.10748,1.202449,4.166083,-0.276136,0.825729,-0.997387,6.760552,1.505641,0.435,0.2398,-0.001419,-0.030208
8.095451,1.237954,4.121316,-0.328949,0.806776,-1.002991,6.769967,1.510728,0.435,0.235804,0.008178,-0.030637
8.079598,1.270048,4.080946,-0.3775,0.791265,-1.002101,6.778375,1.515373,0.435,0.239803,0.008211,-0.029585
8.074849,1.278127,4.070842,-0.38915,0.787208,-1.000006,6.780469,1.516561,0.435,0.239533,0.001416,-0.028575
8.072401,1.282189,4.065799,-0.394842,0.785109,-0.998648,6.781505,1.517113,0.435,0.233125,0.00297,-0.02734
8.068684,1.288318,4.058252,-0.403137,0.781894,-0.996644,6.783071,1.517991,0.435,0.239512,0.004619,-0.027429
8.066194,1.292416,4.053233,-0.40851,0.779712,-0.995357,6.784116,1.518543,0.435,0.234857,0.000167,-0.026558
8.063681,1.296523,4.048225,-0.413791,0.777482,-0.993958,6.78516,1.519114,0.435,0.236417,0.002207,-0.026346
8.061142,1.300624,4.043225,-0.41893,0.77519,-0.992545,6.786199,1.519691,0.435,0.236422,0.001061,-0.025989
8.055919,1.310877,4.030744,-0.431099,0.769282,-0.990284,6.788813,1.521096,0.435,0.23621,0.002647,-0.024967
8.048993,1.319068,4.020773,-0.440257,0.764198,-0.987615,6.790896,1.522269,0.435,0.238086,0.002011,-0.024138
8.033662,1.339647,3.99595,-0.459972,0.750283,-0.981969,6.796133,1.525218,0.435,0.235328,0.002693,-0.020489
8.022304,1.35392,3.97868,-0.470389,0.739374,-0.979644,6.799602,1.527638,0.435,0.239022,0.018226,-0.018639
8.005891,1.373377,3.954146,-0.480353,0.722172,-0.976775,6.804546,1.531105,0.435,0.241023,0.019143,-0.014918
7.991578,1.390615,3.932221,-0.484714,0.705356,-0.975157,6.809148,1.534091,0.435,0.236468,0.014142,-0.011614
7.977944,1.40768,3.910408,-0.485448,0.687141,-0.974164,6.813863,1.537254,0.435,0.254557,0.018382,-0.010747
7.959489,1.430993,3.878923,-0.481748,0.658496,-0.974789,6.820818,1.541819,0.435,0.26068,0.024858,-0.009593
7.949949,1.443506,3.862002,-0.478026,0.641834,-0.974598,6.824616,1.544394,0.435,0.259511,0.024061,-0.009112
7.935783,1.462589,3.835349,-0.470593,0.614231,-0.979628,6.830218,1.54916,0.435,0.263527,0.061713,-0.013551
7.927439,1.473414,3.818244,-0.465187,0.595334,-0.979608,6.83378,1.552375,0.435,0.269106,0.06352,-0.014024
7.915027,1.489021,3.79127,-0.456575,0.56536,-0.978653,6.839557,1.557579,0.435,0.279793,0.063096,-0.01429
7.907116,1.497716,3.774055,-0.451164,0.546693,-0.976441,6.843358,1.560962,0.435,0.286208,0.063321,-0.013518
7.900205,1.504473,3.75929,-0.446493,0.531594,-0.975851,6.846687,1.563898,0.435,0.291373,0.062825,-0.012068
7.894143,1.51008,3.747021,-0.442363,0.519634,-0.975119,6.84952,1.56638,0.435,0.296488,0.062832,-0.010621
7.876833,1.524921,3.715374,-0.429183,0.490873,-0.972657,6.857136,1.572971,0.435,0.308905,0.062038,-0.005284
7.865593,1.533865,3.696026,-0.418199,0.474426,-0.972614,6.861983,1.577103,0.435,0.316088,0.061623,-0.000994
7.824043,1.567285,3.613785,-0.341278,0.412249,-0.974159,6.886242,1.59726,0.435,0.353925,0.062265,0.018618
7.820863,1.570034,3.606533,-0.335794,0.409349,-0.974159,6.886242,1.59726,0.435,0.353925,0.062265,0.018618
7.808297,1.581191,3.575072,-0.297455,0.391905,-0.97355,6.895515,1.604809,0.435,0.365936,0.065026,0.024877
7.807398,1.582023,3.572652,-0.29433,0.390673,-0.973362,6.896232,1.605386,0.435,0.361947,0.061407,0.025327
7.805606,1.583691,3.567816,-0.288101,0.388304,-0.973778,6.897675,1.606551,0.435,0.368944,0.063185,0.026615
7.803835,1.585389,3.562983,-0.281713,0.385973,-0.973685,6.899135,1.607729,0.435,0.367121,0.061673,0.027427
7.802067,1.587121,3.558156,-0.275251,0.383694,-0.973693,6.900596,1.608909,0.435,0.373121,0.063933,0.028568
7.794607,1.594992,3.536429,-0.245318,0.374186,-0.975492,6.907286,1.614312,0.435,0.381255,0.066092,0.032502
7.788581,1.60177,3.514555,-0.213588,0.365797,-0.975615,6.91407,1.619818,0.435,0.381717,0.067341,0.0358
7.780276,1.612892,3.473092,-0.151606,0.355692,-0.975411,6.927186,1.630473,0.435,0.39491,0.070888,0.043427
7.777945,1.617685,3.456001,-0.125881,0.353999,-0.975447,6.932647,1.634921,0.435,0.399252,0.067496,0.046504
7.773982,1.630037,3.419481,-0.070501,0.353194,-0.97528,6.94463,1.644697,0.435,0.406036,0.073161,0.048277
7.771013,1.644298,3.37825,-0.006143,0.353911,-0.975868,6.958465,1.656015,0.435,0.413413,0.075242,0.052342
7.770943,1.650752,3.35878,0.025071,0.354981,-0.97603,6.964183,1.660718,0.435,0.413231,0.074229,0.053908
7.779381,1.669901,3.299636,0.114644,0.363261,-0.976234,6.984511,1.677446,0.435,0.405351,0.069074,0.049511
7.79084,1.690342,3.252686,0.174564,0.369721,-0.975784,6.999624,1.689881,0.435,0.399745,0.070148,0.037949
7.79654,1.700932,3.230577,0.199409,0.369629,-0.975726,7.006682,1.695811,0.435,0.40449,0.077036,0.031933
7.816376,1.732192,3.171747,0.255225,0.352265,-0.977678,7.025218,1.711492,0.435,0.397296,0.0749,0.009047
7.822025,1.738924,3.157057,0.266149,0.343627,-0.976696,7.02982,1.715431,0.435,0.395929,0.078432,0.003861
7.823883,1.741062,3.152166,0.269479,0.340525,-0.976874,7.031347,1.716742,0.435,0.395616,0.078407,0.002444
7.829303,1.747436,3.137529,0.27878,0.330396,-0.976673,7.035948,1.720698,0.435,0.398352,0.078874,-0.00147
7.830171,1.7485,3.135096,0.280239,0.328596,-0.97642,7.036717,1.721361,0.435,0.398511,0.078828,-0.002069
7.833639,1.752663,3.125368,0.285819,0.321211,-0.976554,7.039799,1.724684,0.435,0.39976,0.079192,-0.004909
7.840664,1.759993,3.105876,0.296029,0.305238,-0.975228,7.045982,1.729366,0.435,0.402233,0.079864,-0.007875
7.85307,1.76937,3.071641,0.311161,0.276406,-0.97369,7.056741,1.738675,0.435,0.399787,0.080831,-0.009753
7.853927,1.76995,3.069195,0.312144,0.274386,-0.973404,7.057514,1.739351,0.435,0.402724,0.081309,-0.009792
7.854773,1.770523,3.066751,0.3131,0.272393,-0.973317,7.058275,1.740016,0.435,0.396255,0.079703,-0.009557
7.855622,1.771094,3.064306,0.314024,0.270449,-0.973764,7.059797,1.74132,0.435,0.39597,0.078046,-0.009334
7.859011,1.773392,3.054531,0.317709,0.262669,-0.973818,7.062093,1.743326,0.435,0.3992,0.079029,-0.00936
7.861581,1.775137,3.047207,0.320389,0.256919,-0.97354,7.064384,1.745271,0.435,0.391231,0.06913,-0.008495
7.861581,1.775137,3.047207,0.320389,0.256919,-0.97354,7.064384,1.745271,0.435,0.391231,0.06913,-0.008495
7.874271,1.783121,3.013068,0.331741,0.230963,-0.972776,7.075042,1.754188,0.435,0.391027,0.070226,-0.009934
7.877111,1.784645,3.00575,0.333874,0.225538,-0.972597,7.077316,1.756146,0.435,0.393343,0.073588,-0.01053
7.877111,1.784645,3.00575,0.333874,0.225538,-0.972597,7.077316,1.756146,0.435,0.393343,0.073588,-0.01053
7.878057,1.785142,3.003311,0.334556,0.223741,-0.972558,7.078097,1.756781,0.435,0.397084,0.063866,-0.009928
7.879954,1.786123,2.998434,0.335884,0.220171,-0.972427,7.079615,1.758012,0.435,0.383338,0.057829,-0.009487
7.880897,1.786609,2.995996,0.336527,0.2184,-0.972392,7.080358,1.758628,0.435,0.38057,0.064746,-0.010053
7.8856,1.788965,2.98381,0.339548,0.209656,-0.972054,7.08419,1.761785,0.435,0.392849,0.065529,-0.010646
7.886535,1.789427,2.981374,0.340121,0.207929,-0.972019,7.084962,1.762415,0.435,0.393257,0.063582,-0.010577
7.886535,1.789427,2.981374,0.340121,0.207929,-0.972019,7.084962,1.762415,0.435,0.393257,0.063582,-0.010577
7.890292,1.79125,2.971632,0.342243,0.201133,-0.972305,7.088029,1.764879,0.435,0.389141,0.057359,-0.010361
7.892205,1.792129,2.966759,0.343232,0.197781,-0.972266,7.089558,1.766125,0.435,0.389787,0.063117,-0.010946
7.894144,1.792978,2.961885,0.344175,0.194455,-0.972173,7.091093,1.767373,0.435,0.391108,0.060668,-0.010992
7.895125,1.793392,2.959448,0.34463,0.192802,-0.972142,7.091871,1.767996,0.435,0.394077,0.059279,-0.011061
7.896107,1.7938,2.95701,0.345069,0.191168,-0.972297,7.092623,1.768625,0.435,0.386198,0.066396,-0.01149
7.897089,1.794203,2.954573,0.345501,0.189528,-0.972212,7.093372,1.769244,0.435,0.38348,0.063575,-0.01135
7.899062,1.794988,2.949697,0.346312,0.186308,-0.972592,7.094906,1.770473,0.435,0.388014,0.058229,-0.011277
7.899062,1.794988,2.949697,0.346312,0.186308,-0.972592,7.094906,1.770473,0.435,0.388014,0.058229,-0.011277
7.900044,1.795368,2.947259,0.346701,0.184697,-0.972518,7.095678,1.771088,0.435,0.39027,0.057532,-0.01136
7.90491,1.797129,2.935062,0.348436,0.176855,-0.97265,7.099459,1.774145,0.435,0.381885,0.055505,-0.011282
7.906832,1.797777,2.930183,0.349033,0.173784,-0.972526,7.100968,1.775346,0.435,0.380905,0.05523,-0.011246
7.907793,1.798096,2.927743,0.349309,0.172288,-0.972828,7.101722,1.775944,0.435,0.380888,0.054922,-0.011228
7.907793,1.798096,2.927743,0.349309,0.172288,-0.972828,7.101722,1.775944,0.435,0.380888,0.054922,-0.011228
7.910656,1.799047,2.920426,0.350321,0.16635,-0.972975,7.104655,1.778338,0.435,0.376624,0.056118,-0.011188
7.914454,1.800389,2.910675,0.350968,0.162007,-0.973133,7.106856,1.780103,0.435,0.366152,0.058861,-0.011189
7.91925,1.802181,2.8985,0.351835,0.154934,-0.972971,7.110479,1.783046,0.435,0.358539,0.065119,-0.011725
7.923217,1.803573,2.888755,0.352297,0.14947,-0.973928,7.113371,1.785375,0.435,0.364874,0.057118,-0.01198
7.929582,1.805293,2.874123,0.352461,0.141397,-0.973503,7.117641,1.788814,0.435,0.359479,0.059195,-0.012982
7.930702,1.805529,2.871684,0.352406,0.140085,-0.9734,7.118316,1.7894,0.435,0.351067,0.065494,-0.013222
7.936468,1.806561,2.859489,0.351701,0.133744,-0.974123,7.121859,1.792201,0.435,0.353239,0.048271,-0.013746
7.936468,1.806561,2.859489,0.351701,0.133744,-0.974123,7.121859,1.792201,0.435,0.353239,0.048271,-0.013746
7.938806,1.80696,2.854611,0.351217,0.131304,-0.974379,7.123268,1.793336,0.435,0.354538,0.055741,-0.014597
7.938806,1.80696,2.854611,0.351217,0.131304,-0.974379,7.123268,1.793336,0.435,0.354538,0.055741,-0.014597
7.943427,1.807816,2.844864,0.349794,0.126586,-0.974532,7.126059,1.795622,0.435,0.362425,0.048962,-0.015803
7.956174,1.809831,2.818088,0.342911,0.11296,-0.975137,7.135151,1.802863,0.435,0.354419,0.058731,-0.019358
7.973116,1.812401,2.779141,0.325573,0.101193,-0.976265,7.145041,1.810792,0.435,0.35138,0.059466,-0.021581
7.982048,1.814713,2.752298,0.310921,0.093116,-0.975678,7.15289,1.817167,0.435,0.368364,0.058663,-0.022575
7.984887,1.815504,2.742529,0.305578,0.090286,-0.975076,7.15578,1.819489,0.435,0.365691,0.048544,-0.021943
7.993879,1.81774,2.710781,0.289009,0.081691,-0.975508,7.16511,1.827075,0.435,0.356914,0.059812,-0.019783
7.996465,1.818412,2.70101,0.284151,0.079194,-0.975231,7.168021,1.829418,0.435,0.367645,0.05374,-0.019843
8.003267,1.820119,2.674123,0.271558,0.072814,-0.977678,7.176034,1.83596,0.435,0.376228,0.054328,-0.018586
8.011929,1.820408,2.644785,0.257971,0.067233,-0.978501,7.184779,1.84324,0.435,0.373482,0.052472,-0.017356
8.023924,1.81804,2.595945,0.233747,0.066756,-0.975561,7.198984,1.855266,0.435,0.367781,0.061248,-0.009516
8.027279,1.816506,2.578921,0.225799,0.070374,-0.973957,7.20392,1.859447,0.435,0.356246,0.067915,-0.004579
8.033014,1.813308,2.535286,0.208844,0.090506,-0.974959,7.216504,1.870171,0.435,0.370155,0.055096,0.006284
8.035186,1.813231,2.532867,0.208047,0.092069,-0.974985,7.217208,1.870797,0.435,0.370632,0.068173,0.007716
8.037094,1.812956,2.523201,0.204898,0.098701,-0.974685,7.219897,1.87313,0.435,0.358708,0.061249,0.008874
8.042196,1.812984,2.499058,0.197232,0.117822,-0.974325,7.226804,1.87909,0.435,0.362283,0.060669,0.012136
8.046758,1.814403,2.474843,0.189732,0.139836,-0.975319,7.233752,1.88513,0.435,0.353318,0.063622,0.014595
8.048924,1.815861,2.460264,0.185543,0.15401,-0.976183,7.237953,1.888761,0.435,0.355178,0.063336,0.016792
8.051762,1.81881,2.440754,0.180602,0.173681,-0.976093,7.243614,1.893666,0.435,0.366492,0.062912,0.018728
8.053265,1.820811,2.430968,0.17841,0.183593,-0.975698,7.24572,1.895528,0.435,0.361155,0.063493,0.018762
8.057628,1.82769,2.403979,0.173068,0.209876,-0.976505,7.254312,1.90296,0.435,0.377795,0.062091,0.018038
8.061537,1.833816,2.381902,0.16893,0.229928,-0.976936,7.260861,1.908642,0.435,0.380369,0.054397,0.015865
8.067068,1.847497,2.34491,0.162367,0.258657,-0.976789,7.271756,1.918134,0.435,0.386948,0.069423,0.012331
8.068277,1.85352,2.33013,0.160408,0.2677,-0.976101,7.276073,1.921896,0.435,0.388203,0.055879,0.010406
8.069705,1.860713,2.31293,0.159191,0.276179,-0.975988,7.281109,1.926329,0.435,0.38176,0.056419,0.009631
8.071449,1.869026,2.293286,0.15921,0.283215,-0.978219,7.286983,1.931439,0.435,0.386095,0.055377,0.008433
8.075258,1.882434,2.261363,0.16174,0.289058,-0.983478,7.296566,1.939791,0.435,0.391182,0.064473,0.005394
8.076395,1.887502,2.249086,0.163488,0.289649,-0.982731,7.300257,1.942998,0.435,0.382309,0.065804,0.004684
8.077086,1.890391,2.241731,0.164778,0.289579,-0.981929,7.302475,1.944924,0.435,0.39884,0.055968,0.004924
8.078072,1.894083,2.231936,0.166796,0.289045,-0.98115,7.305413,1.947485,0.435,0.38272,0.065266,0.004506
8.078817,1.896783,2.224601,0.168548,0.288371,-0.980509,7.307667,1.949438,0.435,0.394229,0.065516,0.004742
8.080321,1.903089,2.207519,0.173584,0.285927,-0.978832,7.312845,1.953972,0.435,0.383185,0.063382,0.005165
8.081182,1.907541,2.195359,0.177969,0.283525,-0.978119,7.316562,1.957196,0.435,0.398795,0.056835,0.006606
8.082204,1.911755,2.183197,0.183046,0.280675,-0.979598,7.320206,1.960424,0.435,0.392196,0.064199,0.007108
8.082735,1.913342,2.178321,0.18528,0.279423,-0.979976,7.321746,1.961739,0.435,0.401396,0.059903,0.007913
8.085137,1.918361,2.161238,0.193939,0.274697,-0.978782,7.326837,1.966233,0.435,0.401146,0.057514,0.00927
8.087982,1.922856,2.144141,0.203352,0.269919,-0.978342,7.331888,1.970641,0.435,0.37835,0.067567,0.009342
8.097566,1.935851,2.097728,0.230738,0.257134,-0.981306,7.34582,1.982933,0.435,0.39297,0.075027,0.009984
8.105919,1.943031,2.063249,0.251564,0.248087,-0.984111,7.356103,1.992207,0.435,0.388322,0.082394,0.011882
8.110794,1.946496,2.043573,0.263849,0.244386,-0.982652,7.363123,1.998611,0.435,0.366581,0.08026,0.013991
8.114554,1.949167,2.028859,0.273313,0.242551,-0.980447,7.365937,2.001226,0.435,0.382888,0.070996,0.016304
8.115199,1.949626,2.02641,0.274905,0.242311,-0.980099,7.36665,2.001806,0.435,0.36366,0.045552,0.016627
8.11651,1.950565,2.021515,0.278123,0.241885,-0.979246,7.367995,2.003013,0.435,0.362751,0.068346,0.016094
8.117174,1.951051,2.01907,0.279734,0.241691,-0.978951,7.368672,2.003674,0.435,0.369693,0.080465,0.016176
8.119205,1.952569,2.011739,0.284622,0.241208,-0.977568,7.370758,2.005641,0.435,0.366724,0.066002,0.017092
8.12788,1.958966,1.982492,0.304338,0.240352,-0.973481,7.378622,2.013076,0.435,0.359828,0.084033,0.017353
8.130984,1.961173,1.97276,0.310904,0.240395,-0.972018,7.385671,2.020013,0.435,0.338495,0.083812,0.016233
8.142446,1.9696,1.93873,0.33368,0.240504,-0.972024,7.389047,2.023183,0.435,0.260748,0.030747,0.013603
8.153237,1.977313,1.909552,0.352779,0.240427,-0.971124,7.394838,2.02899,0.435,0.288722,0.079736,0.012594
8.16744,1.988364,1.875518,0.373431,0.237938,-0.970197,7.401473,2.035291,0.435,0.272999,0.085031,0.006961
8.176022,1.995039,1.856058,0.383759,0.234317,-0.974167,7.405187,2.039698,0.435,0.279387,0.0875,0.00388
8.187092,2.001819,1.831648,0.395446,0.227641,-0.975003,7.409789,2.045131,0.435,0.288187,0.095436,0.00119
8.190357,2.003626,1.82432,0.398659,0.225397,-0.975952,7.411204,2.046793,0.435,0.262424,0.08311,0.00088
8.192473,2.004853,1.819436,0.400759,0.223849,-0.976591,7.412129,2.047754,0.435,0.263158,0.058931,0.00186
8.193509,2.005481,1.816996,0.401822,0.223048,-0.976309,7.412557,2.048209,0.435,0.242422,0.060296,0.001317
8.203547,2.011792,1.792604,0.411974,0.214829,-0.979573,7.417032,2.053806,0.435,0.283315,0.100488,-0.000954
8.211167,2.015542,1.775387,0.418784,0.208803,-0.985093,7.420121,2.057896,0.435,0.28808,0.098139,-0.001233
8.217232,2.017907,1.763032,0.423501,0.204345,-0.985306,7.422493,2.06103,0.435,0.309453,0.10026,-0.001622
8.222297,2.019891,1.753136,0.426915,0.200813,-0.986659,7.423886,2.062924,0.435,0.288923,0.108789,-0.002779
8.238847,2.02691,1.721041,0.435531,0.188936,-0.985991,7.430436,2.071851,0.435,0.307911,0.118567,-0.006792
8.252914,2.030274,1.696389,0.438813,0.17984,-0.981152,7.43512,2.078149,0.435,0.295254,0.117917,-0.007957
8.269918,2.032958,1.66697,0.437384,0.171642,-0.976593,7.440926,2.086341,0.435,0.326457,0.097406,-0.008641
8.285887,2.034322,1.637822,0.430622,0.168062,-0.97031,7.446787,2.09456,0.435,0.304413,0.078555,-0.006578
8.291959,2.034943,1.62574,0.426652,0.168168,-0.968071,7.449351,2.097802,0.435,0.318454,0.104271,-0.005199
8.295362,2.03544,1.618499,0.424073,0.168685,-0.967015,7.450845,2.099911,0.435,0.331222,0.105795,-0.004609
8.306332,2.03731,1.594371,0.41496,0.172526,-0.967762,7.456006,2.106777,0.435,0.313448,0.096535,-0.001718
8.317058,2.039484,1.570257,0.405205,0.179305,-0.967987,7.461193,2.113327,0.435,0.31511,0.07589,-0.000262
8.321901,2.041105,1.558173,0.400233,0.183558,-0.968003,7.464028,2.116362,0.435,0.330139,0.056756,-0.000403
8.323765,2.041879,1.553334,0.398253,0.185383,-0.968016,7.465168,2.117598,0.435,0.332579,0.067861,0.000544
8.327486,2.043608,1.543653,0.394362,0.189162,-0.967692,7.46759,2.12006,0.435,0.337676,0.058306,0.000487
8.335186,2.047475,1.524305,0.386742,0.19696,-0.966588,7.472635,2.12497,0.435,0.35422,0.042601,-0.000294
8.345525,2.052779,1.500201,0.376851,0.206663,-0.963823,7.479336,2.131144,0.435,0.373023,0.02493,-0.002794
8.349846,2.054987,1.490585,0.372626,0.210397,-0.963919,7.482119,2.133609,0.435,0.37166,0.023974,-0.003779
8.354078,2.057283,1.480957,0.368226,0.214027,-0.965146,7.484903,2.136137,0.435,0.379893,0.025022,-0.00478
8.358053,2.059709,1.471301,0.363641,0.217539,-0.966634,7.487801,2.138624,0.435,0.380683,0.028935,-0.005322
8.358993,2.060341,1.468883,0.362457,0.218406,-0.966745,7.488521,2.139269,0.435,0.380952,0.025493,-0.005675
8.360813,2.061628,1.464045,0.360045,0.220126,-0.966282,7.489976,2.140531,0.435,0.384823,0.030658,-0.0057
8.363376,2.063627,1.456785,0.356411,0.22263,-0.965329,7.492179,2.142458,0.435,0.389996,0.029988,-0.006074
8.368843,2.068443,1.439838,0.348243,0.227915,-0.965788,7.497212,2.147134,0.435,0.390055,0.045016,-0.005353
8.381117,2.078738,1.40357,0.331895,0.236957,-0.964281,7.508193,2.157486,0.435,0.406522,0.04912,-0.00695
8.392388,2.087026,1.369928,0.316873,0.243906,-0.960378,7.517855,2.166739,0.435,0.408487,0.048478,-0.006765
8.402865,2.096961,1.336239,0.302389,0.250232,-0.959971,7.529127,2.177738,0.435,0.419115,0.063273,-0.007737
8.416206,2.109726,1.295659,0.283495,0.25386,-0.951887,7.541804,2.191122,0.435,0.442892,0.062582,-0.014377
8.426517,2.116825,1.267323,0.267464,0.255324,-0.942276,7.551295,2.200891,0.435,0.455873,0.073381,-0.015438
8.431705,2.122217,1.246215,0.25471,0.256932,-0.935329,7.55839,2.208649,0.435,0.470688,0.074347,-0.015097
8.434564,2.124643,1.236859,0.249189,0.257797,-0.934219,7.561542,2.212243,0.435,0.467211,0.09084,-0.013576
8.437493,2.127582,1.225184,0.24102,0.259266,-0.932485,7.566104,2.217902,0.435,0.465583,0.102186,-0.012117
8.438718,2.128756,1.220525,0.239648,0.25953,-0.931885,7.566856,2.218879,0.435,0.478611,0.117898,-0.011811
8.440611,2.130568,1.213554,0.235504,0.26036,-0.929832,7.569099,2.221874,0.435,0.483294,0.134861,-0.011117
8.441257,2.131187,1.211235,0.234103,0.26065,-0.929064,7.569839,2.222891,0.435,0.485236,0.133131,-0.011281
8.44657,2.136363,1.192751,0.222726,0.263083,-0.92486,7.575877,2.230971,0.435,0.491031,0.130604,-0.012593
8.447891,2.137657,1.188142,0.219818,0.263718,-0.924504,7.577386,2.233028,0.435,0.493038,0.132313,-0.012867
8.449187,2.138921,1.183537,0.21681,0.264374,-0.923364,7.578935,2.235077,0.435,0.502056,0.119159,-0.014053
8.452259,2.141925,1.172049,0.209071,0.266113,-0.920232,7.582968,2.240123,0.435,0.503828,0.133255,-0.013392
8.453424,2.14307,1.167463,0.205898,0.266866,-0.919116,7.58451,2.242229,0.435,0.503414,0.134139,-0.013116
8.459619,2.149996,1.140051,0.186378,0.272248,-0.912262,7.594249,2.255095,0.435,0.53378,0.136699,-0.011995
8.462077,2.152973,1.128691,0.178026,0.275014,-0.909346,7.598344,2.260662,0.435,0.538733,0.138483,-0.01132
8.462581,2.153573,1.126425,0.176338,0.275607,-0.908678,7.599168,2.261785,0.435,0.538872,0.14051,-0.011092
8.463594,2.154777,1.121901,0.172941,0.276824,-0.907397,7.600816,2.264032,0.435,0.539395,0.140151,-0.010943
8.464104,2.155378,1.119642,0.171231,0.277451,-0.906737,7.60164,2.265157,0.435,0.53957,0.140282,-0.01086
8.464104,2.155378,1.119642,0.171231,0.277451,-0.906737,7.60164,2.265157,0.435,0.53957,0.140282,-0.01086
8.46461,2.15598,1.117384,0.169541,0.278085,-0.906538,7.602465,2.266283,0.435,0.54051,0.140685,-0.010786
8.465118,2.156576,1.115128,0.167814,0.27874,-0.905918,7.603291,2.267411,0.435,0.541024,0.140614,-0.010712
8.468066,2.160003,1.101624,0.157297,0.282985,-0.902877,7.608261,2.274214,0.435,0.545551,0.14237,-0.009742
8.468066,2.160003,1.101624,0.157297,0.282985,-0.902877,7.608261,2.274214,0.435,0.545551,0.14237,-0.009742
8.468528,2.160546,1.099379,0.155523,0.283744,-0.902461,7.609098,2.275357,0.435,0.548646,0.141604,-0.009633
8.470613,2.163243,1.088168,0.146465,0.287884,-0.899415,7.613341,2.281171,0.435,0.557575,0.143552,-0.00802
8.471699,2.164888,1.081453,0.140978,0.290617,-0.89764,7.615889,2.284677,0.435,0.557688,0.144887,-0.006647
8.472685,2.166571,1.074749,0.135463,0.293553,-0.895677,7.618427,2.288174,0.435,0.559105,0.145388,-0.005309
8.476174,2.17388,1.048063,0.113539,0.307123,-0.888281,7.628438,2.302109,0.435,0.54434,0.145134,-0.000321
8.478351,2.178766,1.030426,0.099021,0.317781,-0.883563,7.63477,2.311123,0.435,0.5253,0.144091,0.003185
8.482174,2.192317,0.986767,0.062831,0.35065,-0.870377,7.649573,2.33299,0.435,0.53642,0.15157,0.011778
8.482669,2.194568,0.980283,0.057403,0.356262,-0.868262,7.651711,2.336218,0.435,0.519171,0.150281,0.012685
8.482669,2.194568,0.980283,0.057403,0.356262,-0.868262,7.651711,2.336218,0.435,0.519171,0.150281,0.012685
8.482826,2.195325,0.978127,0.055589,0.358158,-0.867526,7.652425,2.337309,0.435,0.521942,0.152037,0.013167
8.483113,2.196853,0.973818,0.051958,0.362029,-0.866062,7.653829,2.339464,0.435,0.493593,0.147649,0.013481
8.483383,2.198402,0.969516,0.048325,0.365957,-0.86459,7.655228,2.341613,0.435,0.491845,0.146539,0.013985
8.483506,2.199186,0.967368,0.046496,0.36796,-0.863788,7.655929,2.342688,0.435,0.491933,0.146429,0.014286
8.483631,2.19997,0.965223,0.044668,0.369962,-0.863114,7.656629,2.34377,0.435,0.502639,0.150485,0.015008
8.48375,2.200758,0.963079,0.042844,0.372008,-0.862327,7.657326,2.344848,0.435,0.493243,0.148573,0.015144
8.483863,2.201553,0.960938,0.041015,0.374055,-0.861637,7.658019,2.345922,0.435,0.488963,0.147234,0.01532
8.483863,2.201553,0.960938,0.041015,0.374055,-0.861637,7.658019,2.345922,0.435,0.488963,0.147234,0.01532
8.484182,2.203947,0.954526,0.035519,0.380323,-0.8594,7.660146,2.349145,0.435,0.497048,0.141089,0.015612
8.484367,2.205558,0.950262,0.031868,0.384576,-0.858035,7.661573,2.351329,0.435,0.50327,0.153127,0.017668
8.484693,2.209691,0.939632,0.022703,0.395592,-0.854369,7.665058,2.356833,0.435,0.497006,0.153035,0.019475
8.484818,2.213979,0.92904,0.013583,0.407061,-0.851154,7.668546,2.362329,0.435,0.496513,0.155005,0.021622
8.484777,2.21832,0.918498,0.004496,0.419092,-0.847722,7.671972,2.367853,0.435,0.492074,0.154737,0.023771
8.484477,2.224627,0.90382,-0.008055,0.436833,-0.842635,7.676749,2.375643,0.435,0.501565,0.158943,0.027712
8.483905,2.230421,0.891288,-0.018587,0.452837,-0.83844,7.680829,2.382361,0.435,0.506532,0.161339,0.030873
8.482782,2.238818,0.874643,-0.032161,0.475183,-0.833242,7.686359,2.391549,0.435,0.515849,0.165019,0.034769
8.48217,2.243016,0.866375,-0.038641,0.486663,-0.831906,7.689166,2.396249,0.435,0.523314,0.167698,0.037275
8.481851,2.245077,0.862259,-0.041871,0.49259,-0.830711,7.690582,2.398624,0.435,0.525378,0.1682,0.038593
8.481511,2.247113,0.858159,-0.046699,0.501745,-0.828291,7.692718,2.402219,0.435,0.532066,0.170685,0.041193
8.481155,2.249136,0.854072,-0.048258,0.504777,-0.827969,7.693435,2.403427,0.435,0.533414,0.170926,0.042023
8.481155,2.249136,0.854072,-0.048258,0.504777,-0.827969,7.693435,2.403427,0.435,0.533414,0.170926,0.042023
8.480971,2.250159,0.852031,-0.049831,0.50788,-0.827454,7.694153,2.404639,0.435,0.535185,0.171398,0.042892
8.480583,2.252216,0.847954,-0.052925,0.514144,-0.826534,7.695596,2.407077,0.435,0.53896,0.172561,0.044713
8.480377,2.253266,0.845916,-0.054468,0.51734,-0.825985,7.696321,2.408303,0.435,0.540702,0.173005,0.045602
8.480163,2.254338,0.843879,-0.05601,0.520587,-0.825238,7.697047,2.409533,0.435,0.542295,0.173414,0.046457
8.479932,2.255414,0.841843,-0.057529,0.523836,-0.824604,7.697775,2.410767,0.435,0.543969,0.173794,0.047353
8.47918,2.258768,0.835738,-0.062066,0.533892,-0.821933,7.699969,2.414492,0.435,0.548823,0.17491,0.049911
8.477337,2.265918,0.823557,-0.070761,0.554788,-0.816188,7.704407,2.42195,0.435,0.549982,0.157775,0.051764
8.474127,2.277439,0.805419,-0.08255,0.587614,-0.807925,7.711049,2.432767,0.435,0.547793,0.171874,0.059781
8.472154,2.285473,0.793465,-0.089606,0.610455,-0.802308,7.715491,2.43982,0.435,0.532689,0.118473,0.054874
8.47157,2.288209,0.789509,-0.09185,0.618249,-0.800361,7.716902,2.442147,0.435,0.518015,0.156015,0.060305
8.470437,2.293805,0.781621,-0.096107,0.633816,-0.798284,7.719739,2.447021,0.435,0.539241,0.165522,0.065485
8.469161,2.299646,0.773731,-0.100168,0.649634,-0.796813,7.722843,2.451829,0.435,0.554712,0.112117,0.061069
8.463534,2.321263,0.747933,-0.111723,0.702225,-0.792535,7.732393,2.467772,0.435,0.550264,0.159422,0.072446
8.459921,2.336433,0.731893,-0.116888,0.733417,-0.796106,7.738506,2.477538,0.435,0.566524,0.138037,0.071294
8.457724,2.346606,0.721766,-0.11942,0.752172,-0.799752,7.742288,2.483782,0.435,0.561801,0.138788,0.069994
8.455564,2.357331,0.711541,-0.121506,0.77015,-0.804553,7.746176,2.489931,0.435,0.560845,0.14465,0.068697
8.452765,2.373154,0.697066,-0.12381,0.793662,-0.813683,7.751705,2.498502,0.435,0.559233,0.134594,0.063136
8.450348,2.389276,0.680344,-0.125916,0.81815,-0.826425,7.757212,2.507062,0.435,0.562419,0.126496,0.057935
8.447671,2.407632,0.665585,-0.127529,0.837962,-0.837052,7.76365,2.516766,0.435,0.5645,0.121099,0.053437
8.442943,2.438506,0.637724,-0.130453,0.878444,-0.858245,7.776662,2.536411,0.435,0.582599,0.125524,0.046859
8.438495,2.469943,0.609442,-0.132072,0.900542,-0.868916,7.784136,2.547676,0.435,0.581856,0.128887,0.04278
8.435663,2.489628,0.59185,-0.133106,0.916621,-0.876397,7.791707,2.558968,0.435,0.595775,0.112385,0.038556
8.431132,2.521981,0.563011,-0.134485,0.938214,-0.886482,7.801752,2.574116,0.435,0.602428,0.119849,0.034492
8.430111,2.529489,0.556314,-0.134774,0.944784,-0.889827,7.805155,2.579178,0.435,0.597648,0.11507,0.032555
8.42769,2.547134,0.536116,-0.135565,0.958505,-0.897288,7.812815,2.590679,0.435,0.602276,0.11478,0.02957
8.422115,2.587915,0.504394,-0.13663,0.977159,-0.908762,7.824884,2.608654,0.435,0.604476,0.116195,0.025239
8.417276,2.623952,0.472303,-0.137565,0.992955,-0.919926,7.837097,2.627241,0.435,0.632126,0.138654,0.023146
8.422142,2.670157,0.44334,0.530009,0.567633,-0.171485,7.855282,2.656319,0.435,0.598577,0.096047,0.015968
8.43275,2.685843,0.44125,0.397106,0.572125,-0.026277,7.863735,2.667849,0.435,0.663738,0.101445,0.015126
8.443693,2.703253,0.440893,0.364321,0.599646,-0.025778,7.875288,2.685947,0.435,0.714242,0.171294,0.011086
8.471153,2.751985,0.440662,0.377645,0.696861,-0.018234,7.902552,2.729249,0.435,0.680732,0.126873,-0.003025
8.478567,2.764219,0.440389,0.388771,0.644457,-0.026988,7.910858,2.741319,0.435,0.627546,0.094531,0.000719
8.492122,2.787678,0.440157,0.338022,0.636419,-0.022756,7.924239,2.762751,0.435,0.708837,0.158877,0.001132
8.50303,2.808724,0.440344,0.349492,0.709458,0.030127,7.935435,2.782148,0.435,0.737736,0.174715,-0.00367
8.52408,2.848093,0.440127,0.373908,0.691459,-0.022011,7.956728,2.818014,0.435,0.760898,0.17852,-0.002608
8.540615,2.878489,0.440192,0.390698,0.724687,-0.011931,7.973444,2.846331,0.435,0.766994,0.174876,-0.001615
8.565935,2.92188,0.440247,0.430426,0.731405,0.003547,7.998984,2.887124,0.435,0.80295,0.145164,-0.00271
8.57773,2.941901,0.440239,0.426391,0.726044,0.005294,8.010855,2.906053,0.435,0.793935,0.13993,-0.002432
8.579858,2.945527,0.44024,0.426761,0.723235,0.004631,8.012995,2.909468,0.435,0.79136,0.142778,-0.002489
8.591447,2.965345,0.440225,0.421664,0.721369,-0.005464,8.02362,2.926458,0.435,0.792916,0.138066,-0.002245
8.600736,2.981564,0.440222,0.418296,0.718827,-0.007347,8.034035,2.943419,0.435,0.781037,0.146522,-0.002609
8.611813,3.001222,0.440249,0.399167,0.711622,0.009994,8.045247,2.961905,0.435,0.758773,0.144321,-0.002611
8.626416,3.027218,0.440162,0.388,0.692044,-0.01902,8.059927,2.986247,0.435,0.725971,0.140712,-0.001244
8.637044,3.045744,0.440216,0.383911,0.674583,-0.011043,8.070685,3.003594,0.435,0.7185,0.119088,0.000114
8.644585,3.059415,0.439966,0.382641,0.680798,-0.039422,8.078362,3.016533,0.435,0.725832,0.123642,-0.000262
8.648438,3.066143,0.440194,0.383872,0.677991,-0.004458,8.082268,3.022843,0.435,0.731933,0.126552,-0.000121
8.675393,3.115152,0.440266,0.366321,0.732341,-0.007519,8.109495,3.068736,0.435,0.756655,0.172234,-0.003274
8.689804,3.14195,0.440188,0.392004,0.708936,-0.010507,8.124187,3.093389,0.435,0.755604,0.126576,-0.001145
8.7054,3.171286,0.440244,0.391296,0.747074,0.008414,8.139946,3.120671,0.435,0.777503,0.136962,-0.002267
8.717138,3.193353,0.440175,0.388527,0.745959,-0.017982,8.151803,3.141396,0.435,0.807837,0.177698,-0.002321
8.72499,3.208346,0.440172,0.401473,0.728888,-0.018754,8.159812,3.155676,0.435,0.801524,0.162269,-0.002627
8.735019,3.227217,0.44021,0.401455,0.765023,-0.005462,8.169969,3.173635,0.435,0.791609,0.135095,-0.001663
8.750514,3.257254,0.440171,0.373803,0.745831,-0.013807,8.188426,3.207502,0.435,0.795561,0.181816,-0.003003
8.761845,3.280236,0.440277,0.385879,0.760154,0.000154,8.197077,3.223693,0.435,0.758922,0.129605,-0.001585
8.782126,3.320151,0.440178,0.374717,0.767885,-0.011299,8.218631,3.263257,0.435,0.815419,0.1775,-0.001325
8.793052,3.341465,0.440196,0.390595,0.761878,-0.009822,8.228769,3.28154,0.435,0.836053,0.164159,-0.002843
8.798051,3.351252,0.440215,0.409001,0.780938,-0.007625,8.233905,3.29086,0.435,0.835161,0.164843,-0.003048
8.79909,3.353205,0.440204,0.401088,0.791072,-0.006809,8.23496,3.29273,0.435,0.844501,0.152374,-0.002814
8.805122,3.364888,0.440128,0.392566,0.781348,-0.018897,8.241048,3.30376,0.435,0.81029,0.168635,-0.002731
8.812293,3.378475,0.440216,0.414041,0.780603,0.011274,8.248305,3.316806,0.435,0.848282,0.153774,-0.002482
8.817467,3.388327,0.440244,0.416659,0.792281,0.010157,8.253587,3.326331,0.435,0.855609,0.15255,-0.002824
8.829953,3.41184,0.44015,0.420667,0.780666,-0.027879,8.266226,3.348788,0.435,0.853819,0.149685,-0.002615
8.841394,3.433681,0.440128,0.418846,0.797047,-0.03212,8.277852,3.369525,0.435,0.841715,0.154979,-0.002835
8.841394,3.433681,0.440128,0.418846,0.797047,-0.03212,8.277852,3.369525,0.435,0.841715,0.154979,-0.002835
8.843485,3.437672,0.440199,0.418513,0.799137,-0.013536,8.279979,3.373313,0.435,0.858457,0.146364,-0.002649
8.844537,3.439688,0.440229,0.420701,0.802849,0.00597,8.281042,3.375222,0.435,0.858873,0.151728,-0.002808
8.846634,3.443681,0.440217,0.420314,0.795738,0.000392,8.28316,3.378991,0.435,0.846519,0.146262,-0.002694
8.847681,3.445666,0.440166,0.420328,0.795737,-0.020457,8.284226,3.380878,0.435,0.854641,0.145994,-0.002665
8.850827,3.451671,0.440182,0.417871,0.808637,-0.008323,8.287433,3.386555,0.435,0.859404,0.143045,-0.002621
8.863597,3.476103,0.44023,0.429035,0.825062,0.007361,8.300376,3.409754,0.435,0.87934,0.151813,-0.00282
8.866829,3.482251,0.440169,0.430356,0.821997,-0.02023,8.30368,3.415639,0.435,0.887975,0.153374,-0.002794
8.872335,3.494718,0.440063,0.445045,0.83897,-0.043287,8.310225,3.427484,0.435,0.888234,0.160562,-0.002657
8.884285,3.515694,0.440148,0.449233,0.833366,-0.01099,8.321205,3.447584,0.435,0.899265,0.16543,-0.002842
8.896195,3.538962,0.440236,0.437537,0.854997,0.01081,8.333315,3.469986,0.435,0.917189,0.16767,-0.002986
8.908202,3.562415,0.440133,0.43966,0.857285,0.005131,8.347594,3.496996,0.435,0.92925,0.179231,-0.003327
8.920225,3.585968,0.440217,0.444211,0.857407,-0.009184,8.357601,3.516004,0.435,0.933665,0.187738,-0.003374
8.924663,3.594555,0.440235,0.444192,0.864384,0.009464,8.362047,3.52452,0.435,0.942908,0.184866,-0.003237
8.926887,3.598855,0.440237,0.443911,0.860866,0.009274,8.364286,3.528787,0.435,0.94711,0.184629,-0.003185
8.933579,3.611871,0.440223,0.45066,0.871334,0.009491,8.370968,3.541602,0.435,0.948976,0.184387,-0.002757
8.936953,3.618338,0.440218,0.449622,0.866684,0.007881,8.374345,3.548058,0.435,0.953327,0.186401,-0.002559
8.940314,3.624914,0.440227,0.446689,0.864636,0.005415,8.377719,3.554541,0.435,0.957974,0.191711,-0.002976
8.943691,3.631445,0.440117,0.430915,0.862238,-0.023954,8.381112,3.561086,0.435,0.966051,0.19062,-0.003376
8.945897,3.635819,0.440194,0.449526,0.859321,-0.017446,8.38336,3.565443,0.435,0.962962,0.193434,-0.003691
8.956026,3.655554,0.440238,0.453946,0.87194,0.009127,8.393537,3.58505,0.435,0.967371,0.19184,-0.003432
8.960551,3.664324,0.440238,0.450259,0.880436,0.004962,8.398107,3.593832,0.435,0.967585,0.193579,-0.003618
8.963927,3.67089,0.440235,0.456239,0.87621,-0.005505,8.401523,3.600417,0.435,0.970972,0.194029,-0.003468
8.968462,3.679603,0.440232,0.456263,0.878593,0.006751,8.406106,3.609248,0.435,0.970754,0.193061,-0.003436
8.970747,3.68406,0.440236,0.457289,0.883725,0.000789,8.408389,3.613634,0.435,0.970624,0.19286,-0.003578
8.975314,3.69287,0.440253,0.458333,0.88178,0.010137,8.41298,3.62247,0.435,0.976525,0.195058,-0.003633
8.982172,3.706146,0.440205,0.458014,0.888496,-0.016412,8.419861,3.637906,0.435,0.967689,0.193113,-0.003545
8.988726,3.71898,0.440208,0.428393,0.859655,-0.010902,8.426411,3.648394,0.435,0.887221,0.188719,-0.002336
8.990758,3.723014,0.440187,0.394654,0.860004,-0.016595,8.428399,3.65222,0.435,0.861461,0.187355,-0.001519
9.00045,3.742699,0.440167,0.396769,0.830342,-0.078233,8.438076,3.670486,0.435,0.827888,0.154811,0.003083
9.018367,3.779037,0.440398,0.373075,0.762874,-0.023788,8.455927,3.704718,0.435,0.848967,0.189642,0.003629
9.033771,3.811214,0.440257,0.352496,0.768319,0.003845,8.471717,3.734987,0.435,0.79461,0.173832,-0.002817
9.050243,3.847142,0.440267,0.353871,0.795448,-0.006135,8.488701,3.768473,0.435,0.730216,0.115037,-5.1E-05
9.055509,3.858108,0.440207,0.369241,0.782914,-0.026263,8.494155,3.778489,0.435,0.781334,0.129168,0.003127
