0.052274,0.050502,9.998069,0.026849,0.034434,0.008615,0.646291,0.178058,0,1.270492,0.590273,0.146744
0.052274,0.050502,9.998069,0.026849,0.034434,0.008615,0.646291,0.178058,0,1.270492,0.590273,0.146744
0.052274,0.050502,9.998069,0.026849,0.034434,0.008615,0.66492,0.187611,0,1.242373,0.600681,0.14542
0.052274,0.050502,9.998069,0.026849,0.034434,0.008615,0.701277,0.207284,0,1.208545,0.628768,0.145101
0.052274,0.050502,9.998069,0.026849,0.034434,0.008615,0.719162,0.217456,0,1.197209,0.644316,0.145497
0.052274,0.050502,9.998069,0.026849,0.034434,0.008615,0.725085,0.220899,0,1.193754,0.649597,0.145662
0.052274,0.050502,9.998069,0.026849,0.034434,0.008615,0.73099,0.224367,0,1.190174,0.654788,0.14581
0.052274,0.050502,9.998069,0.026849,0.034434,0.008615,0.73099,0.224367,0,1.190174,0.654788,0.14581
0.052274,0.050502,9.998069,0.026849,0.034434,0.008615,0.766993,0.24019,0,1.221307,0.390695,0.126586
0.052274,0.050502,9.998069,0.026849,0.034434,0.008615,0.77617,0.243213,0,1.223805,0.317811,0.120809
0.052274,0.050502,9.998069,0.026849,0.034434,0.008615,0.782304,0.244982,0,1.231535,0.314808,0.121161
0.052274,0.050502,9.998069,0.026849,0.034434,0.008615,0.788432,0.246742,0,1.221977,0.309357,0.119974
0.052274,0.050502,9.998069,0.026849,0.034434,0.008615,0.794686,0.248569,0,1.278156,0.336339,0.126535
0.052274,0.050502,9.998069,0.026849,0.034434,0.008615,0.801082,0.250481,0,1.2901,0.346559,0.128297
0.052274,0.050502,9.998069,0.026849,0.034434,0.008615,0.807528,0.252445,0,1.298973,0.356073,0.129764
0.052274,0.050502,9.998069,0.026849,0.034434,0.008615,0.820442,0.25645,0,1.289737,0.36418,0.129713
0.052274,0.050502,9.998069,0.026849,0.034434,0.008615,0.833362,0.260544,0,1.301322,0.376723,0.131638
0.052274,0.050502,9.998069,0.026849,0.034434,0.008615,0.856107,0.268134,0,1.29175,0.425879,0.134923
0.052274,0.050502,9.998069,0.026849,0.034434,0.008615,0.859318,0.269302,0,1.291618,0.425842,0.13491
0.052274,0.050502,9.998069,0.026849,0.034434,0.008615,0.893582,0.284773,0,1.215985,0.600623,0.143371
0.052274,0.050502,9.998069,0.026849,0.034434,0.008615,0.893582,0.284773,0,1.215985,0.600623,0.143371
0.052274,0.050502,9.998069,0.026849,0.034434,0.008615,0.905339,0.29161,0,1.173314,0.671428,0.145867
0.052274,0.050502,9.998069,0.026849,0.034434,0.008615,0.905339,0.29161,0,1.173314,0.671428,0.145867
0.052274,0.050502,9.998069,0.026849,0.034434,0.008615,0.916713,0.299188,0,1.138988,0.749098,0.149572
0.052274,0.050502,9.998069,0.026849,0.034434,0.008615,0.946929,0.322085,0,1.09408,0.802148,0.15044
0.098105,0.099715,9.997178,0.343669,0.260304,0.054592,0.955009,0.32841,0,1.167653,0.662764,0.243104
0.098105,0.099715,9.997178,0.343669,0.260304,0.054592,0.971027,0.34115,0,1.151679,0.671404,0.241593
0.098105,0.099715,9.997178,0.343669,0.260304,0.054592,0.971027,0.34115,0,1.151679,0.671404,0.241593
0.098105,0.099715,9.997178,0.343669,0.260304,0.054592,0.976331,0.345437,0,1.149598,0.676006,0.241752
0.098105,0.099715,9.997178,0.343669,0.260304,0.054592,0.984247,0.351892,0,1.147766,0.680597,0.241948
0.098105,0.099715,9.997178,0.343669,0.260304,0.054592,0.984247,0.351892,0,1.147766,0.680597,0.241948
0.098105,0.099715,9.997178,0.343669,0.260304,0.054592,0.989527,0.356236,0,1.146991,0.685667,0.242351
0.098105,0.099715,9.997178,0.343669,0.260304,0.054592,1.00275,0.367248,0,1.162667,0.706808,0.24687
0.098105,0.099715,9.997178,0.343669,0.260304,0.054592,1.00275,0.367248,0,1.162667,0.706808,0.24687
0.098105,0.099715,9.997178,0.343669,0.260304,0.054592,1.016082,0.377805,0,1.167565,0.62982,0.239714
0.098105,0.099715,9.997178,0.343669,0.260304,0.054592,1.044377,0.395629,0,1.230309,0.465106,0.232245
0.098105,0.099715,9.997178,0.343669,0.260304,0.054592,1.056355,0.401753,0,1.265531,0.406914,0.231565
0.098105,0.099715,9.997178,0.343669,0.260304,0.054592,1.077527,0.412541,0,1.274828,0.426068,0.234923
0.098105,0.099715,9.997178,0.343669,0.260304,0.054592,1.083578,0.415678,0,1.273958,0.430022,0.235198
0.098105,0.099715,9.997178,0.343669,0.260304,0.054592,1.083578,0.415678,0,1.273958,0.430022,0.235198
0.098105,0.099715,9.997178,0.343669,0.260304,0.054592,1.104688,0.426803,0,1.266536,0.44181,0.235292
0.098105,0.099715,9.997178,0.343669,0.260304,0.054592,1.119553,0.435308,0,1.256255,0.505449,0.240273
0.098105,0.099715,9.997178,0.343669,0.260304,0.054592,1.128377,0.440645,0,1.249539,0.521585,0.240919
0.098105,0.099715,9.997178,0.343669,0.260304,0.054592,1.151744,0.455298,0,1.244864,0.544202,0.242535
0.098105,0.099715,9.997178,0.343669,0.260304,0.054592,1.163389,0.462682,0,1.241498,0.544869,0.242099
0.098105,0.099715,9.997178,0.343669,0.260304,0.054592,1.177305,0.472061,0,1.16929,0.574056,0.234257
0.098105,0.099715,9.997178,0.343669,0.260304,0.054592,1.198311,0.487641,0,1.116593,0.623765,0.231447
0.2201,0.225774,9.983253,0.776639,0.451184,0.077133,1.228167,0.512829,0,1.119514,0.674515,0.237086
0.2201,0.225774,9.983253,0.776639,0.451184,0.077133,1.230723,0.51495,0,1.119514,0.674515,0.237086
0.2201,0.225774,9.983253,0.776639,0.451184,0.077133,1.281958,0.553298,0,1.265367,0.431444,0.248721
0.2201,0.225774,9.983253,0.776639,0.451184,0.077133,1.302916,0.569181,0,1.159017,0.547699,0.24066
0.2201,0.225774,9.983253,0.776639,0.451184,0.077133,1.31472,0.580508,0,1.117846,0.64485,0.241931
0.2201,0.225774,9.983253,0.776639,0.451184,0.077133,1.323505,0.590363,0,1.079963,0.729426,0.242695
0.2201,0.225774,9.983253,0.776639,0.451184,0.077133,1.329773,0.598143,0,1.065037,0.765894,0.243261
0.2201,0.225774,9.983253,0.776639,0.451184,0.077133,1.34426,0.616587,0,1.062934,0.785994,0.2446
0.2201,0.225774,9.983253,0.776639,0.451184,0.077133,1.352467,0.627269,0,1.060051,0.796986,0.245042
0.2201,0.225774,9.983253,0.776639,0.451184,0.077133,1.362967,0.640087,0,1.068098,0.723246,0.240183
0.2201,0.225774,9.983253,0.776639,0.451184,0.077133,1.390486,0.667272,0,1.087732,0.594185,0.23261
0.2201,0.225774,9.983253,0.776639,0.451184,0.077133,1.390486,0.667272,0,1.087732,0.594185,0.23261
0.2201,0.225774,9.983253,0.776639,0.451184,0.077133,1.390486,0.667272,0,1.087732,0.594185,0.23261
0.2201,0.225774,9.983253,0.776639,0.451184,0.077133,1.401178,0.678741,0,1.034028,0.666113,0.229653
0.2201,0.225774,9.983253,0.776639,0.451184,0.077133,1.41271,0.693746,0,1.007681,0.789255,0.235601
0.2201,0.225774,9.983253,0.776639,0.451184,0.077133,1.41462,0.696392,0,1.004929,0.799321,0.235986
0.2201,0.225774,9.983253,0.776639,0.451184,0.077133,1.440207,0.731629,0,1.054787,0.842296,0.247974
0.2201,0.225774,9.983253,0.776639,0.451184,0.077133,1.44416,0.73727,0,1.046289,0.864041,0.248379
0.2201,0.225774,9.983253,0.776639,0.451184,0.077133,1.448066,0.742982,0,1.042633,0.877155,0.24887
0.419512,0.424129,9.950361,1.24851,0.461765,0.026175,1.453907,0.751611,0,1.04304,0.886537,0.249728
0.419512,0.424129,9.950361,1.24851,0.461765,0.026175,1.462184,0.762948,0,1.201176,0.698305,0.209215
0.419512,0.424129,9.950361,1.24851,0.461765,0.026175,1.470758,0.77398,0,1.171725,0.66365,0.203865
0.419512,0.424129,9.950361,1.24851,0.461765,0.026175,1.470758,0.77398,0,1.171725,0.66365,0.203865
0.419512,0.424129,9.950361,1.24851,0.461765,0.026175,1.485018,0.792002,0,1.120336,0.603983,0.194526
0.419512,0.424129,9.950361,1.24851,0.461765,0.026175,1.495362,0.804002,0,1.1097,0.553261,0.192127
0.419512,0.424129,9.950361,1.24851,0.461765,0.026175,1.495362,0.804002,0,1.1097,0.553261,0.192127
0.419512,0.424129,9.950361,1.24851,0.461765,0.026175,1.520331,0.83127,0,1.093594,0.490216,0.188647
0.419512,0.424129,9.950361,1.24851,0.461765,0.026175,1.534909,0.846512,0,1.102797,0.479463,0.190047
0.419512,0.424129,9.950361,1.24851,0.461765,0.026175,1.55485,0.867688,0,1.213281,0.56133,0.209512
0.419512,0.424129,9.950361,1.24851,0.461765,0.026175,1.566454,0.880547,0,1.243628,0.602804,0.215098
0.419512,0.424129,9.950361,1.24851,0.461765,0.026175,1.568776,0.883179,0,1.24624,0.609607,0.215619
0.419512,0.424129,9.950361,1.24851,0.461765,0.026175,1.575734,0.891183,0,1.252455,0.63062,0.21692
0.419512,0.424129,9.950361,1.24851,0.461765,0.026175,1.580351,0.896614,0,1.254373,0.646633,0.217442
0.419512,0.424129,9.950361,1.24851,0.461765,0.026175,1.582649,0.899355,0,1.254094,0.653614,0.217483
0.419512,0.424129,9.950361,1.24851,0.461765,0.026175,1.587227,0.904882,0,1.253951,0.666281,0.217618
0.419512,0.424129,9.950361,1.24851,0.461765,0.026175,1.596284,0.916117,0,1.250123,0.695263,0.217344
0.419512,0.424129,9.950361,1.24851,0.461765,0.026175,1.605112,0.927648,0,1.233293,0.719352,0.214838
0.419512,0.424129,9.950361,1.24851,0.461765,0.026175,1.618219,0.944465,0,1.212228,0.672686,0.210737
0.419512,0.424129,9.950361,1.24851,0.461765,0.026175,1.644237,0.976187,0,1.168696,0.619603,0.202805
0.419512,0.424129,9.950361,1.24851,0.461765,0.026175,1.644237,0.976187,0,1.168696,0.619603,0.202805
0.707188,0.673286,9.891464,1.697883,0.269085,-0.019059,1.666089,1.006465,0,1.190339,0.69034,0.1524
0.707188,0.673286,9.891464,1.697883,0.269085,-0.019059,1.667932,1.00941,0,1.194208,0.694451,0.152742
0.707188,0.673286,9.891464,1.697883,0.269085,-0.019059,1.667932,1.00941,0,1.194208,0.694451,0.152742
0.707188,0.673286,9.891464,1.697883,0.269085,-0.019059,1.667932,1.00941,0,1.184223,0.735334,0.147644
0.707188,0.673286,9.891464,1.697883,0.269085,-0.019059,1.678507,1.02762,0,1.174771,0.774622,0.14277
0.707188,0.673286,9.891464,1.697883,0.269085,-0.019059,1.68352,1.037041,0,1.17005,0.804918,0.139463
0.707188,0.673286,9.891464,1.697883,0.269085,-0.019059,1.690024,1.049855,0,1.16733,0.836021,0.13644
0.707188,0.673286,9.891464,1.697883,0.269085,-0.019059,1.694855,1.059564,0,1.168675,0.842587,0.136139
0.707188,0.673286,9.891464,1.697883,0.269085,-0.019059,1.710874,1.09213,0,1.172434,0.847266,0.136415
0.707188,0.673286,9.891464,1.697883,0.269085,-0.019059,1.713862,1.098421,0,1.094787,0.823781,0.124711
0.707188,0.673286,9.891464,1.697883,0.269085,-0.019059,1.721847,1.11592,0,0.990635,0.767414,0.111046
0.707188,0.673286,9.891464,1.697883,0.269085,-0.019059,1.729658,1.133006,0,0.985246,0.756824,0.110967
0.707188,0.673286,9.891464,1.697883,0.269085,-0.019059,1.729658,1.133006,0,0.985246,0.756824,0.110967
0.707188,0.673286,9.891464,1.697883,0.269085,-0.019059,1.7357,1.146761,0,0.912421,0.735049,0.099969
0.707188,0.673286,9.891464,1.697883,0.269085,-0.019059,1.748966,1.174033,0,1.041053,0.698248,0.125554
0.707188,0.673286,9.891464,1.697883,0.269085,-0.019059,1.761409,1.199039,0,0.909382,0.758411,0.097524
0.707188,0.673286,9.891464,1.697883,0.269085,-0.019059,1.766154,1.209481,0,0.900479,0.681083,0.102289
0.707188,0.673286,9.891464,1.697883,0.269085,-0.019059,1.766154,1.209481,0,0.900479,0.681083,0.102289
0.707188,0.673286,9.891464,1.697883,0.269085,-0.019059,1.766154,1.209481,0,0.900479,0.681083,0.102289
0.707188,0.673286,9.891464,1.697883,0.269085,-0.019059,1.773749,1.221629,0,0.998737,0.55296,0.130018
0.707188,0.673286,9.891464,1.697883,0.269085,-0.019059,1.780919,1.233599,0,0.915393,0.600002,0.111542
0.707188,0.673286,9.891464,1.697883,0.269085,-0.019059,1.783442,1.238469,0,0.865654,0.637168,0.099772
0.707188,0.673286,9.891464,1.697883,0.269085,-0.019059,1.799623,1.270371,0,1.06721,0.716515,0.12865
1.102732,0.93543,9.802537,2.12746,-0.197578,-0.028627,1.813712,1.302359,0,1.048924,0.626015,0.097304
1.102732,0.93543,9.802537,2.12746,-0.197578,-0.028627,1.820982,1.315593,0,1.067957,0.530471,0.114585
1.102732,0.93543,9.802537,2.12746,-0.197578,-0.028627,1.830995,1.334063,0,1.066528,0.647309,0.097371
1.102732,0.93543,9.802537,2.12746,-0.197578,-0.028627,1.837235,1.348733,0,1.047894,0.754717,0.078439
1.102732,0.93543,9.802537,2.12746,-0.197578,-0.028627,1.839601,1.35484,0,1.039944,0.778033,0.073629
1.102732,0.93543,9.802537,2.12746,-0.197578,-0.028627,1.852991,1.389828,0,0.931402,0.647836,0.073055
1.102732,0.93543,9.802537,2.12746,-0.197578,-0.028627,1.858103,1.403208,0,0.941947,0.716114,0.065037
1.102732,0.93543,9.802537,2.12746,-0.197578,-0.028627,1.866268,1.430141,0,0.984477,0.810784,0.058926
1.102732,0.93543,9.802537,2.12746,-0.197578,-0.028627,1.866268,1.430141,0,0.984477,0.810784,0.058926
1.102732,0.93543,9.802537,2.12746,-0.197578,-0.028627,1.875433,1.457555,0,0.883684,0.663536,0.062216
1.102732,0.93543,9.802537,2.12746,-0.197578,-0.028627,1.877294,1.46312,0,0.920029,0.764745,0.054047
1.102732,0.93543,9.802537,2.12746,-0.197578,-0.028627,1.885449,1.492962,0,0.921846,0.756785,0.055528
1.102732,0.93543,9.802537,2.12746,-0.197578,-0.028627,1.892302,1.51196,0,0.910838,0.663285,0.067124
1.102732,0.93543,9.802537,2.12746,-0.197578,-0.028627,1.895436,1.519572,0,0.904421,0.607835,0.07402
1.102732,0.93543,9.802537,2.12746,-0.197578,-0.028627,1.901057,1.532114,0,0.947448,0.609663,0.081473
1.102732,0.93543,9.802537,2.12746,-0.197578,-0.028627,1.904713,1.540113,0,0.972453,0.624409,0.083819
1.102732,0.93543,9.802537,2.12746,-0.197578,-0.028627,1.904713,1.540113,0,0.972453,0.624409,0.083819
1.102732,0.93543,9.802537,2.12746,-0.197578,-0.028627,1.904713,1.540113,0,0.972453,0.632258,0.075898
1.629381,1.190071,9.676814,2.518649,-0.782188,0.006297,1.918465,1.571852,0,1.05901,0.553907,0.098594
1.629381,1.190071,9.676814,2.518649,-0.782188,0.006297,1.918465,1.571852,0,1.05901,0.553907,0.098594
1.629381,1.190071,9.676814,2.518649,-0.782188,0.006297,1.925547,1.587396,0,1.008031,0.527268,0.093843
1.629381,1.190071,9.676814,2.518649,-0.782188,0.006297,1.933821,1.6063,0,1.03481,0.563806,0.092434
1.629381,1.190071,9.676814,2.518649,-0.782188,0.006297,1.939803,1.62015,0,1.058177,0.575951,0.094623
1.629381,1.190071,9.676814,2.518649,-0.782188,0.006297,1.948214,1.640414,0,1.101012,0.622666,0.094401
1.629381,1.190071,9.676814,2.518649,-0.782188,0.006297,1.951834,1.649406,0,1.12181,0.637649,0.095626
1.629381,1.190071,9.676814,2.518649,-0.782188,0.006297,1.951834,1.649406,0,1.12181,0.637649,0.095626
1.629381,1.190071,9.676814,2.518649,-0.782188,0.006297,1.951834,1.649406,0,1.12181,0.637649,0.095626
1.629381,1.190071,9.676814,2.518649,-0.782188,0.006297,1.956707,1.661679,0,1.14657,0.677956,0.093194
1.629381,1.190071,9.676814,2.518649,-0.782188,0.006297,1.966429,1.686745,0,1.1473,0.68302,0.092451
1.629381,1.190071,9.676814,2.518649,-0.782188,0.006297,1.966429,1.686745,0,1.1473,0.68302,0.092451
1.629381,1.190071,9.676814,2.518649,-0.782188,0.006297,1.966429,1.686745,0,1.1473,0.68302,0.092451
1.629381,1.190071,9.676814,2.518649,-0.782188,0.006297,1.972404,1.702622,0,1.159202,0.702426,0.091276
1.629381,1.190071,9.676814,2.518649,-0.782188,0.006297,1.975877,1.712227,0,1.147743,0.728227,0.084703
1.629381,1.190071,9.676814,2.518649,-0.782188,0.006297,1.981324,1.728346,0,1.131146,0.748617,0.078124
1.629381,1.190071,9.676814,2.518649,-0.782188,0.006297,1.995992,1.77666,0,1.065175,0.790625,0.058731
1.629381,1.190071,9.676814,2.518649,-0.782188,0.006297,1.995992,1.77666,0,1.065175,0.790625,0.058731
1.629381,1.190071,9.676814,2.518649,-0.782188,0.006297,2.00116,1.79938,0,1.021374,0.838515,0.042392
1.629381,1.190071,9.676814,2.518649,-0.782188,0.006297,2.003956,1.812199,0,1.003463,0.831507,0.040315
1.629381,1.190071,9.676814,2.518649,-0.782188,0.006297,2.004537,1.815425,0,0.985069,0.865105,0.031118
1.629381,1.190071,9.676814,2.518649,-0.782188,0.006297,2.004537,1.815425,0,0.985069,0.865105,0.031118
1.629381,1.190071,9.676814,2.518649,-0.782188,0.006297,2.006446,1.828388,0,0.947043,0.906505,0.016964
1.629381,1.190071,9.676814,2.518649,-0.782188,0.006297,2.008423,1.844601,0,0.927148,0.91683,0.011521
2.297143,1.43933,9.51494,2.832963,-1.443488,-0.002195,2.01074,1.866255,0,0.921829,0.780189,0.01488
2.297143,1.43933,9.51494,2.832963,-1.443488,-0.002195,2.011324,1.872283,0,0.916894,0.781883,0.013755
2.297143,1.43933,9.51494,2.832963,-1.443488,-0.002195,2.012685,1.88727,0,0.90838,0.7872,0.011386
2.297143,1.43933,9.51494,2.832963,-1.443488,-0.002195,2.013914,1.902145,0,0.891923,0.786315,0.008797
2.297143,1.43933,9.51494,2.832963,-1.443488,-0.002195,2.013914,1.902145,0,0.891923,0.786315,0.008797
2.297143,1.43933,9.51494,2.832963,-1.443488,-0.002195,2.015007,1.916946,0,0.877606,0.787644,0.00617
2.297143,1.43933,9.51494,2.832963,-1.443488,-0.002195,2.01593,1.931497,0,0.8526,0.782095,0.002985
2.297143,1.43933,9.51494,2.832963,-1.443488,-0.002195,2.016243,1.937217,0,0.836905,0.775466,0.001546
2.297143,1.43933,9.51494,2.832963,-1.443488,-0.002195,2.016243,1.937217,0,0.836905,0.775466,0.001546
2.297143,1.43933,9.51494,2.832963,-1.443488,-0.002195,2.016754,1.948408,0,0.806915,0.764124,-0.00144
2.297143,1.43933,9.51494,2.832963,-1.443488,-0.002195,2.017403,1.967492,0,0.774369,0.75484,-0.005219
2.297143,1.43933,9.51494,2.832963,-1.443488,-0.002195,2.017843,1.989213,0,0.767159,0.768225,-0.008807
2.297143,1.43933,9.51494,2.832963,-1.443488,-0.002195,2.018,2.008011,0,0.747965,0.756876,-0.009989
2.297143,1.43933,9.51494,2.832963,-1.443488,-0.002195,2.0181,2.013374,0,0.776355,0.753307,-0.004614
2.297143,1.43933,9.51494,2.832963,-1.443488,-0.002195,2.018259,2.044994,0,0.742211,0.745079,-0.008848
2.297143,1.43933,9.51494,2.832963,-1.443488,-0.002195,2.018298,2.057884,0,0.710534,0.741326,-0.013467
2.297143,1.43933,9.51494,2.832963,-1.443488,-0.002195,2.01851,2.067959,0,0.712341,0.718965,-0.009181
2.297143,1.43933,9.51494,2.832963,-1.443488,-0.002195,2.018693,2.072899,0,0.705549,0.718413,-0.010217
2.297143,1.43933,9.51494,2.832963,-1.443488,-0.002195,2.019052,2.080134,0,0.705646,0.646386,0.002632
2.297143,1.43933,9.51494,2.832963,-1.443488,-0.002195,2.020787,2.111401,0,0.717099,0.611572,0.010746
2.297143,1.43933,9.51494,2.832963,-1.443488,-0.002195,2.021362,2.118314,0,0.674113,0.620254,0.002024
3.104056,1.685872,9.31967,3.003826,-2.147415,-0.116982,2.023024,2.143338,0,0.807745,0.565338,-0.005174
3.104056,1.685872,9.31967,3.003826,-2.147415,-0.116982,2.023284,2.145779,0,0.812352,0.551064,-0.002099
3.104056,1.685872,9.31967,3.003826,-2.147415,-0.116982,2.024837,2.165068,0,0.809408,0.587659,-0.008939
3.104056,1.685872,9.31967,3.003826,-2.147415,-0.116982,2.027447,2.186691,0,0.797168,0.552308,-0.004108
3.104056,1.685872,9.31967,3.003826,-2.147415,-0.116982,2.028333,2.194286,0,0.848208,0.610654,-0.008449
3.104056,1.685872,9.31967,3.003826,-2.147415,-0.116982,2.030496,2.20918,0,0.810859,0.514554,0.004202
3.104056,1.685872,9.31967,3.003826,-2.147415,-0.116982,2.031314,2.226106,0,0.763344,0.630642,-0.021989
3.104056,1.685872,9.31967,3.003826,-2.147415,-0.116982,2.031403,2.233547,0,0.767752,0.629872,-0.021333
3.104056,1.685872,9.31967,3.003826,-2.147415,-0.116982,2.030813,2.243848,0,0.733639,0.738905,-0.044695
3.104056,1.685872,9.31967,3.003826,-2.147415,-0.116982,2.029579,2.279609,0,0.697849,0.535968,-0.012906
3.104056,1.685872,9.31967,3.003826,-2.147415,-0.116982,2.030386,2.306055,0,0.676363,0.683973,-0.041695
3.104056,1.685872,9.31967,3.003826,-2.147415,-0.116982,2.030386,2.306055,0,0.676363,0.683973,-0.041695
3.104056,1.685872,9.31967,3.003826,-2.147415,-0.116982,2.030386,2.306055,0,0.676363,0.683973,-0.041695
3.104056,1.685872,9.31967,3.003826,-2.147415,-0.116982,2.02977,2.31091,0,0.660261,0.728001,-0.051402
3.104056,1.685872,9.31967,3.003826,-2.147415,-0.116982,2.028258,2.320858,0,0.671124,0.763594,-0.056437
3.104056,1.685872,9.31967,3.003826,-2.147415,-0.116982,2.027059,2.328514,0,0.683046,0.783026,-0.058481
3.104056,1.685872,9.31967,3.003826,-2.147415,-0.116982,2.026023,2.336416,0,0.732931,0.780762,-0.052205
3.104056,1.685872,9.31967,3.003826,-2.147415,-0.116982,2.023625,2.352726,0,0.70488,0.823339,-0.063062
3.104056,1.685872,9.31967,3.003826,-2.147415,-0.116982,2.021875,2.365341,0,0.673829,0.68957,-0.042986
3.104056,1.685872,9.31967,3.003826,-2.147415,-0.116982,2.021354,2.377117,0,0.684131,0.612129,-0.028033
4.034529,1.92733,9.092642,3.101838,-2.82354,-0.074774,2.021395,2.383943,0,0.689514,0.573008,-0.020459
4.034529,1.92733,9.092642,3.101838,-2.82354,-0.074774,2.021888,2.39495,0,0.733822,0.45847,0.028577
4.034529,1.92733,9.092642,3.101838,-2.82354,-0.074774,2.022503,2.403455,0,0.717222,0.425469,0.031668
4.034529,1.92733,9.092642,3.101838,-2.82354,-0.074774,2.022503,2.403455,0,0.717222,0.425469,0.031668
4.034529,1.92733,9.092642,3.101838,-2.82354,-0.074774,2.023246,2.414207,0,0.752878,0.459895,0.03105
4.034529,1.92733,9.092642,3.101838,-2.82354,-0.074774,2.024078,2.43014,0,0.789446,0.501278,0.029412
4.034529,1.92733,9.092642,3.101838,-2.82354,-0.074774,2.024078,2.43014,0,0.789446,0.501278,0.029412
4.034529,1.92733,9.092642,3.101838,-2.82354,-0.074774,2.02427,2.434885,0,0.802461,0.515517,0.02891
4.034529,1.92733,9.092642,3.101838,-2.82354,-0.074774,2.025172,2.468359,0,0.765829,0.492133,0.027566
4.034529,1.92733,9.092642,3.101838,-2.82354,-0.074774,2.02576,2.512692,0,0.857407,0.608036,0.021439
4.034529,1.92733,9.092642,3.101838,-2.82354,-0.074774,2.025719,2.528044,0,0.830862,0.581104,0.022114
4.034529,1.92733,9.092642,3.101838,-2.82354,-0.074774,2.025654,2.538337,0,0.87611,0.62635,0.021072
4.034529,1.92733,9.092642,3.101838,-2.82354,-0.074774,2.021891,2.572409,0,0.8791,0.803135,-0.007701
4.034529,1.92733,9.092642,3.101838,-2.82354,-0.074774,2.019299,2.592833,0,0.872775,0.758087,-0.00116
4.034529,1.92733,9.092642,3.101838,-2.82354,-0.074774,2.017446,2.607221,0,0.832591,0.814668,-0.016216
4.034529,1.92733,9.092642,3.101838,-2.82354,-0.074774,2.012952,2.627227,0,0.779817,0.886664,-0.035609
5.085022,2.171755,8.842487,2.868301,-3.532798,-0.597045,2.009179,2.641645,0,0.845913,0.85271,-0.14538
5.085022,2.171755,8.842487,2.868301,-3.532798,-0.597045,1.997663,2.676205,0,0.708918,0.792563,-0.133105
5.085022,2.171755,8.842487,2.868301,-3.532798,-0.597045,1.988777,2.701732,0,0.689652,0.796541,-0.133177
5.085022,2.171755,8.842487,2.868301,-3.532798,-0.597045,1.984127,2.714223,0,0.707128,0.802291,-0.134465
5.085022,2.171755,8.842487,2.868301,-3.532798,-0.597045,1.982169,2.719372,0,0.701389,0.829487,-0.138247
5.085022,2.171755,8.842487,2.868301,-3.532798,-0.597045,1.972407,2.74483,0,0.687745,0.84035,-0.139461
5.085022,2.171755,8.842487,2.868301,-3.532798,-0.597045,1.967222,2.75751,0,0.680497,0.848076,-0.140389
5.085022,2.171755,8.842487,2.868301,-3.532798,-0.597045,1.950202,2.7982,0,0.679257,0.876205,-0.144423
5.085022,2.171755,8.842487,2.868301,-3.532798,-0.597045,1.942408,2.815936,0,0.679585,0.857099,-0.141669
5.085022,2.171755,8.842487,2.868301,-3.532798,-0.597045,1.93246,2.838275,0,0.655402,0.847352,-0.139629
5.085022,2.171755,8.842487,2.868301,-3.532798,-0.597045,1.929083,2.845597,0,0.643523,0.858762,-0.140968
5.085022,2.171755,8.842487,2.868301,-3.532798,-0.597045,1.923399,2.857788,0,0.632841,0.856432,-0.140352
5.085022,2.171755,8.842487,2.868301,-3.532798,-0.597045,1.923399,2.857788,0,0.632841,0.856432,-0.140352
5.085022,2.171755,8.842487,2.868301,-3.532798,-0.597045,1.912944,2.879453,0,0.602496,0.865223,-0.14083
6.20057,2.369355,8.582429,2.136935,-3.941078,-1.16873,1.901532,2.9031,0,0.694495,0.739681,-0.116958
6.20057,2.369355,8.582429,2.136935,-3.941078,-1.16873,1.897778,2.912361,0,0.703788,0.698224,-0.116633
6.20057,2.369355,8.582429,2.136935,-3.941078,-1.16873,1.897778,2.912361,0,0.703788,0.698224,-0.116633
6.20057,2.369355,8.582429,2.136935,-3.941078,-1.16873,1.890518,2.928791,0,0.684651,0.749272,-0.116038
6.20057,2.369355,8.582429,2.136935,-3.941078,-1.16873,1.885575,2.940416,0,0.71026,0.720433,-0.118287
6.20057,2.369355,8.582429,2.136935,-3.941078,-1.16873,1.879342,2.954735,0,0.685171,0.785733,-0.117447
6.20057,2.369355,8.582429,2.136935,-3.941078,-1.16873,1.862919,2.988007,0,0.65917,0.867936,-0.117111
6.20057,2.369355,8.582429,2.136935,-3.941078,-1.16873,1.853098,3.006601,0,0.683405,0.804546,-0.117911
6.20057,2.369355,8.582429,2.136935,-3.941078,-1.16873,1.853098,3.006601,0,0.683405,0.804546,-0.117911
6.20057,2.369355,8.582429,2.136935,-3.941078,-1.16873,1.844964,3.020777,0,0.648209,0.885257,-0.116332
6.20057,2.369355,8.582429,2.136935,-3.941078,-1.16873,1.840016,3.030043,0,0.639609,0.812469,-0.112543
6.20057,2.369355,8.582429,2.136935,-3.941078,-1.16873,1.837541,3.034551,0,0.619758,0.803192,-0.109636
6.20057,2.369355,8.582429,2.136935,-3.941078,-1.16873,1.814505,3.072759,0,0.625692,0.810945,-0.110688
6.20057,2.369355,8.582429,2.136935,-3.941078,-1.16873,1.800302,3.097359,0,0.591415,0.892131,-0.109246
6.20057,2.369355,8.582429,2.136935,-3.941078,-1.16873,1.793153,3.108652,0,0.623833,0.823045,-0.110893
7.316428,2.496336,8.313713,1.415139,-4.018605,-1.536783,1.78712,3.119871,0,0.698416,0.692901,-0.049848
7.316428,2.496336,8.313713,1.415139,-4.018605,-1.536783,1.784851,3.124264,0,0.6972,0.693363,-0.049651
7.316428,2.496336,8.313713,1.415139,-4.018605,-1.536783,1.773081,3.144739,0,0.690083,0.849435,-0.038359
7.316428,2.496336,8.313713,1.415139,-4.018605,-1.536783,1.766761,3.153865,0,0.687545,0.880589,-0.035952
7.316428,2.496336,8.313713,1.415139,-4.018605,-1.536783,1.759668,3.165456,0,0.712984,0.775328,-0.046394
7.316428,2.496336,8.313713,1.415139,-4.018605,-1.536783,1.752292,3.179034,0,0.711378,0.69563,-0.051443
7.316428,2.496336,8.313713,1.415139,-4.018605,-1.536783,1.747975,3.187989,0,0.734473,0.659955,-0.056964
7.316428,2.496336,8.313713,1.415139,-4.018605,-1.536783,1.734834,3.216924,0,0.793275,0.707317,-0.061887
7.316428,2.496336,8.313713,1.415139,-4.018605,-1.536783,1.731501,3.22413,0,0.783021,0.709023,-0.06037
7.316428,2.496336,8.313713,1.415139,-4.018605,-1.536783,1.729345,3.228933,0,0.800993,0.686622,-0.064312
7.316428,2.496336,8.313713,1.415139,-4.018605,-1.536783,1.712992,3.265809,0,0.82031,0.729172,-0.064145
7.316428,2.496336,8.313713,1.415139,-4.018605,-1.536783,1.703421,3.286426,0,0.849905,0.776503,-0.065069
7.316428,2.496336,8.313713,1.415139,-4.018605,-1.536783,1.699692,3.294301,0,0.856306,0.789172,-0.065108
7.316428,2.496336,8.313713,1.415139,-4.018605,-1.536783,1.687988,3.31801,0,0.844495,0.806761,-0.062328
7.316428,2.496336,8.313713,1.415139,-4.018605,-1.536783,1.678125,3.336275,0,0.842889,0.846388,-0.059488
7.316428,2.496336,8.313713,1.415139,-4.018605,-1.536783,1.671109,3.349495,0,0.820805,0.866922,-0.055106
8.376207,2.556658,8.040314,0.656576,-3.694053,-1.793932,1.651331,3.379451,0,0.830509,0.890711,0.01587
8.376207,2.556658,8.040314,0.656576,-3.694053,-1.793932,1.642339,3.391376,0,0.765361,0.915299,0.029703
8.376207,2.556658,8.040314,0.656576,-3.694053,-1.793932,1.620683,3.415799,0,0.678458,0.938312,0.046593
8.376207,2.556658,8.040314,0.656576,-3.694053,-1.793932,1.603193,3.434491,0,0.643384,0.925353,0.049859
8.376207,2.556658,8.040314,0.656576,-3.694053,-1.793932,1.585488,3.452743,0,0.632213,0.941716,0.05417
8.376207,2.556658,8.040314,0.656576,-3.694053,-1.793932,1.565349,3.472863,0,0.624487,0.962896,0.058725
8.376207,2.556658,8.040314,0.656576,-3.694053,-1.793932,1.548949,3.488771,0,0.604091,0.958898,0.061189
8.376207,2.556658,8.040314,0.656576,-3.694053,-1.793932,1.540706,3.496607,0,0.60405,0.971281,0.063172
8.376207,2.556658,8.040314,0.656576,-3.694053,-1.793932,1.540706,3.496607,0,0.60405,0.971281,0.063172
8.376207,2.556658,8.040314,0.656576,-3.694053,-1.793932,1.532244,3.504576,0,0.611417,0.990392,0.065102
8.376207,2.556658,8.040314,0.656576,-3.694053,-1.793932,1.503737,3.530795,0,0.610215,1.032517,0.072009
8.376207,2.556658,8.040314,0.656576,-3.694053,-1.793932,1.492546,3.540832,0,0.603574,1.037558,0.073824
8.376207,2.556658,8.040314,0.656576,-3.694053,-1.793932,1.479067,3.552735,0,0.591499,1.035649,0.075356
8.376207,2.556658,8.040314,0.656576,-3.694053,-1.793932,1.479067,3.552735,0,0.591499,1.035649,0.075356
8.376207,2.556658,8.040314,0.656576,-3.694053,-1.793932,1.472334,3.558607,0,0.583848,1.032731,0.076053
9.329338,2.544874,7.761867,-0.022811,-3.320458,-1.699795,1.456665,3.572098,0,0.571708,1.027925,0.077133
9.329338,2.544874,7.761867,-0.022811,-3.320458,-1.699795,1.452184,3.575913,0,0.666103,0.964844,0.091457
9.329338,2.544874,7.761867,-0.022811,-3.320458,-1.699795,1.422119,3.602339,0,0.687974,0.856637,0.069845
9.329338,2.544874,7.761867,-0.022811,-3.320458,-1.699795,1.405825,3.617459,0,0.718331,0.893646,0.072788
9.329338,2.544874,7.761867,-0.022811,-3.320458,-1.699795,1.397952,3.625219,0,0.69447,0.854565,0.068717
9.329338,2.544874,7.761867,-0.022811,-3.320458,-1.699795,1.394015,3.629034,0,0.675516,0.853386,0.070738
9.329338,2.544874,7.761867,-0.022811,-3.320458,-1.699795,1.394015,3.629034,0,0.675516,0.853386,0.070738
9.329338,2.544874,7.761867,-0.022811,-3.320458,-1.699795,1.381823,3.640709,0,0.730071,0.905309,0.07346
9.329338,2.544874,7.761867,-0.022811,-3.320458,-1.699795,1.369557,3.652945,0,0.716006,0.880993,0.070835
9.329338,2.544874,7.761867,-0.022811,-3.320458,-1.699795,1.369557,3.652945,0,0.716006,0.880993,0.070835
9.329338,2.544874,7.761867,-0.022811,-3.320458,-1.699795,1.363603,3.658923,0,0.706875,0.859334,0.068097
9.329338,2.544874,7.761867,-0.022811,-3.320458,-1.699795,1.355759,3.667,0,0.736208,0.881421,0.068535
9.329338,2.544874,7.761867,-0.022811,-3.320458,-1.699795,1.345403,3.677828,0,0.783248,0.89039,0.064582
9.329338,2.544874,7.761867,-0.022811,-3.320458,-1.699795,1.330214,3.695143,0,0.757945,0.824217,0.055914
9.329338,2.544874,7.761867,-0.022811,-3.320458,-1.699795,1.314496,3.712521,0,0.779556,0.858097,0.059334
9.329338,2.544874,7.761867,-0.022811,-3.320458,-1.699795,1.29929,3.729667,0,0.750379,0.853088,0.061883
9.329338,2.544874,7.761867,-0.022811,-3.320458,-1.699795,1.290888,3.737843,0,0.703626,0.945877,0.083708
9.329338,2.544874,7.761867,-0.022811,-3.320458,-1.699795,1.290888,3.737843,0,0.703626,0.945877,0.083708
9.329338,2.544874,7.761867,-0.022811,-3.320458,-1.699795,1.286381,3.741723,0,0.670711,0.980862,0.093734
9.329338,2.544874,7.761867,-0.022811,-3.320458,-1.699795,1.284054,3.743607,0,0.654064,0.998267,0.098754
9.329338,2.544874,7.761867,-0.022811,-3.320458,-1.699795,1.279255,3.747262,0,0.620451,1.032862,0.108793
9.329338,2.544874,7.761867,-0.022811,-3.320458,-1.699795,1.269275,3.754297,0,0.593215,1.05969,0.116716
10.170538,2.465986,7.483119,-0.562034,-2.874953,-1.574295,1.240498,3.780942,0,0.784464,0.745004,0.077339
10.170538,2.465986,7.483119,-0.562034,-2.874953,-1.574295,1.230295,3.790509,0,0.745423,0.881759,0.104298
10.170538,2.465986,7.483119,-0.562034,-2.874953,-1.574295,1.230295,3.790509,0,0.745423,0.881759,0.104298
10.170538,2.465986,7.483119,-0.562034,-2.874953,-1.574295,1.220909,3.797616,0,0.691889,0.959368,0.121786
10.170538,2.465986,7.483119,-0.562034,-2.874953,-1.574295,1.200556,3.811565,0,0.69878,1.047077,0.13685
10.170538,2.465986,7.483119,-0.562034,-2.874953,-1.574295,1.189874,3.818613,0,0.727192,1.063627,0.137802
10.170538,2.465986,7.483119,-0.562034,-2.874953,-1.574295,1.170166,3.832327,0,0.699315,0.909018,0.112345
10.170538,2.465986,7.483119,-0.562034,-2.874953,-1.574295,1.156687,3.841347,0,0.592308,0.891613,0.116721
10.170538,2.465986,7.483119,-0.562034,-2.874953,-1.574295,1.131883,3.857067,0,0.723874,1.012612,0.128992
10.170538,2.465986,7.483119,-0.562034,-2.874953,-1.574295,1.131883,3.857067,0,0.723874,1.012612,0.128992
10.170538,2.465986,7.483119,-0.562034,-2.874953,-1.574295,1.131883,3.857067,0,0.723874,1.012612,0.128992
10.170538,2.465986,7.483119,-0.562034,-2.874953,-1.574295,1.109821,3.872207,0,0.588133,0.970825,0.131051
10.170538,2.465986,7.483119,-0.562034,-2.874953,-1.574295,1.102462,3.876521,0,0.57676,0.972243,0.132096
10.170538,2.465986,7.483119,-0.562034,-2.874953,-1.574295,1.099982,3.878124,0,0.642695,0.982411,0.1293
10.170538,2.465986,7.483119,-0.562034,-2.874953,-1.574295,1.070762,3.898073,0,0.673853,0.980856,0.126852
10.170538,2.465986,7.483119,-0.562034,-2.874953,-1.574295,1.058548,3.906591,0,0.646579,0.961235,0.125276
10.170538,2.465986,7.483119,-0.562034,-2.874953,-1.574295,1.046312,3.914391,0,0.627971,0.968143,0.127798
10.170538,2.465986,7.483119,-0.562034,-2.874953,-1.574295,1.043833,3.915915,0,0.619998,0.9727,0.129162
10.170538,2.465986,7.483119,-0.562034,-2.874953,-1.574295,1.033901,3.921983,0,0.606365,0.988312,0.132879
10.170538,2.465986,7.483119,-0.562034,-2.874953,-1.574295,1.01864,3.931054,0,0.599036,1.02576,0.140027
10.901591,2.338382,7.205047,-0.89697,-2.376221,-1.499983,1.00265,3.939798,0,0.6894,1.000788,0.168667
10.901591,2.338382,7.205047,-0.89697,-2.376221,-1.499983,0.999942,3.941229,0,0.68948,0.998255,0.168231
10.901591,2.338382,7.205047,-0.89697,-2.376221,-1.499983,0.966521,3.958476,0,0.697878,1.046681,0.176505
10.901591,2.338382,7.205047,-0.89697,-2.376221,-1.499983,0.94926,3.967106,0,0.692439,1.063511,0.179418
10.901591,2.338382,7.205047,-0.89697,-2.376221,-1.499983,0.923331,3.979678,0,0.678564,1.071333,0.180823
10.901591,2.338382,7.205047,-0.89697,-2.376221,-1.499983,0.923331,3.979678,0,0.678564,1.071333,0.180823
10.901591,2.338382,7.205047,-0.89697,-2.376221,-1.499983,0.900228,3.990454,0,0.658575,1.071631,0.180964
10.901591,2.338382,7.205047,-0.89697,-2.376221,-1.499983,0.891664,3.994371,0,0.637383,1.057802,0.178686
10.901591,2.338382,7.205047,-0.89697,-2.376221,-1.499983,0.888826,3.995681,0,0.64746,1.054932,0.178148
10.901591,2.338382,7.205047,-0.89697,-2.376221,-1.499983,0.877546,4.000767,0,0.632607,1.048812,0.177164
10.901591,2.338382,7.205047,-0.89697,-2.376221,-1.499983,0.869033,4.00451,0,0.619511,1.062419,0.179559
10.901591,2.338382,7.205047,-0.89697,-2.376221,-1.499983,0.848517,4.013329,0,0.628783,1.09896,0.185788
10.901591,2.338382,7.205047,-0.89697,-2.376221,-1.499983,0.830696,4.020843,0,0.625523,1.118627,0.189179
10.901591,2.338382,7.205047,-0.89697,-2.376221,-1.499983,0.809783,4.029735,0,0.624441,1.084665,0.183354
10.901591,2.338382,7.205047,-0.89697,-2.376221,-1.499983,0.806942,4.031017,0,0.636114,1.056638,0.178492
10.901591,2.338382,7.205047,-0.89697,-2.376221,-1.499983,0.790352,4.039248,0,0.689538,1.042883,0.175891
10.901591,2.338382,7.205047,-0.89697,-2.376221,-1.499983,0.778812,4.044638,0,0.648633,1.088722,0.183942
10.901591,2.338382,7.205047,-0.89697,-2.376221,-1.499983,0.772886,4.04716,0,0.62848,1.111552,0.187951
10.901591,2.338382,7.205047,-0.89697,-2.376221,-1.499983,0.772886,4.04716,0,0.62848,1.111552,0.187951
10.901591,2.338382,7.205047,-0.89697,-2.376221,-1.499983,0.772886,4.04716,0,0.62848,1.111552,0.187951
10.901591,2.338382,7.205047,-0.89697,-2.376221,-1.499983,0.772886,4.04716,0,0.62848,1.111552,0.187951
10.901591,2.338382,7.205047,-0.89697,-2.376221,-1.499983,0.739953,4.060443,0,0.652418,1.056279,0.178357
11.521779,2.199179,6.931124,-0.960161,-1.771019,-1.506565,0.714786,4.072894,0,0.830471,0.906909,0.258938
11.521779,2.199179,6.931124,-0.960161,-1.771019,-1.506565,0.698075,4.081587,0,0.865652,0.855761,0.254039
11.521779,2.199179,6.931124,-0.960161,-1.771019,-1.506565,0.692702,4.08469,0,0.874665,0.843586,0.252949
11.521779,2.199179,6.931124,-0.960161,-1.771019,-1.506565,0.692702,4.08469,0,0.874665,0.843586,0.252949
11.521779,2.199179,6.931124,-0.960161,-1.771019,-1.506565,0.687374,4.08793,0,0.899566,0.82383,0.252396
11.521779,2.199179,6.931124,-0.960161,-1.771019,-1.506565,0.684692,4.089553,0,0.900974,0.833938,0.254353
11.521779,2.199179,6.931124,-0.960161,-1.771019,-1.506565,0.682019,4.091143,0,0.887921,0.833835,0.25279
11.521779,2.199179,6.931124,-0.960161,-1.771019,-1.506565,0.682019,4.091143,0,0.887921,0.833835,0.25279
11.521779,2.199179,6.931124,-0.960161,-1.771019,-1.506565,0.676654,4.094318,0,0.887688,0.839734,0.253808
11.521779,2.199179,6.931124,-0.960161,-1.771019,-1.506565,0.663226,4.102299,0,0.89144,0.837614,0.253876
11.521779,2.199179,6.931124,-0.960161,-1.771019,-1.506565,0.660541,4.103895,0,0.891497,0.837559,0.253873
11.521779,2.199179,6.931124,-0.960161,-1.771019,-1.506565,0.649647,4.110304,0,0.899745,0.858975,0.258643
11.521779,2.199179,6.931124,-0.960161,-1.771019,-1.506565,0.630374,4.121434,0,0.894923,0.868478,0.259756
11.521779,2.199179,6.931124,-0.960161,-1.771019,-1.506565,0.599466,4.138684,0,0.887117,0.904797,0.265267
11.521779,2.199179,6.931124,-0.960161,-1.771019,-1.506565,0.57668,4.150909,0,0.872115,0.920006,0.266186
11.521779,2.199179,6.931124,-0.960161,-1.771019,-1.506565,0.55946,4.159859,0,0.860758,0.929417,0.266509
11.521779,2.199179,6.931124,-0.960161,-1.771019,-1.506565,0.553704,4.1628,0,0.856893,0.932357,0.266573
11.521779,2.199179,6.931124,-0.960161,-1.771019,-1.506565,0.550833,4.164279,0,0.865735,0.921106,0.265626
11.521779,2.199179,6.931124,-0.960161,-1.771019,-1.506565,0.547936,4.165715,0,0.851914,0.935681,0.266572
11.521779,2.199179,6.931124,-0.960161,-1.771019,-1.506565,0.545061,4.167176,0,0.859269,0.924828,0.26552
11.521779,2.199179,6.931124,-0.960161,-1.771019,-1.506565,0.513033,4.181908,0,0.787169,0.973168,0.265552
11.521779,2.199179,6.931124,-0.960161,-1.771019,-1.506565,0.507069,4.184264,0,0.7533,1.004651,0.267122
11.521779,2.199179,6.931124,-0.960161,-1.771019,-1.506565,0.507069,4.184264,0,0.7533,1.004651,0.267122
11.521779,2.199179,6.931124,-0.960161,-1.771019,-1.506565,0.504121,4.185447,0,0.760056,0.983187,0.264119
11.521779,2.199179,6.931124,-0.960161,-1.771019,-1.506565,0.492143,4.189918,0,0.724779,1.021824,0.266789
11.521779,2.199179,6.931124,-0.960161,-1.771019,-1.506565,0.467724,4.198559,0,0.662653,1.066702,0.267389
11.521779,2.199179,6.931124,-0.960161,-1.771019,-1.506565,0.452126,4.201611,0,0.596702,1.116878,0.268474
12.015127,2.093042,6.659601,-0.848232,-1.172694,-1.418247,0.436504,4.205127,0,0.746264,0.987492,0.290442
12.015127,2.093042,6.659601,-0.848232,-1.172694,-1.418247,0.427221,4.207038,0,0.735009,0.983021,0.28787
12.015127,2.093042,6.659601,-0.848232,-1.172694,-1.418247,0.427221,4.207038,0,0.735009,0.983021,0.28787
12.015127,2.093042,6.659601,-0.848232,-1.172694,-1.418247,0.417898,4.208929,0,0.728069,0.984759,0.287064
12.015127,2.093042,6.659601,-0.848232,-1.172694,-1.418247,0.399195,4.212587,0,0.727519,0.996786,0.289063
12.015127,2.093042,6.659601,-0.848232,-1.172694,-1.418247,0.380507,4.21613,0,0.732335,0.99931,0.290269
12.015127,2.093042,6.659601,-0.848232,-1.172694,-1.418247,0.355196,4.220679,0,0.737997,1.034989,0.297363
12.015127,2.093042,6.659601,-0.848232,-1.172694,-1.418247,0.355196,4.220679,0,0.737997,1.034989,0.297363
12.015127,2.093042,6.659601,-0.848232,-1.172694,-1.418247,0.339086,4.223413,0,0.717629,1.046369,0.296087
12.015127,2.093042,6.659601,-0.848232,-1.172694,-1.418247,0.339086,4.223413,0,0.717629,1.046369,0.296087
12.015127,2.093042,6.659601,-0.848232,-1.172694,-1.418247,0.322933,4.22626,0,0.721676,1.048966,0.297184
12.015127,2.093042,6.659601,-0.848232,-1.172694,-1.418247,0.31323,4.227779,0,0.712921,1.06117,0.297904
12.015127,2.093042,6.659601,-0.848232,-1.172694,-1.418247,0.300399,4.229749,0,0.699378,1.051113,0.293998
12.015127,2.093042,6.659601,-0.848232,-1.172694,-1.418247,0.274492,4.233782,0,0.691043,1.066485,0.295334
12.015127,2.093042,6.659601,-0.848232,-1.172694,-1.418247,0.264744,4.23531,0,0.710264,1.058838,0.297075
12.015127,2.093042,6.659601,-0.848232,-1.172694,-1.418247,0.229373,4.2407,0,0.708639,1.048016,0.291862
12.015127,2.093042,6.659601,-0.848232,-1.172694,-1.418247,0.2167,4.242764,0,0.697871,1.021715,0.288656
12.015127,2.093042,6.659601,-0.848232,-1.172694,-1.418247,0.210484,4.243934,0,0.720304,0.992693,0.287201
12.015127,2.093042,6.659601,-0.848232,-1.172694,-1.418247,0.210484,4.243934,0,0.720304,0.992693,0.287201
12.015127,2.093042,6.659601,-0.848232,-1.172694,-1.418247,0.201392,4.245743,0,0.67738,1.00871,0.283129
12.015127,2.093042,6.659601,-0.848232,-1.172694,-1.418247,0.183476,4.250203,0,0.779121,0.908914,0.282052
12.015127,2.093042,6.659601,-0.848232,-1.172694,-1.418247,0.174617,4.252535,0,0.754603,0.91252,0.278764
12.015127,2.093042,6.659601,-0.848232,-1.172694,-1.418247,0.174617,4.252535,0,0.754603,0.91252,0.278764
12.015127,2.093042,6.659601,-0.848232,-1.172694,-1.418247,0.153864,4.256344,0,0.670725,0.991799,0.279133
12.015127,2.093042,6.659601,-0.848232,-1.172694,-1.418247,0.131803,4.260961,0,0.778676,1.013548,0.300136
12.36622,2.026515,6.390841,-0.647169,-0.611556,-1.270258,0.115774,4.263887,0,0.865539,0.898901,0.283726
12.36622,2.026515,6.390841,-0.647169,-0.611556,-1.270258,0.097785,4.267344,0,0.867893,0.769742,0.262199
12.36622,2.026515,6.390841,-0.647169,-0.611556,-1.270258,0.089104,4.269546,0,0.885391,0.756106,0.262546
12.36622,2.026515,6.390841,-0.647169,-0.611556,-1.270258,0.089104,4.269546,0,0.885391,0.756106,0.262546
12.36622,2.026515,6.390841,-0.647169,-0.611556,-1.270258,0.069144,4.274645,0,0.868582,0.801369,0.267662
12.36622,2.026515,6.390841,-0.647169,-0.611556,-1.270258,0.060089,4.276337,0,0.855744,0.854443,0.274706
12.36622,2.026515,6.390841,-0.647169,-0.611556,-1.270258,0.053926,4.277303,0,0.835153,0.887948,0.277256
12.36622,2.026515,6.390841,-0.647169,-0.611556,-1.270258,0.050813,4.277704,0,0.821628,0.907483,0.278512
12.36622,2.026515,6.390841,-0.647169,-0.611556,-1.270258,0.041366,4.278619,0,0.79347,0.947669,0.281046
12.36622,2.026515,6.390841,-0.647169,-0.611556,-1.270258,0.03816,4.278817,0,0.792461,0.951055,0.281466
12.36622,2.026515,6.390841,-0.647169,-0.611556,-1.270258,0.03816,4.278817,0,0.792461,0.951055,0.281466
12.36622,2.026515,6.390841,-0.647169,-0.611556,-1.270258,0.016276,4.280911,0,0.801681,0.84363,0.264665
12.36622,2.026515,6.390841,-0.647169,-0.611556,-1.270258,-0.030261,4.289052,0,0.775774,0.929443,0.275271
12.36622,2.026515,6.390841,-0.647169,-0.611556,-1.270258,-0.030261,4.289052,0,0.775774,0.929443,0.275271
12.36622,2.026515,6.390841,-0.647169,-0.611556,-1.270258,-0.030261,4.289052,0,0.775774,0.929443,0.275271
12.36622,2.026515,6.390841,-0.647169,-0.611556,-1.270258,-0.030261,4.289052,0,0.775774,0.929443,0.275271
12.36622,2.026515,6.390841,-0.647169,-0.611556,-1.270258,-0.030261,4.289052,0,0.775774,0.929443,0.275271
12.36622,2.026515,6.390841,-0.647169,-0.611556,-1.270258,-0.030261,4.289052,0,0.775774,0.929443,0.275271
12.36622,2.026515,6.390841,-0.647169,-0.611556,-1.270258,-0.065808,4.290666,0,0.768859,1.028247,0.290961
12.36622,2.026515,6.390841,-0.647169,-0.611556,-1.270258,-0.069027,4.290843,0,0.772028,0.992662,0.285413
12.36622,2.026515,6.390841,-0.647169,-0.611556,-1.270258,-0.075356,4.291265,0,0.769534,0.967369,0.273396
12.36622,2.026515,6.390841,-0.647169,-0.611556,-1.270258,-0.087444,4.292661,0,0.787582,0.85946,0.265206
12.36622,2.026515,6.390841,-0.647169,-0.611556,-1.270258,-0.115944,4.297905,0,0.791305,0.764123,0.249618
12.36622,2.026515,6.390841,-0.647169,-0.611556,-1.270258,-0.115944,4.297905,0,0.791305,0.764123,0.249618
12.36622,2.026515,6.390841,-0.647169,-0.611556,-1.270258,-0.152251,4.302015,0,0.758532,0.979172,0.281078
12.36622,2.026515,6.390841,-0.647169,-0.611556,-1.270258,-0.152251,4.302015,0,0.758532,0.979172,0.281078
12.36622,2.026515,6.390841,-0.647169,-0.611556,-1.270258,-0.152251,4.302015,0,0.758532,0.979172,0.281078
12.36622,2.026515,6.390841,-0.647169,-0.611556,-1.270258,-0.171525,4.302613,0,0.7377,1.023698,0.285768
12.57027,1.981576,6.122926,-0.339739,-0.127561,-1.148227,-0.191266,4.303656,0,0.988501,0.84756,0.277628
12.57027,1.981576,6.122926,-0.339739,-0.127561,-1.148227,-0.191266,4.303656,0,0.988501,0.84756,0.277628
12.57027,1.981576,6.122926,-0.339739,-0.127561,-1.148227,-0.209745,4.306255,0,0.949859,0.719347,0.25293
12.57027,1.981576,6.122926,-0.339739,-0.127561,-1.148227,-0.221016,4.307977,0,0.851643,0.652018,0.227804
12.57027,1.981576,6.122926,-0.339739,-0.127561,-1.148227,-0.223634,4.30826,0,0.792375,0.658314,0.219474
12.57027,1.981576,6.122926,-0.339739,-0.127561,-1.148227,-0.257621,4.312152,0,0.828706,0.623691,0.220101
12.57027,1.981576,6.122926,-0.339739,-0.127561,-1.148227,-0.265625,4.313355,0,0.844796,0.646652,0.225954
12.57027,1.981576,6.122926,-0.339739,-0.127561,-1.148227,-0.265625,4.313355,0,0.844796,0.646652,0.225954
12.57027,1.981576,6.122926,-0.339739,-0.127561,-1.148227,-0.282245,4.315417,0,0.851521,0.700274,0.234811
12.57027,1.981576,6.122926,-0.339739,-0.127561,-1.148227,-0.290849,4.316179,0,0.852032,0.736487,0.240164
12.57027,1.981576,6.122926,-0.339739,-0.127561,-1.148227,-0.29892,4.316074,0,0.695636,0.773587,0.221167
12.57027,1.981576,6.122926,-0.339739,-0.127561,-1.148227,-0.304331,4.315798,0,0.695566,0.807327,0.226068
12.57027,1.981576,6.122926,-0.339739,-0.127561,-1.148227,-0.331185,4.313638,0,0.656952,0.788863,0.217356
12.57027,1.981576,6.122926,-0.339739,-0.127561,-1.148227,-0.344082,4.312915,0,0.660043,0.746222,0.211629
12.57027,1.981576,6.122926,-0.339739,-0.127561,-1.148227,-0.356525,4.312653,0,0.661585,0.695074,0.204422
12.57027,1.981576,6.122926,-0.339739,-0.127561,-1.148227,-0.372078,4.311849,0,0.663306,0.835032,0.22507
12.57027,1.981576,6.122926,-0.339739,-0.127561,-1.148227,-0.382556,4.31046,0,0.603402,0.828586,0.214786
12.57027,1.981576,6.122926,-0.339739,-0.127561,-1.148227,-0.403454,4.307407,0,0.59242,0.844929,0.215452
12.57027,1.981576,6.122926,-0.339739,-0.127561,-1.148227,-0.41132,4.306172,0,0.594855,0.85652,0.21752
12.57027,1.981576,6.122926,-0.339739,-0.127561,-1.148227,-0.421778,4.304607,0,0.597341,0.841266,0.215686
12.631535,1.942059,5.853502,0.070334,0.306255,-1.00023,-0.459313,4.300147,0,0.73921,0.807635,0.256549
12.631535,1.942059,5.853502,0.070334,0.306255,-1.00023,-0.475627,4.297127,0,0.672152,0.768155,0.238679
12.631535,1.942059,5.853502,0.070334,0.306255,-1.00023,-0.478205,4.296615,0,0.673305,0.771123,0.239352
12.631535,1.942059,5.853502,0.070334,0.306255,-1.00023,-0.478205,4.296615,0,0.673305,0.771123,0.239352
12.631535,1.942059,5.853502,0.070334,0.306255,-1.00023,-0.478205,4.296615,0,0.673305,0.771123,0.239352
12.631535,1.942059,5.853502,0.070334,0.306255,-1.00023,-0.478205,4.296615,0,0.673305,0.771123,0.239352
12.631535,1.942059,5.853502,0.070334,0.306255,-1.00023,-0.509744,4.290415,0,0.716117,0.78079,0.248276
12.631535,1.942059,5.853502,0.070334,0.306255,-1.00023,-0.509744,4.290415,0,0.716117,0.78079,0.248276
12.631535,1.942059,5.853502,0.070334,0.306255,-1.00023,-0.515192,4.28956,0,0.739108,0.778471,0.251867
12.631535,1.942059,5.853502,0.070334,0.306255,-1.00023,-0.537313,4.286054,0,0.718308,0.823977,0.25556
12.631535,1.942059,5.853502,0.070334,0.306255,-1.00023,-0.540062,4.285473,0,0.709604,0.833356,0.25556
12.631535,1.942059,5.853502,0.070334,0.306255,-1.00023,-0.579051,4.277654,0,0.7127,0.669812,0.22994
12.631535,1.942059,5.853502,0.070334,0.306255,-1.00023,-0.583905,4.277413,0,0.719859,0.63062,0.224906
12.631535,1.942059,5.853502,0.070334,0.306255,-1.00023,-0.588777,4.27718,0,0.727586,0.611174,0.223128
12.631535,1.942059,5.853502,0.070334,0.306255,-1.00023,-0.612597,4.275645,0,0.662984,0.635953,0.215957
12.631535,1.942059,5.853502,0.070334,0.306255,-1.00023,-0.612597,4.275645,0,0.662984,0.635953,0.215957
12.631535,1.942059,5.853502,0.070334,0.306255,-1.00023,-0.634139,4.273688,0,0.759307,0.610448,0.228479
12.631535,1.942059,5.853502,0.070334,0.306255,-1.00023,-0.639122,4.273595,0,0.740615,0.588345,0.221723
12.631535,1.942059,5.853502,0.070334,0.306255,-1.00023,-0.641533,4.273556,0,0.737421,0.581843,0.220133
12.631535,1.942059,5.853502,0.070334,0.306255,-1.00023,-0.641533,4.273556,0,0.737421,0.581843,0.220133
12.631535,1.942059,5.853502,0.070334,0.306255,-1.00023,-0.643942,4.273536,0,0.740893,0.575282,0.219682
12.631535,1.942059,5.853502,0.070334,0.306255,-1.00023,-0.648724,4.273448,0,0.733,0.574619,0.218215
12.631535,1.942059,5.853502,0.070334,0.306255,-1.00023,-0.658148,4.272955,0,0.696626,0.592812,0.214856
12.631535,1.942059,5.853502,0.070334,0.306255,-1.00023,-0.674856,4.272112,0,0.754498,0.611471,0.227814
12.631535,1.942059,5.853502,0.070334,0.306255,-1.00023,-0.679875,4.271934,0,0.756322,0.6243,0.23018
12.631535,1.942059,5.853502,0.070334,0.306255,-1.00023,-0.679875,4.271934,0,0.756322,0.6243,0.23018
12.631535,1.942059,5.853502,0.070334,0.306255,-1.00023,-0.684975,4.27172,0,0.767246,0.641446,0.234804
12.550945,1.891626,5.585394,0.527724,0.656956,-0.855534,-0.709432,4.270713,0,0.809496,0.534975,0.223537
12.550945,1.891626,5.585394,0.527724,0.656956,-0.855534,-0.709432,4.270713,0,0.809496,0.534975,0.223537
12.550945,1.891626,5.585394,0.527724,0.656956,-0.855534,-0.709432,4.270713,0,0.809496,0.534975,0.223537
12.550945,1.891626,5.585394,0.527724,0.656956,-0.855534,-0.731571,4.26951,0,0.79582,0.549562,0.223384
12.550945,1.891626,5.585394,0.527724,0.656956,-0.855534,-0.763665,4.267127,0,0.781978,0.557566,0.222192
12.550945,1.891626,5.585394,0.527724,0.656956,-0.855534,-0.77346,4.266246,0,0.7692,0.556168,0.219744
12.550945,1.891626,5.585394,0.527724,0.656956,-0.855534,-0.778313,4.265803,0,0.768754,0.566824,0.2213
12.550945,1.891626,5.585394,0.527724,0.656956,-0.855534,-0.778313,4.265803,0,0.768754,0.566824,0.2213
12.550945,1.891626,5.585394,0.527724,0.656956,-0.855534,-0.797942,4.263487,0,0.755969,0.597819,0.223818
12.550945,1.891626,5.585394,0.527724,0.656956,-0.855534,-0.812642,4.261481,0,0.75174,0.609571,0.224881
12.550945,1.891626,5.585394,0.527724,0.656956,-0.855534,-0.824971,4.259707,0,0.755574,0.626308,0.228118
12.550945,1.891626,5.585394,0.527724,0.656956,-0.855534,-0.842405,4.256178,0,0.727075,0.662977,0.22876
12.550945,1.891626,5.585394,0.527724,0.656956,-0.855534,-0.852374,4.253926,0,0.719355,0.681182,0.230202
12.550945,1.891626,5.585394,0.527724,0.656956,-0.855534,-0.864945,4.250921,0,0.718005,0.71574,0.235266
12.550945,1.891626,5.585394,0.527724,0.656956,-0.855534,-0.877593,4.247644,0,0.712662,0.737011,0.237594
12.550945,1.891626,5.585394,0.527724,0.656956,-0.855534,-0.877593,4.247644,0,0.712662,0.737011,0.237594
12.550945,1.891626,5.585394,0.527724,0.656956,-0.855534,-0.897997,4.242255,0,0.717807,0.740325,0.239001
12.550945,1.891626,5.585394,0.527724,0.656956,-0.855534,-0.908218,4.239784,0,0.731185,0.706701,0.236183
12.550945,1.891626,5.585394,0.527724,0.656956,-0.855534,-0.908218,4.239784,0,0.731185,0.706701,0.236183
12.550945,1.891626,5.585394,0.527724,0.656956,-0.855534,-0.908218,4.239784,0,0.731185,0.706701,0.236183
12.550945,1.891626,5.585394,0.527724,0.656956,-0.855534,-0.915863,4.238045,0,0.7402,0.695528,0.236046
12.550945,1.891626,5.585394,0.527724,0.656956,-0.855534,-0.931239,4.234862,0,0.753845,0.673679,0.23508
12.550945,1.891626,5.585394,0.527724,0.656956,-0.855534,-0.938948,4.233247,0,0.75463,0.684576,0.236888
12.329399,1.816768,5.318497,1.028189,0.944304,-0.722284,-0.976389,4.223837,0,0.739401,0.667807,0.220343
12.329399,1.816768,5.318497,1.028189,0.944304,-0.722284,-0.978827,4.223086,0,0.739363,0.667696,0.220321
12.329399,1.816768,5.318497,1.028189,0.944304,-0.722284,-0.990866,4.218971,0,0.698747,0.71612,0.219875
12.329399,1.816768,5.318497,1.028189,0.944304,-0.722284,-1.00734,4.213086,0,0.659334,0.703732,0.211308
12.329399,1.816768,5.318497,1.028189,0.944304,-0.722284,-1.00734,4.213086,0,0.659334,0.703732,0.211308
12.329399,1.816768,5.318497,1.028189,0.944304,-0.722284,-1.011867,4.211109,0,0.636876,0.725414,0.210364
12.329399,1.816768,5.318497,1.028189,0.944304,-0.722284,-1.033876,4.20016,0,0.569147,0.764063,0.203853
12.329399,1.816768,5.318497,1.028189,0.944304,-0.722284,-1.044838,4.194915,0,0.619075,0.716059,0.20598
12.329399,1.816768,5.318497,1.028189,0.944304,-0.722284,-1.055481,4.189504,0,0.593285,0.743424,0.205233
12.329399,1.816768,5.318497,1.028189,0.944304,-0.722284,-1.064317,4.184777,0,0.581793,0.800728,0.21108
12.329399,1.816768,5.318497,1.028189,0.944304,-0.722284,-1.068656,4.182358,0,0.549655,0.772095,0.201556
12.329399,1.816768,5.318497,1.028189,0.944304,-0.722284,-1.068656,4.182358,0,0.549655,0.772095,0.201556
12.329399,1.816768,5.318497,1.028189,0.944304,-0.722284,-1.083718,4.174828,0,0.633317,0.701598,0.206482
12.329399,1.816768,5.318497,1.028189,0.944304,-0.722284,-1.094572,4.170219,0,0.585374,0.686198,0.196016
12.329399,1.816768,5.318497,1.028189,0.944304,-0.722284,-1.094572,4.170219,0,0.585374,0.686198,0.196016
12.329399,1.816768,5.318497,1.028189,0.944304,-0.722284,-1.098713,4.168248,0,0.564356,0.694796,0.193531
12.329399,1.816768,5.318497,1.028189,0.944304,-0.722284,-1.098713,4.168248,0,0.564356,0.694796,0.193531
12.329399,1.816768,5.318497,1.028189,0.944304,-0.722284,-1.11761,4.159608,0,0.574685,0.687918,0.194389
12.329399,1.816768,5.318497,1.028189,0.944304,-0.722284,-1.132301,4.152816,0,0.594355,0.681964,0.197001
12.329399,1.816768,5.318497,1.028189,0.944304,-0.722284,-1.14064,4.148827,0,0.555534,0.711558,0.194289
12.329399,1.816768,5.318497,1.028189,0.944304,-0.722284,-1.15327,4.142576,0,0.582638,0.715229,0.199516
12.329399,1.816768,5.318497,1.028189,0.944304,-0.722284,-1.15327,4.142576,0,0.582638,0.715229,0.199516
12.329399,1.816768,5.318497,1.028189,0.944304,-0.722284,-1.167807,4.134681,0,0.533714,0.754252,0.196334
11.979778,1.729033,5.056908,1.521012,0.843842,-0.771124,-1.17814,4.128615,0,0.587012,0.753708,0.083029
11.979778,1.729033,5.056908,1.521012,0.843842,-0.771124,-1.17814,4.128615,0,0.587012,0.753708,0.083029
11.979778,1.729033,5.056908,1.521012,0.843842,-0.771124,-1.17814,4.128615,0,0.587012,0.753708,0.083029
11.979778,1.729033,5.056908,1.521012,0.843842,-0.771124,-1.180159,4.127317,0,0.57388,0.765504,0.080662
11.979778,1.729033,5.056908,1.521012,0.843842,-0.771124,-1.233575,4.090575,0,0.531615,0.793786,0.073219
11.979778,1.729033,5.056908,1.521012,0.843842,-0.771124,-1.233575,4.090575,0,0.531615,0.793786,0.073219
11.979778,1.729033,5.056908,1.521012,0.843842,-0.771124,-1.233575,4.090575,0,0.531615,0.793786,0.073219
11.979778,1.729033,5.056908,1.521012,0.843842,-0.771124,-1.243462,4.083457,0,0.543433,0.807143,0.074922
11.979778,1.729033,5.056908,1.521012,0.843842,-0.771124,-1.257388,4.073186,0,0.541683,0.829678,0.074235
11.979778,1.729033,5.056908,1.521012,0.843842,-0.771124,-1.257388,4.073186,0,0.541683,0.829678,0.074235
11.979778,1.729033,5.056908,1.521012,0.843842,-0.771124,-1.269242,4.064314,0,0.538312,0.837919,0.073535
11.979778,1.729033,5.056908,1.521012,0.843842,-0.771124,-1.283156,4.053834,0,0.517078,0.829043,0.070205
11.979778,1.729033,5.056908,1.521012,0.843842,-0.771124,-1.283156,4.053834,0,0.517078,0.829043,0.070205
11.979778,1.729033,5.056908,1.521012,0.843842,-0.771124,-1.297162,4.043061,0,0.538386,0.864023,0.073084
11.979778,1.729033,5.056908,1.521012,0.843842,-0.771124,-1.312811,4.031472,0,0.525919,0.77775,0.072568
11.979778,1.729033,5.056908,1.521012,0.843842,-0.771124,-1.312811,4.031472,0,0.525919,0.77775,0.072568
11.979778,1.729033,5.056908,1.521012,0.843842,-0.771124,-1.312811,4.031472,0,0.525919,0.77775,0.072568
11.979778,1.729033,5.056908,1.521012,0.843842,-0.771124,-1.322604,4.02407,0,0.512185,0.866712,0.068733
11.979778,1.729033,5.056908,1.521012,0.843842,-0.771124,-1.330488,4.017586,0,0.513991,0.886713,0.068674
11.979778,1.729033,5.056908,1.521012,0.843842,-0.771124,-1.336231,4.012842,0,0.495862,0.836348,0.066591
11.979778,1.729033,5.056908,1.521012,0.843842,-0.771124,-1.336231,4.012842,0,0.495862,0.836348,0.066591
11.979778,1.729033,5.056908,1.521012,0.843842,-0.771124,-1.338131,4.011374,0,0.506494,0.813676,0.06874
11.979778,1.729033,5.056908,1.521012,0.843842,-0.771124,-1.341962,4.008509,0,0.520849,0.798377,0.071369
11.979778,1.729033,5.056908,1.521012,0.843842,-0.771124,-1.3478,4.004416,0,0.546177,0.770975,0.076015
11.979778,1.729033,5.056908,1.521012,0.843842,-0.771124,-1.359403,3.994841,0,0.493082,0.88691,0.065237
11.533543,1.687903,4.797009,1.993669,0.47103,-0.71498,-1.369144,3.986426,0,0.496552,0.909037,0.065414
11.533543,1.687903,4.797009,1.993669,0.47103,-0.71498,-1.376852,3.980112,0,0.60396,0.785138,0.032519
11.533543,1.687903,4.797009,1.993669,0.47103,-0.71498,-1.384792,3.974276,0,0.594587,0.746111,0.034292
11.533543,1.687903,4.797009,1.993669,0.47103,-0.71498,-1.390567,3.970048,0,0.593639,0.734994,0.03508
11.533543,1.687903,4.797009,1.993669,0.47103,-0.71498,-1.400773,3.962908,0,0.691686,0.790127,0.046497
11.533543,1.687903,4.797009,1.993669,0.47103,-0.71498,-1.413699,3.953688,0,0.653059,0.818401,0.037756
11.533543,1.687903,4.797009,1.993669,0.47103,-0.71498,-1.415777,3.952124,0,0.64228,0.817652,0.03605
11.533543,1.687903,4.797009,1.993669,0.47103,-0.71498,-1.425968,3.944229,0,0.616878,0.820091,0.031673
11.533543,1.687903,4.797009,1.993669,0.47103,-0.71498,-1.430234,3.94147,0,0.686938,0.745302,0.049522
11.533543,1.687903,4.797009,1.993669,0.47103,-0.71498,-1.4324,3.940159,0,0.700554,0.729109,0.053132
11.533543,1.687903,4.797009,1.993669,0.47103,-0.71498,-1.436821,3.937657,0,0.733155,0.708746,0.060212
11.533543,1.687903,4.797009,1.993669,0.47103,-0.71498,-1.439053,3.936417,0,0.732874,0.708947,0.060149
11.533543,1.687903,4.797009,1.993669,0.47103,-0.71498,-1.441266,3.935224,0,0.727735,0.685977,0.061255
11.533543,1.687903,4.797009,1.993669,0.47103,-0.71498,-1.460903,3.924531,0,0.734373,0.708204,0.060458
11.533543,1.687903,4.797009,1.993669,0.47103,-0.71498,-1.46317,3.923269,0,0.744019,0.720748,0.060977
11.533543,1.687903,4.797009,1.993669,0.47103,-0.71498,-1.46317,3.923269,0,0.744019,0.720748,0.060977
11.533543,1.687903,4.797009,1.993669,0.47103,-0.71498,-1.476968,3.915433,0,0.745486,0.737095,0.059831
11.533543,1.687903,4.797009,1.993669,0.47103,-0.71498,-1.476968,3.915433,0,0.745486,0.737095,0.059831
11.533543,1.687903,4.797009,1.993669,0.47103,-0.71498,-1.483671,3.911633,0,0.726926,0.714982,0.05866
11.533543,1.687903,4.797009,1.993669,0.47103,-0.71498,-1.488078,3.909132,0,0.719529,0.708424,0.058003
11.533543,1.687903,4.797009,1.993669,0.47103,-0.71498,-1.494616,3.905419,0,0.709109,0.698926,0.057098
11.533543,1.687903,4.797009,1.993669,0.47103,-0.71498,-1.499007,3.902862,0,0.717107,0.72336,0.056337
11.533543,1.687903,4.797009,1.993669,0.47103,-0.71498,-1.503485,3.900239,0,0.732335,0.739548,0.057463
11.533543,1.687903,4.797009,1.993669,0.47103,-0.71498,-1.503485,3.900239,0,0.732335,0.739548,0.057463
11.533543,1.687903,4.797009,1.993669,0.47103,-0.71498,-1.532518,3.882786,0,0.706,0.754689,0.051855
11.533543,1.687903,4.797009,1.993669,0.47103,-0.71498,-1.562312,3.860421,0,0.66301,0.793898,0.041469
11.533543,1.687903,4.797009,1.993669,0.47103,-0.71498,-1.564405,3.858994,0,0.668427,0.76549,0.04477
11.533543,1.687903,4.797009,1.993669,0.47103,-0.71498,-1.568539,3.856146,0,0.679277,0.748193,0.048019
11.533543,1.687903,4.797009,1.993669,0.47103,-0.71498,-1.578734,3.848344,0,0.609875,0.849878,0.027995
10.995049,1.717631,4.536655,2.437813,0.101393,-0.604477,-1.582734,3.844949,0,0.609967,0.850058,0.027995
10.995049,1.717631,4.536655,2.437813,0.101393,-0.604477,-1.586806,3.84153,0,0.69164,0.818577,0.063593
10.995049,1.717631,4.536655,2.437813,0.101393,-0.604477,-1.588812,3.83974,0,0.677632,0.833021,0.060342
10.995049,1.717631,4.536655,2.437813,0.101393,-0.604477,-1.594779,3.834323,0,0.665309,0.82756,0.058632
10.995049,1.717631,4.536655,2.437813,0.101393,-0.604477,-1.611709,3.817804,0,0.601397,0.866217,0.045524
10.995049,1.717631,4.536655,2.437813,0.101393,-0.604477,-1.625405,3.80224,0,0.539675,0.872542,0.034827
10.995049,1.717631,4.536655,2.437813,0.101393,-0.604477,-1.633879,3.792485,0,0.53777,0.879127,0.034093
10.995049,1.717631,4.536655,2.437813,0.101393,-0.604477,-1.638829,3.786629,0,0.521764,0.86541,0.032291
10.995049,1.717631,4.536655,2.437813,0.101393,-0.604477,-1.643803,3.780716,0,0.521091,0.87372,0.031652
10.995049,1.717631,4.536655,2.437813,0.101393,-0.604477,-1.647075,3.77677,0,0.526593,0.888629,0.031627
10.995049,1.717631,4.536655,2.437813,0.101393,-0.604477,-1.652,3.77081,0,0.517815,0.879683,0.030729
10.995049,1.717631,4.536655,2.437813,0.101393,-0.604477,-1.656978,3.764813,0,0.525835,0.896747,0.030987
10.995049,1.717631,4.536655,2.437813,0.101393,-0.604477,-1.658614,3.762803,0,0.520231,0.896008,0.030099
10.995049,1.717631,4.536655,2.437813,0.101393,-0.604477,-1.658614,3.762803,0,0.520231,0.896008,0.030099
10.995049,1.717631,4.536655,2.437813,0.101393,-0.604477,-1.663678,3.756677,0,0.5335,0.91659,0.03101
10.995049,1.717631,4.536655,2.437813,0.101393,-0.604477,-1.665334,3.754628,0,0.525855,0.912821,0.029973
10.995049,1.717631,4.536655,2.437813,0.101393,-0.604477,-1.666987,3.75257,0,0.524398,0.916117,0.029522
10.995049,1.717631,4.536655,2.437813,0.101393,-0.604477,-1.666987,3.75257,0,0.524398,0.916117,0.029522
10.995049,1.717631,4.536655,2.437813,0.101393,-0.604477,-1.668703,3.750504,0,0.548275,0.922935,0.033074
10.995049,1.717631,4.536655,2.437813,0.101393,-0.604477,-1.668703,3.750504,0,0.548275,0.922935,0.033074
10.995049,1.717631,4.536655,2.437813,0.101393,-0.604477,-1.668703,3.750504,0,0.548275,0.922935,0.033074
10.995049,1.717631,4.536655,2.437813,0.101393,-0.604477,-1.675358,3.742392,0,0.526728,0.921275,0.029584
10.995049,1.717631,4.536655,2.437813,0.101393,-0.604477,-1.685381,3.729687,0,0.518919,0.936155,0.02734
10.995049,1.717631,4.536655,2.437813,0.101393,-0.604477,-1.698467,3.712976,0,0.509945,0.940485,0.025569
10.995049,1.717631,4.536655,2.437813,0.101393,-0.604477,-1.704909,3.704479,0,0.503444,0.943605,0.024287
10.995049,1.717631,4.536655,2.437813,0.101393,-0.604477,-1.717812,3.687215,0,0.494744,0.953374,0.022218
10.995049,1.717631,4.536655,2.437813,0.101393,-0.604477,-1.724206,3.678565,0,0.487637,0.954256,0.020976
10.995049,1.717631,4.536655,2.437813,0.101393,-0.604477,-1.725794,3.676398,0,0.492404,0.954923,0.021729
10.995049,1.717631,4.536655,2.437813,0.101393,-0.604477,-1.727421,3.674259,0,0.509437,0.94613,0.025127
10.995049,1.717631,4.536655,2.437813,0.101393,-0.604477,-1.728986,3.672108,0,0.484402,0.947307,0.020876
10.995049,1.717631,4.536655,2.437813,0.101393,-0.604477,-1.732118,3.667819,0,0.484912,0.947405,0.020955
10.995049,1.717631,4.536655,2.437813,0.101393,-0.604477,-1.733708,3.665655,0,0.493579,0.953945,0.021987
10.995049,1.717631,4.536655,2.437813,0.101393,-0.604477,-1.733708,3.665655,0,0.493579,0.953945,0.021987
10.995049,1.717631,4.536655,2.437813,0.101393,-0.604477,-1.735253,3.663492,0,0.475992,0.950712,0.019258
10.995049,1.717631,4.536655,2.437813,0.101393,-0.604477,-1.738355,3.659143,0,0.477214,0.954054,0.01925
10.995049,1.717631,4.536655,2.437813,0.101393,-0.604477,-1.741469,3.654829,0,0.470112,0.947535,0.018478
10.995049,1.717631,4.536655,2.437813,0.101393,-0.604477,-1.744535,3.650543,0,0.473906,0.94102,0.019523
10.995049,1.717631,4.536655,2.437813,0.101393,-0.604477,-1.749125,3.64412,0,0.460508,0.947709,0.016864
10.357773,1.794291,4.27687,2.828025,-0.212305,-0.53546,-1.75367,3.637634,0,0.5621,0.887638,0.109043
10.357773,1.794291,4.27687,2.828025,-0.212305,-0.53546,-1.764086,3.62267,0,0.532911,0.881508,0.104201
10.357773,1.794291,4.27687,2.828025,-0.212305,-0.53546,-1.767021,3.618413,0,0.530788,0.877754,0.103781
10.357773,1.794291,4.27687,2.828025,-0.212305,-0.53546,-1.767021,3.618413,0,0.530788,0.877754,0.103781
10.357773,1.794291,4.27687,2.828025,-0.212305,-0.53546,-1.780024,3.59937,0,0.524444,0.869891,0.102594
10.357773,1.794291,4.27687,2.828025,-0.212305,-0.53546,-1.784266,3.593022,0,0.5075,0.871806,0.099895
10.357773,1.794291,4.27687,2.828025,-0.212305,-0.53546,-1.784266,3.593022,0,0.5075,0.871806,0.099895
10.357773,1.794291,4.27687,2.828025,-0.212305,-0.53546,-1.787083,3.588789,0,0.511112,0.87362,0.100516
10.357773,1.794291,4.27687,2.828025,-0.212305,-0.53546,-1.792656,3.580287,0,0.504583,0.877926,0.09955
10.357773,1.794291,4.27687,2.828025,-0.212305,-0.53546,-1.795411,3.576007,0,0.493587,0.879654,0.097808
10.357773,1.794291,4.27687,2.828025,-0.212305,-0.53546,-1.798148,3.571717,0,0.495749,0.885958,0.098287
10.357773,1.794291,4.27687,2.828025,-0.212305,-0.53546,-1.806222,3.558703,0,0.478499,0.889117,0.095564
10.357773,1.794291,4.27687,2.828025,-0.212305,-0.53546,-1.807547,3.556541,0,0.480058,0.888308,0.0958
10.357773,1.794291,4.27687,2.828025,-0.212305,-0.53546,-1.812703,3.547993,0,0.462593,0.87622,0.09273
10.357773,1.794291,4.27687,2.828025,-0.212305,-0.53546,-1.818956,3.537469,0,0.449319,0.865329,0.090361
10.357773,1.794291,4.27687,2.828025,-0.212305,-0.53546,-1.821413,3.533255,0,0.436981,0.859029,0.088238
10.357773,1.794291,4.27687,2.828025,-0.212305,-0.53546,-1.821413,3.533255,0,0.436981,0.859029,0.088238
10.357773,1.794291,4.27687,2.828025,-0.212305,-0.53546,-1.821413,3.533255,0,0.436981,0.859029,0.088238
10.357773,1.794291,4.27687,2.828025,-0.212305,-0.53546,-1.829793,3.518694,0,0.42138,0.852358,0.08558
10.357773,1.794291,4.27687,2.828025,-0.212305,-0.53546,-1.835646,3.508438,0,0.421568,0.827349,0.085097
10.357773,1.794291,4.27687,2.828025,-0.212305,-0.53546,-1.835646,3.508438,0,0.421568,0.827349,0.085097
10.357773,1.794291,4.27687,2.828025,-0.212305,-0.53546,-1.840264,3.500202,0,0.408833,0.851626,0.083538
10.357773,1.794291,4.27687,2.828025,-0.212305,-0.53546,-1.847146,3.487597,0,0.406687,0.867074,0.083508
10.357773,1.794291,4.27687,2.828025,-0.212305,-0.53546,-1.852796,3.47696,0,0.399669,0.870603,0.082446
10.357773,1.794291,4.27687,2.828025,-0.212305,-0.53546,-1.859601,3.464245,0,0.398608,0.881466,0.082498
10.357773,1.794291,4.27687,2.828025,-0.212305,-0.53546,-1.865315,3.453677,0,0.417245,0.86855,0.085244
10.357773,1.794291,4.27687,2.828025,-0.212305,-0.53546,-1.866442,3.451511,0,0.417245,0.86855,0.085244
10.357773,1.794291,4.27687,2.828025,-0.212305,-0.53546,-1.867559,3.449327,0,0.401461,0.886602,0.083064
10.357773,1.794291,4.27687,2.828025,-0.212305,-0.53546,-1.869815,3.445018,0,0.411686,0.871403,0.084404
9.609907,1.865054,4.018349,3.202068,-0.267158,-0.514836,-1.880015,3.425721,0,0.493194,0.821065,0.180516
9.609907,1.865054,4.018349,3.202068,-0.267158,-0.514836,-1.882262,3.42136,0,0.493518,0.829216,0.181581
9.609907,1.865054,4.018349,3.202068,-0.267158,-0.514836,-1.885614,3.414819,0,0.478525,0.836591,0.180116
9.609907,1.865054,4.018349,3.202068,-0.267158,-0.514836,-1.888926,3.408221,0,0.474852,0.84237,0.180251
9.609907,1.865054,4.018349,3.202068,-0.267158,-0.514836,-1.896761,3.392887,0,0.48018,0.855149,0.182687
9.609907,1.865054,4.018349,3.202068,-0.267158,-0.514836,-1.901155,3.384011,0,0.496785,0.822952,0.181322
9.609907,1.865054,4.018349,3.202068,-0.267158,-0.514836,-1.901155,3.384011,0,0.496785,0.822952,0.181322
9.609907,1.865054,4.018349,3.202068,-0.267158,-0.514836,-1.903517,3.379757,0,0.511064,0.807969,0.181728
9.609907,1.865054,4.018349,3.202068,-0.267158,-0.514836,-1.907973,3.370866,0,0.467965,0.867516,0.182284
9.609907,1.865054,4.018349,3.202068,-0.267158,-0.514836,-1.909025,3.368583,0,0.463456,0.873292,0.182286
9.609907,1.865054,4.018349,3.202068,-0.267158,-0.514836,-1.911288,3.364239,0,0.499814,0.817146,0.181081
9.609907,1.865054,4.018349,3.202068,-0.267158,-0.514836,-1.91244,3.36209,0,0.500053,0.817508,0.181164
9.609907,1.865054,4.018349,3.202068,-0.267158,-0.514836,-1.916089,3.355844,0,0.523797,0.788851,0.181373
9.609907,1.865054,4.018349,3.202068,-0.267158,-0.514836,-1.917336,3.353783,0,0.53465,0.803105,0.184871
9.609907,1.865054,4.018349,3.202068,-0.267158,-0.514836,-1.927088,3.336765,0,0.549333,0.78936,0.185495
9.609907,1.865054,4.018349,3.202068,-0.267158,-0.514836,-1.933365,3.326068,0,0.542716,0.799298,0.18568
9.609907,1.865054,4.018349,3.202068,-0.267158,-0.514836,-1.937246,3.319844,0,0.561716,0.776609,0.185877
9.609907,1.865054,4.018349,3.202068,-0.267158,-0.514836,-1.940002,3.315715,0,0.57606,0.787274,0.189484
9.609907,1.865054,4.018349,3.202068,-0.267158,-0.514836,-1.95111,3.299073,0,0.623177,0.772893,0.195184
9.609907,1.865054,4.018349,3.202068,-0.267158,-0.514836,-1.965922,3.278692,0,0.63554,0.771612,0.19699
9.609907,1.865054,4.018349,3.202068,-0.267158,-0.514836,-1.965922,3.278692,0,0.63554,0.771612,0.19699
9.609907,1.865054,4.018349,3.202068,-0.267158,-0.514836,-1.970405,3.272505,0,0.629163,0.766991,0.195401
9.609907,1.865054,4.018349,3.202068,-0.267158,-0.514836,-1.971884,3.270466,0,0.626824,0.764197,0.194682
9.609907,1.865054,4.018349,3.202068,-0.267158,-0.514836,-1.983339,3.254323,0,0.601933,0.748369,0.188757
9.609907,1.865054,4.018349,3.202068,-0.267158,-0.514836,-1.984711,3.252344,0,0.586243,0.756418,0.187264
9.609907,1.865054,4.018349,3.202068,-0.267158,-0.514836,-1.990046,3.244433,0,0.563984,0.740167,0.181705
9.609907,1.865054,4.018349,3.202068,-0.267158,-0.514836,-2.000889,3.228634,0,0.551853,0.738754,0.179601
8.766769,1.8588,3.763381,3.422539,-0.180525,-0.83618,-2.01544,3.207207,0,0.621448,0.642648,0.133173
8.766769,1.8588,3.763381,3.422539,-0.180525,-0.83618,-2.02505,3.192161,0,0.629114,0.651529,0.134973
8.766769,1.8588,3.763381,3.422539,-0.180525,-0.83618,-2.032692,3.180803,0,0.62082,0.657809,0.13564
8.766769,1.8588,3.763381,3.422539,-0.180525,-0.83618,-2.038409,3.171236,0,0.573256,0.664507,0.13464
8.766769,1.8588,3.763381,3.422539,-0.180525,-0.83618,-2.044184,3.161744,0,0.574567,0.659373,0.133853
8.766769,1.8588,3.763381,3.422539,-0.180525,-0.83618,-2.052724,3.146404,0,0.534391,0.685453,0.136368
8.766769,1.8588,3.763381,3.422539,-0.180525,-0.83618,-2.05854,3.134572,0,0.505872,0.710796,0.139277
8.766769,1.8588,3.763381,3.422539,-0.180525,-0.83618,-2.062039,3.126412,0,0.479209,0.74376,0.143521
8.766769,1.8588,3.763381,3.422539,-0.180525,-0.83618,-2.063691,3.122229,0,0.460883,0.758674,0.145164
8.766769,1.8588,3.763381,3.422539,-0.180525,-0.83618,-2.067438,3.111505,0,0.41706,0.805087,0.150863
8.766769,1.8588,3.763381,3.422539,-0.180525,-0.83618,-2.071949,3.095644,0,0.390172,0.838709,0.155205
8.766769,1.8588,3.763381,3.422539,-0.180525,-0.83618,-2.075685,3.081918,0,0.388713,0.85112,0.157182
8.766769,1.8588,3.763381,3.422539,-0.180525,-0.83618,-2.080702,3.063632,0,0.387041,0.863634,0.159167
8.766769,1.8588,3.763381,3.422539,-0.180525,-0.83618,-2.081974,3.058885,0,0.406911,0.895288,0.165252
8.766769,1.8588,3.763381,3.422539,-0.180525,-0.83618,-2.086261,3.041888,0,0.390269,0.895976,0.167392
8.766769,1.8588,3.763381,3.422539,-0.180525,-0.83618,-2.088126,3.034524,0,0.393034,0.914664,0.167826
8.766769,1.8588,3.763381,3.422539,-0.180525,-0.83618,-2.089911,3.02719,0,0.403838,0.926904,0.169843
8.766769,1.8588,3.763381,3.422539,-0.180525,-0.83618,-2.095963,3.002229,0,0.413763,0.940289,0.172957
7.906889,1.757496,3.518277,3.123173,0.010432,-1.310895,-2.096646,2.999705,0,0.521284,0.900715,0.101396
7.906889,1.757496,3.518277,3.123173,0.010432,-1.310895,-2.098341,2.992243,0,0.463576,0.896733,0.107616
7.906889,1.757496,3.518277,3.123173,0.010432,-1.310895,-2.100756,2.982119,0,0.471394,0.913885,0.109801
7.906889,1.757496,3.518277,3.123173,0.010432,-1.310895,-2.103618,2.969245,0,0.468524,0.924079,0.112004
7.906889,1.757496,3.518277,3.123173,0.010432,-1.310895,-2.105921,2.958783,0,0.474253,0.941982,0.114577
7.906889,1.757496,3.518277,3.123173,0.010432,-1.310895,-2.109198,2.943021,0,0.472979,0.948643,0.115944
7.906889,1.757496,3.518277,3.123173,0.010432,-1.310895,-2.11234,2.927468,0,0.464696,0.936675,0.11476
7.906889,1.757496,3.518277,3.123173,0.010432,-1.310895,-2.11234,2.927468,0,0.464696,0.936675,0.11476
7.906889,1.757496,3.518277,3.123173,0.010432,-1.310895,-2.113894,2.919764,0,0.461781,0.931608,0.114187
7.906889,1.757496,3.518277,3.123173,0.010432,-1.310895,-2.116474,2.907013,0,0.459232,0.923291,0.112978
7.906889,1.757496,3.518277,3.123173,0.010432,-1.310895,-2.118549,2.896888,0,0.459328,0.916557,0.11174
7.906889,1.757496,3.518277,3.123173,0.010432,-1.310895,-2.121182,2.884311,0,0.461569,0.909452,0.110175
7.906889,1.757496,3.518277,3.123173,0.010432,-1.310895,-2.123337,2.874306,0,0.465275,0.903639,0.10867
7.906889,1.757496,3.518277,3.123173,0.010432,-1.310895,-2.124443,2.869328,0,0.468924,0.898196,0.107239
7.906889,1.757496,3.518277,3.123173,0.010432,-1.310895,-2.125584,2.864384,0,0.474426,0.889069,0.104913
7.906889,1.757496,3.518277,3.123173,0.010432,-1.310895,-2.128739,2.85232,0,0.48853,0.87091,0.099907
7.906889,1.757496,3.518277,3.123173,0.010432,-1.310895,-2.13228,2.840622,0,0.519302,0.873393,0.096655
7.906889,1.757496,3.518277,3.123173,0.010432,-1.310895,-2.136485,2.82933,0,0.544055,0.78504,0.077575
7.906889,1.757496,3.518277,3.123173,0.010432,-1.310895,-2.139434,2.820369,0,0.503442,0.786888,0.0828
7.906889,1.757496,3.518277,3.123173,0.010432,-1.310895,-2.141564,2.813643,0,0.502319,0.792829,0.084018
7.906889,1.757496,3.518277,3.123173,0.010432,-1.310895,-2.145324,2.802462,0,0.55011,0.755402,0.071446
7.906889,1.757496,3.518277,3.123173,0.010432,-1.310895,-2.150379,2.789456,0,0.529315,0.741836,0.071476
7.906889,1.757496,3.518277,3.123173,0.010432,-1.310895,-2.155636,2.774207,0,0.505642,0.785351,0.082255
7.906889,1.757496,3.518277,3.123173,0.010432,-1.310895,-2.163348,2.749928,0,0.491711,0.764306,0.080097
7.130951,1.575812,3.272035,2.689909,0.148718,-1.403106,-2.17137,2.723208,0,0.563754,0.756415,0.03892
7.130951,1.575812,3.272035,2.689909,0.148718,-1.403106,-2.174231,2.714205,0,0.577022,0.727859,0.031431
7.130951,1.575812,3.272035,2.689909,0.148718,-1.403106,-2.174231,2.714205,0,0.577022,0.727859,0.031431
7.130951,1.575812,3.272035,2.689909,0.148718,-1.403106,-2.17788,2.703305,0,0.57054,0.71105,0.029513
7.130951,1.575812,3.272035,2.689909,0.148718,-1.403106,-2.182154,2.686975,0,0.532573,0.864513,0.063954
7.130951,1.575812,3.272035,2.689909,0.148718,-1.403106,-2.182621,2.684426,0,0.526532,0.890229,0.069669
7.130951,1.575812,3.272035,2.689909,0.148718,-1.403106,-2.18451,2.671138,0,0.522953,0.958679,0.082704
7.130951,1.575812,3.272035,2.689909,0.148718,-1.403106,-2.187043,2.64877,0,0.501592,0.968034,0.088122
7.130951,1.575812,3.272035,2.689909,0.148718,-1.403106,-2.187796,2.643454,0,0.516068,0.916535,0.076262
7.130951,1.575812,3.272035,2.689909,0.148718,-1.403106,-2.187796,2.643454,0,0.516068,0.916535,0.076262
7.130951,1.575812,3.272035,2.689909,0.148718,-1.403106,-2.189907,2.633267,0,0.555707,0.868746,0.06069
7.130951,1.575812,3.272035,2.689909,0.148718,-1.403106,-2.195374,2.61396,0,0.574219,0.786318,0.042519
7.130951,1.575812,3.272035,2.689909,0.148718,-1.403106,-2.195374,2.61396,0,0.574219,0.786318,0.042519
7.130951,1.575812,3.272035,2.689909,0.148718,-1.403106,-2.198001,2.595301,0,0.458805,1.001192,0.101589
7.130951,1.575812,3.272035,2.689909,0.148718,-1.403106,-2.199245,2.578266,0,0.523505,1.052702,0.099655
7.130951,1.575812,3.272035,2.689909,0.148718,-1.403106,-2.201009,2.563302,0,0.51965,1.092843,0.107605
7.130951,1.575812,3.272035,2.689909,0.148718,-1.403106,-2.202137,2.54334,0,0.397707,0.949823,0.102921
7.130951,1.575812,3.272035,2.689909,0.148718,-1.403106,-2.202627,2.535839,0,0.421194,0.892778,0.088485
7.130951,1.575812,3.272035,2.689909,0.148718,-1.403106,-2.204761,2.519359,0,0.431013,0.80751,0.071314
6.465629,1.331414,3.021615,2.266333,0.304176,-1.346819,-2.206487,2.508092,0,0.517545,0.801851,0.05521
6.465629,1.331414,3.021615,2.266333,0.304176,-1.346819,-2.206487,2.508092,0,0.517545,0.801851,0.05521
6.465629,1.331414,3.021615,2.266333,0.304176,-1.346819,-2.207936,2.497458,0,0.563555,0.93865,0.057677
6.465629,1.331414,3.021615,2.266333,0.304176,-1.346819,-2.209344,2.454178,0,0.522732,1.070546,0.088349
6.465629,1.331414,3.021615,2.266333,0.304176,-1.346819,-2.20937,2.445739,0,0.458388,0.977365,0.084203
6.465629,1.331414,3.021615,2.266333,0.304176,-1.346819,-2.209707,2.430263,0,0.468469,0.8788,0.065123
6.465629,1.331414,3.021615,2.266333,0.304176,-1.346819,-2.209707,2.430263,0,0.468469,0.8788,0.065123
6.465629,1.331414,3.021615,2.266333,0.304176,-1.346819,-2.209707,2.430263,0,0.468469,0.8788,0.065123
6.465629,1.331414,3.021615,2.266333,0.304176,-1.346819,-2.209707,2.430263,0,0.468469,0.8788,0.065123
6.465629,1.331414,3.021615,2.266333,0.304176,-1.346819,-2.210101,2.42544,0,0.478844,0.838797,0.056197
6.465629,1.331414,3.021615,2.266333,0.304176,-1.346819,-2.210389,2.423067,0,0.50377,0.810982,0.046661
6.465629,1.331414,3.021615,2.266333,0.304176,-1.346819,-2.211046,2.418357,0,0.529611,0.784726,0.037224
6.465629,1.331414,3.021615,2.266333,0.304176,-1.346819,-2.213719,2.404592,0,0.545487,0.732088,0.025061
6.465629,1.331414,3.021615,2.266333,0.304176,-1.346819,-2.214181,2.402372,0,0.54223,0.726844,0.024759
6.465629,1.331414,3.021615,2.266333,0.304176,-1.346819,-2.214181,2.402372,0,0.54223,0.726844,0.024759
6.465629,1.331414,3.021615,2.266333,0.304176,-1.346819,-2.214181,2.402372,0,0.54223,0.726844,0.024759
6.465629,1.331414,3.021615,2.266333,0.304176,-1.346819,-2.214181,2.402372,0,0.54223,0.726844,0.024759
6.465629,1.331414,3.021615,2.266333,0.304176,-1.346819,-2.214642,2.400162,0,0.539759,0.723566,0.024653
6.465629,1.331414,3.021615,2.266333,0.304176,-1.346819,-2.215102,2.397945,0,0.540686,0.725706,0.024851
6.465629,1.331414,3.021615,2.266333,0.304176,-1.346819,-2.220592,2.366539,0,0.433224,0.7747,0.053601
6.465629,1.331414,3.021615,2.266333,0.304176,-1.346819,-2.220869,2.350684,0,0.372442,0.831891,0.075002
6.465629,1.331414,3.021615,2.266333,0.304176,-1.346819,-2.220186,2.339072,0,0.34591,0.869862,0.086611
6.465629,1.331414,3.021615,2.266333,0.304176,-1.346819,-2.220186,2.339072,0,0.34591,0.869862,0.086611
6.465629,1.331414,3.021615,2.266333,0.304176,-1.346819,-2.219876,2.334368,0,0.342332,0.869944,0.087298
6.465629,1.331414,3.021615,2.266333,0.304176,-1.346819,-2.218123,2.310522,0,0.343496,0.902535,0.092761
6.465629,1.331414,3.021615,2.266333,0.304176,-1.346819,-2.218123,2.310522,0,0.343496,0.902535,0.092761
6.465629,1.331414,3.021615,2.266333,0.304176,-1.346819,-2.217078,2.291125,0,0.382236,0.86977,0.079764
6.465629,1.331414,3.021615,2.266333,0.304176,-1.346819,-2.217045,2.281597,0,0.416771,0.856123,0.070891
6.465629,1.331414,3.021615,2.266333,0.304176,-1.346819,-2.2174,2.272018,0,0.447461,0.841329,0.06254
5.927373,1.037153,2.769348,1.892128,0.455277,-1.264265,-2.217828,2.264947,0,0.521693,0.780967,0.025765
5.927373,1.037153,2.769348,1.892128,0.455277,-1.264265,-2.218832,2.253037,0,0.530433,0.821831,0.030454
5.927373,1.037153,2.769348,1.892128,0.455277,-1.264265,-2.218749,2.242789,0,0.48047,0.945515,0.058402
5.927373,1.037153,2.769348,1.892128,0.455277,-1.264265,-2.218749,2.242789,0,0.48047,0.945515,0.058402
5.927373,1.037153,2.769348,1.892128,0.455277,-1.264265,-2.217796,2.232025,0,0.449669,0.998559,0.072075
5.927373,1.037153,2.769348,1.892128,0.455277,-1.264265,-2.216314,2.218381,0,0.436863,0.991422,0.073287
5.927373,1.037153,2.769348,1.892128,0.455277,-1.264265,-2.215363,2.210503,0,0.419249,0.977265,0.074288
5.927373,1.037153,2.769348,1.892128,0.455277,-1.264265,-2.215363,2.210503,0,0.419249,0.977265,0.074288
5.927373,1.037153,2.769348,1.892128,0.455277,-1.264265,-2.213679,2.197322,0,0.410524,0.982325,0.076634
5.927373,1.037153,2.769348,1.892128,0.455277,-1.264265,-2.211495,2.181628,0,0.397546,0.978937,0.078451
5.927373,1.037153,2.769348,1.892128,0.455277,-1.264265,-2.209843,2.168474,0,0.437181,0.975212,0.070746
5.927373,1.037153,2.769348,1.892128,0.455277,-1.264265,-2.208699,2.155006,0,0.492986,0.979096,0.061295
5.927373,1.037153,2.769348,1.892128,0.455277,-1.264265,-2.208566,2.15226,0,0.503953,0.975397,0.058754
5.927373,1.037153,2.769348,1.892128,0.455277,-1.264265,-2.208303,2.146774,0,0.504211,0.974242,0.05853
5.927373,1.037153,2.769348,1.892128,0.455277,-1.264265,-2.208088,2.138454,0,0.537377,0.971017,0.052066
5.927373,1.037153,2.769348,1.892128,0.455277,-1.264265,-2.208051,2.135671,0,0.544387,0.969806,0.050618
5.927373,1.037153,2.769348,1.892128,0.455277,-1.264265,-2.208051,2.135671,0,0.544387,0.969806,0.050618
5.927373,1.037153,2.769348,1.892128,0.455277,-1.264265,-2.208051,2.135671,0,0.544387,0.969806,0.050618
5.927373,1.037153,2.769348,1.892128,0.455277,-1.264265,-2.208051,2.135671,0,0.544387,0.969806,0.050618
5.927373,1.037153,2.769348,1.892128,0.455277,-1.264265,-2.208051,2.135671,0,0.544387,0.969806,0.050618
5.927373,1.037153,2.769348,1.892128,0.455277,-1.264265,-2.208051,2.135671,0,0.544387,0.969806,0.050618
5.927373,1.037153,2.769348,1.892128,0.455277,-1.264265,-2.208041,2.127286,0,0.564697,0.966575,0.046467
5.927373,1.037153,2.769348,1.892128,0.455277,-1.264265,-2.208115,2.121668,0,0.57758,0.963848,0.04373
5.927373,1.037153,2.769348,1.892128,0.455277,-1.264265,-2.20802,2.118849,0,0.537041,0.990321,0.055085
5.927373,1.037153,2.769348,1.892128,0.455277,-1.264265,-2.207769,2.113242,0,0.509031,1.00046,0.061681
5.927373,1.037153,2.769348,1.892128,0.455277,-1.264265,-2.207164,2.104834,0,0.481986,1.014033,0.068629
5.927373,1.037153,2.769348,1.892128,0.455277,-1.264265,-2.206903,2.102031,0,0.472185,1.019784,0.071275
5.927373,1.037153,2.769348,1.892128,0.455277,-1.264265,-2.20518,2.088105,0,0.420192,1.029037,0.082052
5.927373,1.037153,2.769348,1.892128,0.455277,-1.264265,-2.200623,2.063818,0,0.35447,1.021123,0.09267
5.927373,1.037153,2.769348,1.892128,0.455277,-1.264265,-2.198735,2.053254,0,0.387805,0.983527,0.080908
5.927373,1.037153,2.769348,1.892128,0.455277,-1.264265,-2.198536,2.050693,0,0.409824,0.986775,0.077442
5.927373,1.037153,2.769348,1.892128,0.455277,-1.264265,-2.198345,2.038499,0,0.461296,0.885219,0.052613
5.927373,1.037153,2.769348,1.892128,0.455277,-1.264265,-2.198773,2.029035,0,0.511309,0.806152,0.031494
5.927373,1.037153,2.769348,1.892128,0.455277,-1.264265,-2.198773,2.029035,0,0.511309,0.806152,0.031494
5.927373,1.037153,2.769348,1.892128,0.455277,-1.264265,-2.198773,2.029035,0,0.511309,0.806152,0.031494
5.927373,1.037153,2.769348,1.892128,0.455277,-1.264265,-2.199457,2.012732,0,0.491531,0.772951,0.029966
5.514808,0.711863,2.514384,1.516165,0.565152,-1.221077,-2.199958,2.001458,0,0.547837,0.70623,-0.010504
5.514808,0.711863,2.514384,1.516165,0.565152,-1.221077,-2.200059,1.999235,0,0.545701,0.70307,-0.010515
5.514808,0.711863,2.514384,1.516165,0.565152,-1.221077,-2.200122,1.997058,0,0.522828,0.696758,-0.007101
5.514808,0.711863,2.514384,1.516165,0.565152,-1.221077,-2.200264,1.986026,0,0.516132,0.72409,-0.002355
5.514808,0.711863,2.514384,1.516165,0.565152,-1.221077,-2.200264,1.986026,0,0.516132,0.72409,-0.002355
5.514808,0.711863,2.514384,1.516165,0.565152,-1.221077,-2.19855,1.948955,0,0.483898,0.842437,0.018795
5.514808,0.711863,2.514384,1.516165,0.565152,-1.221077,-2.197294,1.936796,0,0.512876,0.78718,0.006348
5.514808,0.711863,2.514384,1.516165,0.565152,-1.221077,-2.197294,1.936796,0,0.512876,0.78718,0.006348
5.514808,0.711863,2.514384,1.516165,0.565152,-1.221077,-2.197156,1.929797,0,0.532494,0.762574,-0.000435
5.514808,0.711863,2.514384,1.516165,0.565152,-1.221077,-2.19707,1.920601,0,0.520297,0.749616,0.000154
5.514808,0.711863,2.514384,1.516165,0.565152,-1.221077,-2.196996,1.911588,0,0.511199,0.734414,-0.000118
5.514808,0.711863,2.514384,1.516165,0.565152,-1.221077,-2.196979,1.909351,0,0.511142,0.734331,-0.000118
5.514808,0.711863,2.514384,1.516165,0.565152,-1.221077,-2.196979,1.909351,0,0.511142,0.734331,-0.000118
5.514808,0.711863,2.514384,1.516165,0.565152,-1.221077,-2.196979,1.909351,0,0.511142,0.734331,-0.000118
5.514808,0.711863,2.514384,1.516165,0.565152,-1.221077,-2.196979,1.909351,0,0.511142,0.734331,-0.000118
5.514808,0.711863,2.514384,1.516165,0.565152,-1.221077,-2.196979,1.909351,0,0.511142,0.734331,-0.000118
5.514808,0.711863,2.514384,1.516165,0.565152,-1.221077,-2.196926,1.902838,0,0.489574,0.710686,0.000829
5.514808,0.711863,2.514384,1.516165,0.565152,-1.221077,-2.196617,1.89006,0,0.462267,0.73349,0.008801
5.514808,0.711863,2.514384,1.516165,0.565152,-1.221077,-2.196067,1.876289,0,0.498314,0.813283,0.012389
5.514808,0.711863,2.514384,1.516165,0.565152,-1.221077,-2.192252,1.854659,0,0.350019,0.929295,0.054675
5.514808,0.711863,2.514384,1.516165,0.565152,-1.221077,-2.189721,1.844792,0,0.399407,0.946834,0.047805
5.514808,0.711863,2.514384,1.516165,0.565152,-1.221077,-2.187329,1.832067,0,0.425048,0.943009,0.042578
5.514808,0.711863,2.514384,1.516165,0.565152,-1.221077,-2.18494,1.815183,0,0.47864,0.801649,0.014529
5.514808,0.711863,2.514384,1.516165,0.565152,-1.221077,-2.181584,1.775456,0,0.394343,0.828961,0.033605
5.225456,0.385879,2.259627,1.180348,0.475254,-1.17542,-2.175758,1.752016,0,0.407022,0.910465,-0.028916
5.225456,0.385879,2.259627,1.180348,0.475254,-1.17542,-2.168736,1.730001,0,0.402996,0.960334,-0.026116
5.225456,0.385879,2.259627,1.180348,0.475254,-1.17542,-2.166144,1.722583,0,0.398509,0.97181,-0.024878
5.225456,0.385879,2.259627,1.180348,0.475254,-1.17542,-2.166144,1.722583,0,0.398509,0.97181,-0.024878
5.225456,0.385879,2.259627,1.180348,0.475254,-1.17542,-2.157343,1.696204,0,0.397049,0.811038,-0.0315
5.225456,0.385879,2.259627,1.180348,0.475254,-1.17542,-2.155151,1.690205,0,0.329518,0.790345,-0.021136
5.225456,0.385879,2.259627,1.180348,0.475254,-1.17542,-2.155151,1.690205,0,0.329518,0.790345,-0.021136
5.225456,0.385879,2.259627,1.180348,0.475254,-1.17542,-2.155151,1.690205,0,0.329518,0.790345,-0.021136
5.225456,0.385879,2.259627,1.180348,0.475254,-1.17542,-2.147619,1.65515,0,0.391251,0.581814,-0.040321
5.225456,0.385879,2.259627,1.180348,0.475254,-1.17542,-2.145416,1.642106,0,0.446539,0.704529,-0.04429
5.225456,0.385879,2.259627,1.180348,0.475254,-1.17542,-2.145416,1.642106,0,0.446539,0.704529,-0.04429
5.225456,0.385879,2.259627,1.180348,0.475254,-1.17542,-2.136424,1.599467,0,0.432367,0.763129,-0.039428
5.225456,0.385879,2.259627,1.180348,0.475254,-1.17542,-2.130607,1.585322,0,0.223648,0.723445,-0.00636
5.225456,0.385879,2.259627,1.180348,0.475254,-1.17542,-2.130607,1.585322,0,0.223648,0.723445,-0.00636
5.032044,0.093,2.005474,0.847345,0.557586,-1.082259,-2.123726,1.564947,0,0.402472,0.554594,-0.012126
5.032044,0.093,2.005474,0.847345,0.557586,-1.082259,-2.123726,1.564947,0,0.402472,0.554594,-0.012126
5.032044,0.093,2.005474,0.847345,0.557586,-1.082259,-2.121064,1.55143,0,0.402443,0.55876,-0.011723
5.032044,0.093,2.005474,0.847345,0.557586,-1.082259,-2.117445,1.540381,0,0.281503,0.601945,0.011972
5.032044,0.093,2.005474,0.847345,0.557586,-1.082259,-2.106577,1.520973,0,0.192752,0.65364,0.031272
5.032044,0.093,2.005474,0.847345,0.557586,-1.082259,-2.106577,1.520973,0,0.192752,0.65364,0.031272
5.032044,0.093,2.005474,0.847345,0.557586,-1.082259,-2.105704,1.519522,0,0.190392,0.649513,0.03126
5.032044,0.093,2.005474,0.847345,0.557586,-1.082259,-2.104861,1.518003,0,0.218129,0.65915,0.027693
5.032044,0.093,2.005474,0.847345,0.557586,-1.082259,-2.103271,1.514902,0,0.244061,0.642228,0.02188
5.032044,0.093,2.005474,0.847345,0.557586,-1.082259,-2.101157,1.510317,0,0.260169,0.611462,0.016333
5.032044,0.093,2.005474,0.847345,0.557586,-1.082259,-2.098256,1.502652,0,0.275049,0.617527,0.014505
5.032044,0.093,2.005474,0.847345,0.557586,-1.082259,-2.098256,1.502652,0,0.275049,0.617527,0.014505
5.032044,0.093,2.005474,0.847345,0.557586,-1.082259,-2.098256,1.502652,0,0.275049,0.617527,0.014505
5.032044,0.093,2.005474,0.847345,0.557586,-1.082259,-2.08594,1.481348,0,0.205768,0.739331,0.037355
5.032044,0.093,2.005474,0.847345,0.557586,-1.082259,-2.076415,1.464824,0,0.212631,0.773034,0.039465
5.032044,0.093,2.005474,0.847345,0.557586,-1.082259,-2.070873,1.456037,0,0.213726,0.805541,0.042394
5.032044,0.093,2.005474,0.847345,0.557586,-1.082259,-2.070873,1.456037,0,0.213726,0.805541,0.042394
5.032044,0.093,2.005474,0.847345,0.557586,-1.082259,-2.070873,1.456037,0,0.213726,0.805541,0.042394
5.032044,0.093,2.005474,0.847345,0.557586,-1.082259,-2.06638,1.449042,0,0.222531,0.837162,0.043991
5.032044,0.093,2.005474,0.847345,0.557586,-1.082259,-2.057183,1.434369,0,0.210449,0.83258,0.045508
5.032044,0.093,2.005474,0.847345,0.557586,-1.082259,-2.057183,1.434369,0,0.210449,0.83258,0.045508
5.032044,0.093,2.005474,0.847345,0.557586,-1.082259,-2.038076,1.404761,0,0.21419,0.897889,0.051144
4.942479,-0.17286,1.75439,0.586161,0.639736,-1.018065,-2.029953,1.392571,0,0.318185,0.937302,0.009838
4.942479,-0.17286,1.75439,0.586161,0.639736,-1.018065,-2.025772,1.386421,0,0.316168,0.941463,0.010405
4.942479,-0.17286,1.75439,0.586161,0.639736,-1.018065,-2.022988,1.382328,0,0.319997,0.935722,0.009464
4.942479,-0.17286,1.75439,0.586161,0.639736,-1.018065,-2.020251,1.378263,0,0.321395,0.924424,0.008548
4.942479,-0.17286,1.75439,0.586161,0.639736,-1.018065,-2.01344,1.368247,0,0.299794,0.931282,0.012266
4.942479,-0.17286,1.75439,0.586161,0.639736,-1.018065,-2.004984,1.356249,0,0.2875,0.920356,0.013459
4.942479,-0.17286,1.75439,0.586161,0.639736,-1.018065,-2.003591,1.354299,0,0.286141,0.914668,0.013312
4.942479,-0.17286,1.75439,0.586161,0.639736,-1.018065,-2.003591,1.354299,0,0.286141,0.914668,0.013312
4.942479,-0.17286,1.75439,0.586161,0.639736,-1.018065,-2.000819,1.350442,0,0.279242,0.904873,0.013753
4.942479,-0.17286,1.75439,0.586161,0.639736,-1.018065,-1.996701,1.34474,0,0.277076,0.892431,0.013309
4.942479,-0.17286,1.75439,0.586161,0.639736,-1.018065,-1.971808,1.311487,0,0.249565,0.892873,0.017528
4.942479,-0.17286,1.75439,0.586161,0.639736,-1.018065,-1.964714,1.302398,0,0.231312,0.887288,0.019961
4.942479,-0.17286,1.75439,0.586161,0.639736,-1.018065,-1.963295,1.300594,0,0.23296,0.884002,0.019505
4.942479,-0.17286,1.75439,0.586161,0.639736,-1.018065,-1.959089,1.2952,0,0.235695,0.880068,0.018844
4.942479,-0.17286,1.75439,0.586161,0.639736,-1.018065,-1.947899,1.281268,0,0.20824,0.855313,0.021487
4.942479,-0.17286,1.75439,0.586161,0.639736,-1.018065,-1.939555,1.2713,0,0.193369,0.838865,0.022729
4.942479,-0.17286,1.75439,0.586161,0.639736,-1.018065,-1.920191,1.249035,0,0.170622,0.818659,0.024937
4.942479,-0.17286,1.75439,0.586161,0.639736,-1.018065,-1.908984,1.236573,0,0.157396,0.82431,0.027303
4.942479,-0.17286,1.75439,0.586161,0.639736,-1.018065,-1.907575,1.235017,0,0.157334,0.824344,0.027315
4.942479,-0.17286,1.75439,0.586161,0.639736,-1.018065,-1.900353,1.227202,0,0.147111,0.83291,0.029405
4.932857,-0.39122,1.515724,0.267523,0.482324,-0.968645,-1.891732,1.217838,0,0.245623,0.817287,-0.065223
4.932857,-0.39122,1.515724,0.267523,0.482324,-0.968645,-1.891732,1.217838,0,0.245623,0.817287,-0.065223
4.932857,-0.39122,1.515724,0.267523,0.482324,-0.968645,-1.881509,1.206863,0,0.241914,0.806369,-0.064279
4.932857,-0.39122,1.515724,0.267523,0.482324,-0.968645,-1.874741,1.199052,0,0.272103,0.776583,-0.068592
4.932857,-0.39122,1.515724,0.267523,0.482324,-0.968645,-1.863642,1.18485,0,0.302785,0.729604,-0.072499
4.932857,-0.39122,1.515724,0.267523,0.482324,-0.968645,-1.854054,1.173534,0,0.278426,0.822819,-0.070987
4.932857,-0.39122,1.515724,0.267523,0.482324,-0.968645,-1.851346,1.170286,0,0.286249,0.785322,-0.071258
4.932857,-0.39122,1.515724,0.267523,0.482324,-0.968645,-1.846328,1.163804,0,0.301637,0.748596,-0.072843
4.932857,-0.39122,1.515724,0.267523,0.482324,-0.968645,-1.837684,1.153898,0,0.265489,0.870587,-0.070135
4.932857,-0.39122,1.515724,0.267523,0.482324,-0.968645,-1.826196,1.140349,0,0.296936,0.79182,-0.073269
4.932857,-0.39122,1.515724,0.267523,0.482324,-0.968645,-1.816761,1.128448,0,0.272823,0.858143,-0.071034
