0.04594,0.044737,9.988935,-0.026832,-0.024661,0.00368,-0.023711,0.001624,0,0.078075,9.7E-05,-0.000174
0.04594,0.044737,9.988935,-0.026832,-0.024661,0.00368,-0.022768,0.001626,0,0.107272,-0.000147,-0.000238
0.04594,0.044737,9.988935,-0.026832,-0.024661,0.00368,-0.021597,0.001627,0,0.126714,-0.000661,-0.00028
0.04594,0.044737,9.988935,-0.026832,-0.024661,0.00368,-0.020221,0.001627,0,0.151114,-0.001466,-0.000332
0.04594,0.044737,9.988935,-0.026832,-0.024661,0.00368,-0.017679,0.001617,0,0.192882,-0.002189,-0.000423
0.04594,0.044737,9.988935,-0.026832,-0.024661,0.00368,-0.014528,0.001598,0,0.22782,-0.002677,-0.0005
0.04594,0.044737,9.988935,-0.026832,-0.024661,0.00368,-0.009445,0.001562,0,0.27981,-0.003473,-0.000614
0.04594,0.044737,9.988935,-0.026832,-0.024661,0.00368,-0.005739,0.001534,0,0.308838,-0.003844,-0.000677
0.04594,0.044737,9.988935,-0.026832,-0.024661,0.00368,-0.003313,0.001516,0,0.332524,-0.004129,-0.000729
0.047749,0.045087,9.988626,0.017175,-0.02042,-0.002254,0.002959,0.001467,0,0.377556,-0.003344,0.025505
0.047749,0.045087,9.988626,0.017175,-0.02042,-0.002254,0.007983,0.001428,0,0.420539,-0.003808,0.028408
0.047749,0.045087,9.988626,0.017175,-0.02042,-0.002254,0.010118,0.001411,0,0.433712,-0.003902,0.029298
0.047749,0.045087,9.988626,0.017175,-0.02042,-0.002254,0.01813,0.001347,0,0.477615,-0.004294,0.032264
0.047749,0.045087,9.988626,0.017175,-0.02042,-0.002254,0.036862,0.001203,0,0.58354,-0.004401,0.039419
0.047749,0.045087,9.988626,0.017175,-0.02042,-0.002254,0.044416,0.00115,0,0.621997,-0.0044,0.042017
0.047749,0.045087,9.988626,0.017175,-0.02042,-0.002254,0.052457,0.001097,0,0.665553,-0.005492,0.044959
0.047749,0.045087,9.988626,0.017175,-0.02042,-0.002254,0.060911,0.001042,0,0.679004,-0.005802,0.045868
0.047749,0.045087,9.988626,0.017175,-0.02042,-0.002254,0.068052,0.001002,0,0.721078,-0.004278,0.04871
0.047749,0.045087,9.988626,0.017175,-0.02042,-0.002254,0.075431,0.000956,0,0.755927,-0.005881,0.051064
0.047749,0.045087,9.988626,0.017175,-0.02042,-0.002254,0.095179,0.000836,0,0.816258,-0.00675,0.05514
0.047749,0.045087,9.988626,0.017175,-0.02042,-0.002254,0.114461,0.000704,0,0.877425,-0.006072,0.059271
0.047749,0.045087,9.988626,0.017175,-0.02042,-0.002254,0.135044,0.000562,0,0.935581,-0.007263,0.0632
0.047749,0.045087,9.988626,0.017175,-0.02042,-0.002254,0.159546,0.00041,0,1.00038,-0.006669,0.067577
0.047749,0.045087,9.988626,0.017175,-0.02042,-0.002254,0.177792,0.000295,0,1.058597,-0.006772,0.07151
0.089585,0.047146,9.987513,0.297487,-0.010555,0.049258,0.185826,0.000252,0,1.065466,-0.004443,0.158655
0.089585,0.047146,9.987513,0.297487,-0.010555,0.049258,0.210981,9.5E-05,0,1.133558,-0.006551,0.168787
0.089585,0.047146,9.987513,0.297487,-0.010555,0.049258,0.231499,-4.3E-05,0,1.176033,-0.006799,0.175111
0.089585,0.047146,9.987513,0.297487,-0.010555,0.049258,0.23749,-8.4E-05,0,1.187954,-0.006927,0.176886
0.089585,0.047146,9.987513,0.297487,-0.010555,0.049258,0.25267,-0.000187,0,1.207565,-0.006889,0.179807
0.089585,0.047146,9.987513,0.297487,-0.010555,0.049258,0.271011,-0.00031,0,1.20908,-0.007084,0.180032
0.089585,0.047146,9.987513,0.297487,-0.010555,0.049258,0.280207,-0.000373,0,1.214106,-0.007205,0.18078
0.089585,0.047146,9.987513,0.297487,-0.010555,0.049258,0.320739,-0.00065,0,1.251897,-0.00723,0.186407
0.089585,0.047146,9.987513,0.297487,-0.010555,0.049258,0.41342,-0.001298,0,1.485604,-0.009189,0.221204
0.089585,0.047146,9.987513,0.297487,-0.010555,0.049258,0.444309,-0.001511,0,1.55356,-0.008652,0.231326
0.089585,0.047146,9.987513,0.297487,-0.010555,0.049258,0.47247,-0.001705,0,1.625287,-0.009387,0.242005
0.089585,0.047146,9.987513,0.297487,-0.010555,0.049258,0.510133,-0.001966,0,1.68431,-0.009842,0.250793
0.220296,0.053331,9.990578,0.698674,0.010614,0.162213,0.553767,-0.002275,0,1.758184,-0.010536,0.314087
0.220296,0.053331,9.990578,0.698674,0.010614,0.162213,0.59,-0.002519,0,1.80433,-0.010632,0.322332
0.220296,0.053331,9.990578,0.698674,0.010614,0.162213,0.627319,-0.00277,0,1.861471,-0.01048,0.332543
0.220296,0.053331,9.990578,0.698674,0.010614,0.162213,0.655871,-0.002961,0,1.883798,-0.009928,0.336536
0.220296,0.053331,9.990578,0.698674,0.010614,0.162213,0.704557,-0.003287,0,1.93584,-0.012068,0.345821
0.220296,0.053331,9.990578,0.698674,0.010614,0.162213,0.744526,-0.003562,0,1.975737,-0.011213,0.352956
0.220296,0.053331,9.990578,0.698674,0.010614,0.162213,0.779905,-0.003793,0,1.988076,-0.011227,0.35516
0.220296,0.053331,9.990578,0.698674,0.010614,0.162213,0.805157,-0.003961,0,1.988817,-0.012224,0.355286
0.220296,0.053331,9.990578,0.698674,0.010614,0.162213,0.860462,-0.004324,0,1.973176,-0.011176,0.352498
0.220296,0.053331,9.990578,0.698674,0.010614,0.162213,0.940414,-0.004845,0,1.961451,-0.010865,0.350405
0.220296,0.053331,9.990578,0.698674,0.010614,0.162213,0.98514,-0.005136,0,1.954314,-0.011425,0.349126
0.454347,0.063657,9.999451,1.136594,0.023407,0.266036,1.044581,-0.005512,0,1.945189,-0.00517,0.363032
0.454347,0.063657,9.999451,1.136594,0.023407,0.266036,1.074224,-0.005698,0,1.940716,-0.004386,0.362191
0.454347,0.063657,9.999451,1.136594,0.023407,0.266036,1.1186,-0.005967,0,1.93562,-0.004514,0.361241
0.454347,0.063657,9.999451,1.136594,0.023407,0.266036,1.143083,-0.006123,0,1.909211,-0.004728,0.356315
0.454347,0.063657,9.999451,1.136594,0.023407,0.266036,1.206133,-0.006539,0,1.906604,-0.000354,0.355795
0.454347,0.063657,9.999451,1.136594,0.023407,0.266036,1.240217,-0.006745,0,1.928088,0.001615,0.359789
0.454347,0.063657,9.999451,1.136594,0.023407,0.266036,1.264877,-0.006916,0,1.949073,-0.006791,0.363769
0.454347,0.063657,9.999451,1.136594,0.023407,0.266036,1.289837,-0.007017,0,1.972979,0.0021,0.368163
0.454347,0.063657,9.999451,1.136594,0.023407,0.266036,1.360546,-0.007221,0,1.992959,0.002681,0.371887
0.454347,0.063657,9.999451,1.136594,0.023407,0.266036,1.385699,-0.007371,0,1.977525,-0.004485,0.369061
0.454347,0.063657,9.999451,1.136594,0.023407,0.266036,1.487334,-0.00795,0,2.02582,0.006851,0.377987
0.801284,0.072318,10.021602,1.575395,0.016958,0.38661,1.635011,-0.008395,0,2.057587,-0.009492,0.364259
0.801284,0.072318,10.021602,1.575395,0.016958,0.38661,1.691885,-0.008425,0,2.019247,-0.006676,0.357544
0.801284,0.072318,10.021602,1.575395,0.016958,0.38661,1.73271,-0.008437,0,2.003379,-0.003859,0.35481
0.801284,0.072318,10.021602,1.575395,0.016958,0.38661,1.803438,-0.008436,0,1.982214,-0.006371,0.350991
0.801284,0.072318,10.021602,1.575395,0.016958,0.38661,1.85337,-0.008421,0,1.941728,-0.000167,0.343989
0.801284,0.072318,10.021602,1.575395,0.016958,0.38661,1.863173,-0.00841,0,1.924546,-0.000717,0.34093
0.801284,0.072318,10.021602,1.575395,0.016958,0.38661,1.892379,-0.008338,0,1.900421,-0.00013,0.336673
0.801284,0.072318,10.021602,1.575395,0.016958,0.38661,1.930281,-0.008254,0,1.841201,0.005298,0.32633
0.801284,0.072318,10.021602,1.575395,0.016958,0.38661,1.993735,-0.008174,0,1.737549,-0.007574,0.307614
1.256103,0.09428,10.046169,2.000736,0.109766,0.495468,2.02819,-0.008124,0,1.677036,0.014156,0.306321
1.256103,0.09428,10.046169,2.000736,0.109766,0.495468,2.06166,-0.007965,0,1.634131,0.016285,0.298555
1.256103,0.09428,10.046169,2.000736,0.109766,0.495468,2.113617,-0.007656,0,1.512049,0.0206,0.276406
1.256103,0.09428,10.046169,2.000736,0.109766,0.495468,2.207289,-0.006608,0,1.502537,0.048218,0.275451
1.256103,0.09428,10.046169,2.000736,0.109766,0.495468,2.255742,-0.005598,0,1.574145,0.068221,0.289078
1.256103,0.09428,10.046169,2.000736,0.109766,0.495468,2.272645,-0.004783,0,1.691172,0.085064,0.310902
1.256103,0.09428,10.046169,2.000736,0.109766,0.495468,2.281177,-0.004344,0,1.613139,0.087291,0.29673
1.256103,0.09428,10.046169,2.000736,0.109766,0.495468,2.289106,-0.003905,0,1.538972,0.089853,0.283273
1.256103,0.09428,10.046169,2.000736,0.109766,0.495468,2.3002,-0.00322,0,1.416987,0.093315,0.261118
1.256103,0.09428,10.046169,2.000736,0.109766,0.495468,2.338669,-0.002911,0,0.999138,-0.048893,0.18088
1.813784,0.137195,10.078321,2.379099,0.163866,0.470419,2.372639,-0.005311,0,0.712372,-0.074843,0.09236
1.813784,0.137195,10.078321,2.379099,0.163866,0.470419,2.431417,0.000384,0,0.604752,0.194232,0.085516
1.813784,0.137195,10.078321,2.379099,0.163866,0.470419,2.458795,0.008198,0,1.080638,0.299703,0.151504
1.813784,0.137195,10.078321,2.379099,0.163866,0.470419,2.458795,0.008198,0,1.080638,0.299703,0.151504
1.813784,0.137195,10.078321,2.379099,0.163866,0.470419,2.518741,0.028912,0,0.935148,0.348164,0.133556
1.813784,0.137195,10.078321,2.379099,0.163866,0.470419,2.554079,0.042898,0,0.733518,0.229595,0.10356
2.457253,0.194906,10.116216,2.721562,0.077671,0.440928,2.653922,0.04913,0,1.448883,0.349897,0.15581
2.457253,0.194906,10.116216,2.721562,0.077671,0.440928,2.671997,0.055381,0,1.472465,0.467073,0.158569
2.457253,0.194906,10.116216,2.721562,0.077671,0.440928,2.686037,0.061501,0,1.405615,0.583725,0.151646
2.457253,0.194906,10.116216,2.721562,0.077671,0.440928,2.686037,0.061501,0,1.405615,0.583725,0.151646
2.457253,0.194906,10.116216,2.721562,0.077671,0.440928,2.710504,0.07366,0,1.435274,0.63126,0.154916
2.457253,0.194906,10.116216,2.721562,0.077671,0.440928,2.710504,0.07366,0,1.435274,0.63126,0.154916
2.457253,0.194906,10.116216,2.721562,0.077671,0.440928,2.733055,0.085665,0,1.238505,0.603454,0.133795
2.457253,0.194906,10.116216,2.721562,0.077671,0.440928,2.75675,0.099082,0,1.238505,0.603454,0.133795
2.457253,0.194906,10.116216,2.721562,0.077671,0.440928,2.759715,0.100768,0,1.214275,0.608039,0.131211
2.457253,0.194906,10.116216,2.721562,0.077671,0.440928,2.786643,0.117601,0,1.048484,0.613094,0.113472
2.457253,0.194906,10.116216,2.721562,0.077671,0.440928,2.835775,0.152203,0,0.997736,0.664364,0.108142
3.16401,0.264981,10.150976,2.858331,-0.239626,0.009435,2.86013,0.170427,0,1.117763,0.464165,-0.008792
3.16401,0.264981,10.150976,2.858331,-0.239626,0.009435,2.870126,0.176636,0,1.100355,0.381284,-0.014111
3.16401,0.264981,10.150976,2.858331,-0.239626,0.009435,2.882974,0.183187,0,1.117696,0.271365,-0.022695
3.16401,0.264981,10.150976,2.858331,-0.239626,0.009435,2.896347,0.188463,0,1.139839,0.164713,-0.031224
3.16401,0.264981,10.150976,2.858331,-0.239626,0.009435,2.913035,0.193488,0,1.158217,0.106919,-0.036087
3.16401,0.264981,10.150976,2.858331,-0.239626,0.009435,2.921535,0.196057,0,1.217439,0.130365,-0.036636
3.16401,0.264981,10.150976,2.858331,-0.239626,0.009435,2.951635,0.206042,0,1.257233,0.17202,-0.035136
3.16401,0.264981,10.150976,2.858331,-0.239626,0.009435,2.966625,0.211293,0,1.261028,0.187471,-0.034166
3.16401,0.264981,10.150976,2.858331,-0.239626,0.009435,2.975532,0.214478,0,1.243296,0.188202,-0.033442
3.16401,0.264981,10.150976,2.858331,-0.239626,0.009435,2.987355,0.218745,0,1.241923,0.190604,-0.033217
3.16401,0.264981,10.150976,2.858331,-0.239626,0.009435,3.02776,0.23695,0,1.212992,0.372565,-0.019
3.16401,0.264981,10.150976,2.858331,-0.239626,0.009435,3.038767,0.243262,0,1.195468,0.415118,-0.015268
3.16401,0.264981,10.150976,2.858331,-0.239626,0.009435,3.046889,0.248152,0,1.184321,0.434619,-0.01344
3.16401,0.264981,10.150976,2.858331,-0.239626,0.009435,3.057565,0.254843,0,1.174159,0.459986,-0.011226
3.16401,0.264981,10.150976,2.858331,-0.239626,0.009435,3.078618,0.26903,0,1.166158,0.503103,-0.007814
3.16401,0.264981,10.150976,2.858331,-0.239626,0.009435,3.089044,0.27627,0,1.162232,0.508525,-0.007274
3.16401,0.264981,10.150976,2.858331,-0.239626,0.009435,3.119639,0.298306,0,1.127862,0.540394,-0.003676
3.849189,0.372617,10.17916,2.605422,-0.448981,-0.151394,3.134403,0.309803,0,1.187249,0.374231,-0.029383
3.849189,0.372617,10.17916,2.605422,-0.448981,-0.151394,3.162106,0.33472,0,1.137796,0.499246,-0.008499
3.849189,0.372617,10.17916,2.605422,-0.448981,-0.151394,3.168528,0.341481,0,1.122237,0.539031,-0.001865
3.849189,0.372617,10.17916,2.605422,-0.448981,-0.151394,3.176715,0.350891,0,1.09842,0.597737,0.007983
3.849189,0.372617,10.17916,2.605422,-0.448981,-0.151394,3.180633,0.355776,0,1.082859,0.63073,0.013668
3.849189,0.372617,10.17916,2.605422,-0.448981,-0.151394,3.191859,0.370981,0,1.064496,0.678588,0.021624
3.849189,0.372617,10.17916,2.605422,-0.448981,-0.151394,3.216022,0.400291,0,1.160708,0.563419,-0.001102
3.849189,0.372617,10.17916,2.605422,-0.448981,-0.151394,3.243965,0.427477,0,1.244052,0.438279,-0.024337
3.849189,0.372617,10.17916,2.605422,-0.448981,-0.151394,3.272464,0.450462,0,1.260367,0.398477,-0.031025
3.849189,0.372617,10.17916,2.605422,-0.448981,-0.151394,3.290471,0.46525,0,1.263587,0.421387,-0.028043
3.849189,0.372617,10.17916,2.605422,-0.448981,-0.151394,3.314963,0.487308,0,1.178704,0.525812,-0.007599
4.47822,0.545208,10.195771,2.511549,-0.570453,0.061791,3.342979,0.522482,0,1.060884,0.73822,0.030211
4.47822,0.545208,10.195771,2.511549,-0.570453,0.061791,3.374358,0.575825,0,1.133814,0.6037,0.151426
4.47822,0.545208,10.195771,2.511549,-0.570453,0.061791,3.396464,0.615952,0,1.128525,0.630864,0.15546
4.47822,0.545208,10.195771,2.511549,-0.570453,0.061791,3.449295,0.695347,0,1.264608,0.400566,0.125763
4.47822,0.545208,10.195771,2.511549,-0.570453,0.061791,3.457797,0.705603,0,1.26019,0.407195,0.126593
4.47822,0.545208,10.195771,2.511549,-0.570453,0.061791,3.474537,0.726138,0,1.231491,0.411611,0.125874
4.47822,0.545208,10.195771,2.511549,-0.570453,0.061791,3.486897,0.741637,0,1.246284,0.430765,0.129633
4.47822,0.545208,10.195771,2.511549,-0.570453,0.061791,3.49458,0.752403,0,1.196078,0.511052,0.13985
4.47822,0.545208,10.195771,2.511549,-0.570453,0.061791,3.499942,0.760612,0,1.176636,0.552132,0.145386
4.47822,0.545208,10.195771,2.511549,-0.570453,0.061791,3.506454,0.771923,0,1.134748,0.626599,0.155093
5.069463,0.80175,10.198432,2.395968,-0.449823,-0.300299,3.522719,0.80786,0,1.170892,0.601173,0.004487
5.069463,0.80175,10.198432,2.395968,-0.449823,-0.300299,3.530332,0.825872,0,1.153491,0.602311,0.006237
5.069463,0.80175,10.198432,2.395968,-0.449823,-0.300299,3.542727,0.856126,0,1.156342,0.626025,0.010263
5.069463,0.80175,10.198432,2.395968,-0.449823,-0.300299,3.553564,0.883585,0,1.13826,0.634673,0.013428
5.069463,0.80175,10.198432,2.395968,-0.449823,-0.300299,3.555908,0.889673,0,1.138904,0.638597,0.014079
5.069463,0.80175,10.198432,2.395968,-0.449823,-0.300299,3.559711,0.89865,0,1.158889,0.580034,0.001739
5.069463,0.80175,10.198432,2.395968,-0.449823,-0.300299,3.573939,0.927711,0,1.199699,0.486434,-0.018773
5.069463,0.80175,10.198432,2.395968,-0.449823,-0.300299,3.588834,0.952713,0,1.223588,0.416056,-0.033592
5.069463,0.80175,10.198432,2.395968,-0.449823,-0.300299,3.597277,0.966495,0,1.2214,0.423805,-0.032
5.069463,0.80175,10.198432,2.395968,-0.449823,-0.300299,3.619982,1.00915,0,1.152282,0.571496,0.000785
5.069463,0.80175,10.198432,2.395968,-0.449823,-0.300299,3.63807,1.060521,0,1.069747,0.698737,0.031071
5.069463,0.80175,10.198432,2.395968,-0.449823,-0.300299,3.642694,1.075797,0,1.063923,0.704368,0.032604
5.069463,0.80175,10.198432,2.395968,-0.449823,-0.300299,3.646323,1.088037,0,1.060899,0.710074,0.033902
5.560457,1.105788,10.188974,2.027402,-0.248856,-0.43623,3.651985,1.106341,0,1.147582,0.550119,-0.085251
5.560457,1.105788,10.188974,2.027402,-0.248856,-0.43623,3.654245,1.112294,0,1.163279,0.507917,-0.094836
5.560457,1.105788,10.188974,2.027402,-0.248856,-0.43623,3.658043,1.121046,0,1.187922,0.44277,-0.109697
5.560457,1.105788,10.188974,2.027402,-0.248856,-0.43623,3.660841,1.126768,0,1.203314,0.402154,-0.118966
5.560457,1.105788,10.188974,2.027402,-0.248856,-0.43623,3.665153,1.135366,0,1.203995,0.401286,-0.119219
5.560457,1.105788,10.188974,2.027402,-0.248856,-0.43623,3.680706,1.167047,0,1.20934,0.422654,-0.116432
5.560457,1.105788,10.188974,2.027402,-0.248856,-0.43623,3.686262,1.178665,0,1.210921,0.428973,-0.115608
5.560457,1.105788,10.188974,2.027402,-0.248856,-0.43623,3.694877,1.202652,0,1.101603,0.604401,-0.068913
5.560457,1.105788,10.188974,2.027402,-0.248856,-0.43623,3.704414,1.240873,0,1.011006,0.611757,-0.053585
5.560457,1.105788,10.188974,2.027402,-0.248856,-0.43623,3.706484,1.249568,0,1.080758,0.649463,-0.058044
5.560457,1.105788,10.188974,2.027402,-0.248856,-0.43623,3.71133,1.26884,0,1.171545,0.690289,-0.065244
5.560457,1.105788,10.188974,2.027402,-0.248856,-0.43623,3.714794,1.282362,0,1.221699,0.714458,-0.068949
5.560457,1.105788,10.188974,2.027402,-0.248856,-0.43623,3.722687,1.304162,0,1.400823,0.629035,-0.111256
5.560457,1.105788,10.188974,2.027402,-0.248856,-0.43623,3.724054,1.307796,0,1.407219,0.6346,-0.111308
5.560457,1.105788,10.188974,2.027402,-0.248856,-0.43623,3.72542,1.311444,0,1.415448,0.641188,-0.111472
5.560457,1.105788,10.188974,2.027402,-0.248856,-0.43623,3.728159,1.318851,0,1.439856,0.662166,-0.111714
5.560457,1.105788,10.188974,2.027402,-0.248856,-0.43623,3.733883,1.33689,0,1.288794,0.706064,-0.0808
5.560457,1.105788,10.188974,2.027402,-0.248856,-0.43623,3.74133,1.364281,0,1.226992,0.687494,-0.074337
5.560457,1.105788,10.188974,2.027402,-0.248856,-0.43623,3.748127,1.387859,0,1.1936,0.679619,-0.070479
5.919117,1.415343,10.157636,1.62373,-0.021142,-0.431118,3.769439,1.468228,0,1.192608,0.54348,-0.091848
5.919117,1.415343,10.157636,1.62373,-0.021142,-0.431118,3.774761,1.487419,0,1.196755,0.553353,-0.090857
5.919117,1.415343,10.157636,1.62373,-0.021142,-0.431118,3.777394,1.497006,0,1.211755,0.552612,-0.093256
5.919117,1.415343,10.157636,1.62373,-0.021142,-0.431118,3.783806,1.519802,0,1.232709,0.56255,-0.094806
5.919117,1.415343,10.157636,1.62373,-0.021142,-0.431118,3.793716,1.554217,0,1.341068,0.59563,-0.105827
5.919117,1.415343,10.157636,1.62373,-0.021142,-0.431118,3.79906,1.572448,0,1.422346,0.627809,-0.112884
5.919117,1.415343,10.157636,1.62373,-0.021142,-0.431118,3.804797,1.591752,0,1.509949,0.659433,-0.120993
5.919117,1.415343,10.157636,1.62373,-0.021142,-0.431118,3.818581,1.638013,0,1.648222,0.748916,-0.127296
5.919117,1.415343,10.157636,1.62373,-0.021142,-0.431118,3.825027,1.660479,0,1.71799,0.758623,-0.136295
5.919117,1.415343,10.157636,1.62373,-0.021142,-0.431118,3.833263,1.687693,0,1.741064,0.741939,-0.142537
5.919117,1.415343,10.157636,1.62373,-0.021142,-0.431118,3.842916,1.71932,0,1.727587,0.745471,-0.139911
5.919117,1.415343,10.157636,1.62373,-0.021142,-0.431118,3.855104,1.759565,0,1.705129,0.731384,-0.138814
5.919117,1.415343,10.157636,1.62373,-0.021142,-0.431118,3.860631,1.777197,0,1.701101,0.711998,-0.141385
5.919117,1.415343,10.157636,1.62373,-0.021142,-0.431118,3.864734,1.790395,0,1.692421,0.709645,-0.140453
5.919117,1.415343,10.157636,1.62373,-0.021142,-0.431118,3.867498,1.799167,0,1.690879,0.706658,-0.140709
6.156536,1.718478,10.096734,1.412855,0.244171,-0.321438,3.871684,1.812325,0,1.732638,0.624829,0.033526
6.156536,1.718478,10.096734,1.412855,0.244171,-0.321438,3.871684,1.812325,0,1.732638,0.624829,0.033526
6.156536,1.718478,10.096734,1.412855,0.244171,-0.321438,3.880096,1.838634,0,1.73597,0.622277,0.033134
6.156536,1.718478,10.096734,1.412855,0.244171,-0.321438,3.882913,1.847406,0,1.735574,0.620922,0.032979
6.156536,1.718478,10.096734,1.412855,0.244171,-0.321438,3.894218,1.882454,0,1.733834,0.616047,0.032428
6.156536,1.718478,10.096734,1.412855,0.244171,-0.321438,3.921052,1.965207,0,1.716947,0.611477,0.032286
6.156536,1.718478,10.096734,1.412855,0.244171,-0.321438,3.926692,1.982533,0,1.714394,0.609585,0.032119
6.156536,1.718478,10.096734,1.412855,0.244171,-0.321438,3.930933,1.995508,0,1.717241,0.602373,0.031172
6.156536,1.718478,10.096734,1.412855,0.244171,-0.321438,3.946423,2.04297,0,1.708098,0.606308,0.031875
6.156536,1.718478,10.096734,1.412855,0.244171,-0.321438,3.954891,2.068824,0,1.708297,0.604873,0.031695
6.156536,1.718478,10.096734,1.412855,0.244171,-0.321438,3.971883,2.120549,0,1.710663,0.602567,0.031357
6.156536,1.718478,10.096734,1.412855,0.244171,-0.321438,3.983278,2.155031,0,1.718504,0.600391,0.0309
6.156536,1.718478,10.096734,1.412855,0.244171,-0.321438,4.006061,2.223893,0,1.693444,0.591755,0.030463
6.156536,1.718478,10.096734,1.412855,0.244171,-0.321438,4.007474,2.228139,0,1.691264,0.58555,0.029762
6.324995,2.045645,10.001513,1.5025,0.317441,-0.341121,4.015551,2.253492,0,1.664914,0.544885,0.091499
6.324995,2.045645,10.001513,1.5025,0.317441,-0.341121,4.037482,2.321264,0,1.532037,0.490152,0.084211
6.324995,2.045645,10.001513,1.5025,0.317441,-0.341121,4.03995,2.32887,0,1.517452,0.485807,0.083409
6.324995,2.045645,10.001513,1.5025,0.317441,-0.341121,4.044841,2.343873,0,1.492246,0.474112,0.082029
6.324995,2.045645,10.001513,1.5025,0.317441,-0.341121,4.050876,2.362261,0,1.462645,0.46083,0.080407
6.324995,2.045645,10.001513,1.5025,0.317441,-0.341121,4.058099,2.383846,0,1.436761,0.440709,0.079
6.324995,2.045645,10.001513,1.5025,0.317441,-0.341121,4.069132,2.415437,0,1.414952,0.407019,0.077837
6.324995,2.045645,10.001513,1.5025,0.317441,-0.341121,4.077788,2.439451,0,1.391987,0.393587,0.076583
6.324995,2.045645,10.001513,1.5025,0.317441,-0.341121,4.085207,2.459737,0,1.380623,0.383553,0.075967
6.324995,2.045645,10.001513,1.5025,0.317441,-0.341121,4.088933,2.469814,0,1.378492,0.379284,0.075855
6.324995,2.045645,10.001513,1.5025,0.317441,-0.341121,4.101458,2.5033,0,1.385515,0.366961,0.076261
6.324995,2.045645,10.001513,1.5025,0.317441,-0.341121,4.107786,2.520126,0,1.390023,0.378304,0.076495
6.324995,2.045645,10.001513,1.5025,0.317441,-0.341121,4.114597,2.537468,0,1.443361,0.360528,0.079474
6.324995,2.045645,10.001513,1.5025,0.317441,-0.341121,4.121696,2.564971,0,1.560158,0.383587,0.085914
6.324995,2.045645,10.001513,1.5025,0.317441,-0.341121,4.134215,2.588518,0,1.698554,0.402146,0.093556
6.512254,2.395919,9.918501,1.703299,0.097518,-0.060688,4.148655,2.625316,0,1.21635,0.410319,0.081445
6.512254,2.395919,9.918501,1.703299,0.097518,-0.060688,4.152749,2.639608,0,1.048984,0.398608,0.064168
6.512254,2.395919,9.918501,1.703299,0.097518,-0.060688,4.155848,2.650507,0,1.062604,0.396941,0.06593
6.512254,2.395919,9.918501,1.703299,0.097518,-0.060688,4.159903,2.665423,0,0.92625,0.362972,0.055168
6.512254,2.395919,9.918501,1.703299,0.097518,-0.060688,4.166125,2.689782,0,0.757152,0.322485,0.0416
6.512254,2.395919,9.918501,1.703299,0.097518,-0.060688,4.168578,2.700943,0,0.616765,0.293179,0.029751
6.512254,2.395919,9.918501,1.703299,0.097518,-0.060688,4.172712,2.713401,0,0.796982,0.167591,0.067101
6.512254,2.395919,9.918501,1.703299,0.097518,-0.060688,4.175611,2.71911,0,0.856964,0.130442,0.078902
6.512254,2.395919,9.918501,1.703299,0.097518,-0.060688,4.186294,2.736528,0,1.093229,0.097881,0.109951
6.512254,2.395919,9.918501,1.703299,0.097518,-0.060688,4.211002,2.777101,0,1.454382,0.138699,0.145123
6.512254,2.395919,9.918501,1.703299,0.097518,-0.060688,4.225675,2.801266,0,1.687632,0.153304,0.169434
6.512254,2.395919,9.918501,1.703299,0.097518,-0.060688,4.248892,2.838821,0,1.809087,0.141255,0.184759
6.512254,2.395919,9.918501,1.703299,0.097518,-0.060688,4.261107,2.858092,0,1.811734,0.127635,0.186905
6.512254,2.395919,9.918501,1.703299,0.097518,-0.060688,4.268556,2.86967,0,1.822785,0.11978,0.189216
6.794925,2.750291,9.866765,1.959795,-0.342067,0.079004,4.271045,2.873529,0,1.822612,0.119766,0.189199
6.794925,2.750291,9.866765,1.959795,-0.342067,0.079004,4.276025,2.881204,0,1.815757,0.035502,0.151317
6.794925,2.750291,9.866765,1.959795,-0.342067,0.079004,4.276025,2.881204,0,1.815757,0.035502,0.151317
6.794925,2.750291,9.866765,1.959795,-0.342067,0.079004,4.278514,2.885022,0,1.816243,0.03507,0.151429
6.794925,2.750291,9.866765,1.959795,-0.342067,0.079004,4.281004,2.888811,0,1.807112,0.028309,0.151737
6.794925,2.750291,9.866765,1.959795,-0.342067,0.079004,4.283494,2.8926,0,1.80697,0.028213,0.151741
6.794925,2.750291,9.866765,1.959795,-0.342067,0.079004,4.30354,2.922432,0,1.784887,-0.003019,0.154903
6.794925,2.750291,9.866765,1.959795,-0.342067,0.079004,4.323826,2.951595,0,1.7691,-0.03171,0.158197
6.794925,2.750291,9.866765,1.959795,-0.342067,0.079004,4.343368,2.981149,0,1.781844,0.071453,0.142544
6.794925,2.750291,9.866765,1.959795,-0.342067,0.079004,4.361274,3.01176,0,1.759273,0.155277,0.126976
6.794925,2.750291,9.866765,1.959795,-0.342067,0.079004,4.379103,3.047009,0,1.74571,0.241839,0.111744
6.794925,2.750291,9.866765,1.959795,-0.342067,0.079004,4.384952,3.058769,0,1.723197,0.232887,0.11125
6.794925,2.750291,9.866765,1.959795,-0.342067,0.079004,4.412349,3.112512,0,1.68308,0.199753,0.113161
6.794925,2.750291,9.866765,1.959795,-0.342067,0.079004,4.41818,3.123719,0,1.683741,0.192455,0.114404
6.794925,2.750291,9.866765,1.959795,-0.342067,0.079004,4.431899,3.149585,0,1.630419,0.175277,0.112581
6.794925,2.750291,9.866765,1.959795,-0.342067,0.079004,4.457818,3.187165,0,1.663479,-0.097752,0.159786
6.794925,2.750291,9.866765,1.959795,-0.342067,0.079004,4.47108,3.203482,0,1.67023,-0.168532,0.171867
6.794925,2.750291,9.866765,1.959795,-0.342067,0.079004,4.476585,3.2099,0,1.671785,-0.191974,0.175808
6.794925,2.750291,9.866765,1.959795,-0.342067,0.079004,4.482123,3.216006,0,1.574559,-0.249792,0.176788
6.794925,2.750291,9.866765,1.959795,-0.342067,0.079004,4.492384,3.226268,0,1.349076,-0.272549,0.160978
7.18573,3.096524,9.84454,2.078859,-0.95036,0.188591,4.499963,3.233563,0,1.34684,-0.289249,0.163497
7.18573,3.096524,9.84454,2.078859,-0.95036,0.188591,4.515332,3.248011,0,1.320596,-0.453515,0.12423
7.18573,3.096524,9.84454,2.078859,-0.95036,0.188591,4.540412,3.268706,0,0.928997,-0.420677,0.09983
7.18573,3.096524,9.84454,2.078859,-0.95036,0.188591,4.545508,3.281557,0,0.327799,0.173276,-0.004141
7.18573,3.096524,9.84454,2.078859,-0.95036,0.188591,4.544785,3.286424,0,0.223523,0.205264,-0.013483
7.18573,3.096524,9.84454,2.078859,-0.95036,0.188591,4.540058,3.295885,0,0.241217,0.210006,-0.013142
7.18573,3.096524,9.84454,2.078859,-0.95036,0.188591,4.540667,3.304315,0,0.509258,0.131038,0.010472
7.18573,3.096524,9.84454,2.078859,-0.95036,0.188591,4.542586,3.310143,0,0.664081,0.08068,0.024693
7.18573,3.096524,9.84454,2.078859,-0.95036,0.188591,4.547863,3.321148,0,0.917584,-0.008541,0.048805
7.18573,3.096524,9.84454,2.078859,-0.95036,0.188591,4.551311,3.328475,0,0.737445,0.063648,0.030595
7.18573,3.096524,9.84454,2.078859,-0.95036,0.188591,4.552675,3.331814,0,0.710567,0.070344,0.028377
7.18573,3.096524,9.84454,2.078859,-0.95036,0.188591,4.555673,3.33976,0,0.651718,0.089692,0.022947
7.18573,3.096524,9.84454,2.078859,-0.95036,0.188591,4.563097,3.35825,0,0.716384,-0.307367,0.074898
7.661147,3.42492,9.846522,1.983605,-1.369392,0.027724,4.593841,3.372637,0,0.751933,-0.783017,0.022884
7.661147,3.42492,9.846522,1.983605,-1.369392,0.027724,4.60978,3.377971,0,0.760582,-0.823845,0.026216
7.661147,3.42492,9.846522,1.983605,-1.369392,0.027724,4.636421,3.388577,0,0.762943,-0.834468,0.027075
7.661147,3.42492,9.846522,1.983605,-1.369392,0.027724,4.655463,3.392952,0,0.768701,-0.862065,0.029334
7.661147,3.42492,9.846522,1.983605,-1.369392,0.027724,4.675202,3.398927,0,0.777697,-0.910682,0.033393
7.661147,3.42492,9.846522,1.983605,-1.369392,0.027724,4.710912,3.40743,0,0.725489,-1.001446,0.045802
7.661147,3.42492,9.846522,1.983605,-1.369392,0.027724,4.73221,3.41152,0,0.702487,-1.021261,0.049323
7.661147,3.42492,9.846522,1.983605,-1.369392,0.027724,4.735203,3.412045,0,0.68567,-1.007209,0.049145
7.661147,3.42492,9.846522,1.983605,-1.369392,0.027724,4.744176,3.413572,0,0.671029,-1.005347,0.04999
7.661147,3.42492,9.846522,1.983605,-1.369392,0.027724,4.758974,3.415887,0,0.643671,-0.999987,0.051388
7.661147,3.42492,9.846522,1.983605,-1.369392,0.027724,4.796491,3.420561,0,0.575994,-0.985766,0.054754
7.661147,3.42492,9.846522,1.983605,-1.369392,0.027724,4.816054,3.422281,0,0.529584,-0.973,0.056772
7.661147,3.42492,9.846522,1.983605,-1.369392,0.027724,4.824312,3.422853,0,0.517976,-0.970003,0.057295
7.661147,3.42492,9.846522,1.983605,-1.369392,0.027724,4.845912,3.423863,0,0.472711,-0.957572,0.059265
7.661147,3.42492,9.846522,1.983605,-1.369392,0.027724,4.851219,3.424003,0,0.461513,-0.9543,0.059733
8.170395,3.690215,9.851553,1.807151,-1.417606,-0.088719,4.865147,3.424293,0,0.556403,-0.974021,0.021202
8.170395,3.690215,9.851553,1.807151,-1.417606,-0.088719,4.896513,3.424208,0,0.538053,-1.019405,0.028593
8.170395,3.690215,9.851553,1.807151,-1.417606,-0.088719,4.922639,3.423301,0,0.514137,-1.047258,0.03496
8.170395,3.690215,9.851553,1.807151,-1.417606,-0.088719,4.943085,3.422037,0,0.49128,-1.063781,0.03999
8.170395,3.690215,9.851553,1.807151,-1.417606,-0.088719,4.966472,3.419977,0,0.462476,-1.078727,0.045716
8.170395,3.690215,9.851553,1.807151,-1.417606,-0.088719,5.007477,3.414944,0,0.430229,-1.102369,0.052848
8.170395,3.690215,9.851553,1.807151,-1.417606,-0.088719,5.033494,3.41089,0,0.376955,-1.092865,0.059561
8.170395,3.690215,9.851553,1.807151,-1.417606,-0.088719,5.041953,3.409319,0,0.356822,-1.083421,0.061487
8.170395,3.690215,9.851553,1.807151,-1.417606,-0.088719,5.05373,3.409071,0,0.455291,-0.796247,0.017268
8.170395,3.690215,9.851553,1.807151,-1.417606,-0.088719,5.098476,3.417912,0,0.660458,-0.541059,-0.039043
8.170395,3.690215,9.851553,1.807151,-1.417606,-0.088719,5.107139,3.421385,0,0.723006,-0.609584,-0.040936
8.68977,3.848896,9.859182,1.6986,-1.332988,-0.045153,5.12534,3.428011,0,0.84777,-0.492761,-0.083427
8.68977,3.848896,9.859182,1.6986,-1.332988,-0.045153,5.134777,3.431141,0,0.852152,-0.51657,-0.080902
8.68977,3.848896,9.859182,1.6986,-1.332988,-0.045153,5.15415,3.437003,0,0.85034,-0.554511,-0.0753
8.68977,3.848896,9.859182,1.6986,-1.332988,-0.045153,5.183089,3.445002,0,0.824614,-0.568208,-0.068784
8.68977,3.848896,9.859182,1.6986,-1.332988,-0.045153,5.195282,3.448073,0,0.821036,-0.579862,-0.066522
8.68977,3.848896,9.859182,1.6986,-1.332988,-0.045153,5.219967,3.453573,0,0.796328,-0.606622,-0.058372
8.68977,3.848896,9.859182,1.6986,-1.332988,-0.045153,5.246945,3.458623,0,0.778465,-0.644856,-0.049853
8.68977,3.848896,9.859182,1.6986,-1.332988,-0.045153,5.272658,3.462237,0,0.768705,-0.681154,-0.043056
8.68977,3.848896,9.859182,1.6986,-1.332988,-0.045153,5.28532,3.463846,0,0.755852,-0.676726,-0.041368
8.68977,3.848896,9.859182,1.6986,-1.332988,-0.045153,5.307653,3.46568,0,0.672024,-0.710865,-0.021595
8.68977,3.848896,9.859182,1.6986,-1.332988,-0.045153,5.310098,3.465775,0,0.67186,-0.710853,-0.021567
8.68977,3.848896,9.859182,1.6986,-1.332988,-0.045153,5.312556,3.465805,0,0.657528,-0.723377,-0.017256
8.68977,3.848896,9.859182,1.6986,-1.332988,-0.045153,5.33898,3.465307,0,0.586357,-0.746312,-0.00131
9.19753,3.875083,9.872952,1.654689,-1.133376,-0.027344,5.353179,3.464249,0,0.560716,-0.76312,0.005623
9.19753,3.875083,9.872952,1.654689,-1.133376,-0.027344,5.374406,3.461802,0,0.747765,-0.592127,-0.027535
9.19753,3.875083,9.872952,1.654689,-1.133376,-0.027344,5.391063,3.459116,0,0.737959,-0.633204,-0.020541
9.19753,3.875083,9.872952,1.654689,-1.133376,-0.027344,5.395872,3.458203,0,0.735175,-0.649148,-0.017975
9.19753,3.875083,9.872952,1.654689,-1.133376,-0.027344,5.419036,3.452073,0,0.628173,-0.69631,0.003875
9.19753,3.875083,9.872952,1.654689,-1.133376,-0.027344,5.441051,3.442623,0,0.453655,-0.710424,0.030983
9.19753,3.875083,9.872952,1.654689,-1.133376,-0.027344,5.441051,3.442623,0,0.453655,-0.710424,0.030983
9.19753,3.875083,9.872952,1.654689,-1.133376,-0.027344,5.441051,3.442623,0,0.453655,-0.710424,0.030983
9.19753,3.875083,9.872952,1.654689,-1.133376,-0.027344,5.461505,3.429008,0,0.28263,-0.756356,0.061906
9.19753,3.875083,9.872952,1.654689,-1.133376,-0.027344,5.469427,3.421617,0,0.240012,-0.878615,0.08466
9.19753,3.875083,9.872952,1.654689,-1.133376,-0.027344,5.472763,3.418252,0,0.244897,-0.921579,0.089788
9.19753,3.875083,9.872952,1.654689,-1.133376,-0.027344,5.48212,3.408372,0,0.198944,-0.869561,0.089358
9.19753,3.875083,9.872952,1.654689,-1.133376,-0.027344,5.493814,3.396162,0,0.264114,-0.997196,0.097282
9.19753,3.875083,9.872952,1.654689,-1.133376,-0.027344,5.505427,3.383804,0,0.226014,-0.957691,0.097418
9.19753,3.875083,9.872952,1.654689,-1.133376,-0.027344,5.559713,3.32584,0,0.232,-1.047195,0.108707
9.657356,3.792762,9.884944,1.543897,-0.760563,-0.250483,5.581333,3.301776,0,0.531884,-0.93198,-0.122207
9.657356,3.792762,9.884944,1.543897,-0.760563,-0.250483,5.593874,3.287523,0,0.530347,-0.940015,-0.122044
9.657356,3.792762,9.884944,1.543897,-0.760563,-0.250483,5.628129,3.247602,0,0.529176,-0.981642,-0.122551
9.657356,3.792762,9.884944,1.543897,-0.760563,-0.250483,5.648059,3.223631,0,0.524796,-1.005324,-0.122102
9.657356,3.792762,9.884944,1.543897,-0.760563,-0.250483,5.655298,3.214768,0,0.523541,-1.014587,-0.122018
9.657356,3.792762,9.884944,1.543897,-0.760563,-0.250483,5.667662,3.201928,0,0.674669,-0.983858,-0.15149
9.657356,3.792762,9.884944,1.543897,-0.760563,-0.250483,5.672069,3.197826,0,0.699383,-0.973783,-0.15622
9.657356,3.792762,9.884944,1.543897,-0.760563,-0.250483,5.681256,3.189928,0,0.753821,-0.94145,-0.166458
9.657356,3.792762,9.884944,1.543897,-0.760563,-0.250483,5.686061,3.186152,0,0.781993,-0.923405,-0.171734
9.657356,3.792762,9.884944,1.543897,-0.760563,-0.250483,5.690951,3.182446,0,0.796027,-0.917426,-0.174415
9.657356,3.792762,9.884944,1.543897,-0.760563,-0.250483,5.690951,3.182446,0,0.796027,-0.917426,-0.174415
9.657356,3.792762,9.884944,1.543897,-0.760563,-0.250483,5.72592,3.157031,0,0.810676,-0.918281,-0.17734
9.657356,3.792762,9.884944,1.543897,-0.760563,-0.250483,5.772537,3.121174,0,0.785663,-0.942996,-0.172811
10.011254,3.679018,9.893476,1.164302,-0.442849,-0.189733,5.794164,3.103825,0,0.93995,-0.757416,-0.156364
10.011254,3.679018,9.893476,1.164302,-0.442849,-0.189733,5.80318,3.096556,0,0.912391,-0.739373,-0.151648
10.011254,3.679018,9.893476,1.164302,-0.442849,-0.189733,5.80318,3.096556,0,0.912391,-0.739373,-0.151648
10.011254,3.679018,9.893476,1.164302,-0.442849,-0.189733,5.805314,3.09484,0,0.889789,-0.720559,-0.147907
10.011254,3.679018,9.893476,1.164302,-0.442849,-0.189733,5.807391,3.093173,0,0.868787,-0.70302,-0.144433
10.011254,3.679018,9.893476,1.164302,-0.442849,-0.189733,5.809428,3.091536,0,0.850782,-0.688111,-0.14145
10.011254,3.679018,9.893476,1.164302,-0.442849,-0.189733,5.809428,3.091536,0,0.850782,-0.688111,-0.14145
10.011254,3.679018,9.893476,1.164302,-0.442849,-0.189733,5.813466,3.088278,0,0.827788,-0.671268,-0.137572
10.011254,3.679018,9.893476,1.164302,-0.442849,-0.189733,5.813466,3.088278,0,0.827788,-0.671268,-0.137572
10.011254,3.679018,9.893476,1.164302,-0.442849,-0.189733,5.825439,3.078492,0,0.779983,-0.638974,-0.129422
10.011254,3.679018,9.893476,1.164302,-0.442849,-0.189733,5.8353,3.070249,0,0.808667,-0.687245,-0.1334
10.011254,3.679018,9.893476,1.164302,-0.442849,-0.189733,5.847664,3.059577,0,0.827795,-0.71921,-0.136059
10.011254,3.679018,9.893476,1.164302,-0.442849,-0.189733,5.865129,3.044322,0,0.743529,-0.651677,-0.122029
10.011254,3.679018,9.893476,1.164302,-0.442849,-0.189733,5.885576,3.025857,0,0.76173,-0.70779,-0.123748
10.011254,3.679018,9.893476,1.164302,-0.442849,-0.189733,5.898837,3.013376,0,0.740959,-0.700604,-0.119991
10.011254,3.679018,9.893476,1.164302,-0.442849,-0.189733,5.90937,3.0002,0,0.511993,-0.783945,-0.07344
10.011254,3.679018,9.893476,1.164302,-0.442849,-0.189733,5.915426,2.990248,0,0.472041,-0.793128,-0.065487
10.011254,3.679018,9.893476,1.164302,-0.442849,-0.189733,5.921162,2.980377,0,0.454593,-0.780942,-0.062526
10.011254,3.679018,9.893476,1.164302,-0.442849,-0.189733,5.928176,2.968238,0,0.515274,-0.859102,-0.071696
10.011254,3.679018,9.893476,1.164302,-0.442849,-0.189733,5.929458,2.966078,0,0.515379,-0.859154,-0.071714
10.011254,3.679018,9.893476,1.164302,-0.442849,-0.189733,5.938823,2.95046,0,0.550856,-0.904741,-0.077079
10.245235,3.551362,9.884822,0.776166,-0.409217,-0.192419,5.944061,2.941669,0,0.612962,-0.79086,-0.092482
10.245235,3.551362,9.884822,0.776166,-0.409217,-0.192419,5.952775,2.926698,0,0.59036,-0.777084,-0.088793
10.245235,3.551362,9.884822,0.776166,-0.409217,-0.192419,5.961536,2.911532,0,0.61303,-0.802414,-0.092284
10.245235,3.551362,9.884822,0.776166,-0.409217,-0.192419,5.981707,2.876467,0,0.603445,-0.801945,-0.090622
10.245235,3.551362,9.884822,0.776166,-0.409217,-0.192419,5.990373,2.861184,0,0.596941,-0.800166,-0.089521
10.245235,3.551362,9.884822,0.776166,-0.409217,-0.192419,6.004986,2.835079,0,0.588091,-0.799629,-0.087988
10.245235,3.551362,9.884822,0.776166,-0.409217,-0.192419,6.013398,2.819867,0,0.581026,-0.796438,-0.086814
10.245235,3.551362,9.884822,0.776166,-0.409217,-0.192419,6.016992,2.813329,0,0.579345,-0.797493,-0.086502
10.245235,3.551362,9.884822,0.776166,-0.409217,-0.192419,6.037114,2.776268,0,0.572025,-0.8008,-0.085167
10.245235,3.551362,9.884822,0.776166,-0.409217,-0.192419,6.039469,2.771876,0,0.575957,-0.808608,-0.08571
10.245235,3.551362,9.884822,0.776166,-0.409217,-0.192419,6.04997,2.752167,0,0.568986,-0.807597,-0.084513
10.245235,3.551362,9.884822,0.776166,-0.409217,-0.192419,6.052291,2.747775,0,0.568104,-0.80866,-0.08434
10.245235,3.551362,9.884822,0.776166,-0.409217,-0.192419,6.055767,2.741182,0,0.568658,-0.81032,-0.084407
10.245235,3.551362,9.884822,0.776166,-0.409217,-0.192419,6.066082,2.721443,0,0.558594,-0.80632,-0.082725
10.245235,3.551362,9.884822,0.776166,-0.409217,-0.192419,6.066082,2.721443,0,0.558594,-0.80632,-0.082725
10.378381,3.413133,9.854975,0.457022,-0.438625,-0.180802,6.068352,2.717063,0,0.624317,-0.760856,-0.035041
10.378381,3.413133,9.854975,0.457022,-0.438625,-0.180802,6.068352,2.717063,0,0.624317,-0.760856,-0.035041
10.378381,3.413133,9.854975,0.457022,-0.438625,-0.180802,6.072019,2.71064,0,0.68522,-0.714581,-0.043386
10.378381,3.413133,9.854975,0.457022,-0.438625,-0.180802,6.080371,2.698387,0,0.723961,-0.674567,-0.049126
10.378381,3.413133,9.854975,0.457022,-0.438625,-0.180802,6.090281,2.684183,0,0.716368,-0.674673,-0.048318
10.378381,3.413133,9.854975,0.457022,-0.438625,-0.180802,6.090281,2.684183,0,0.716368,-0.674673,-0.048318
10.378381,3.413133,9.854975,0.457022,-0.438625,-0.180802,6.090281,2.684183,0,0.716368,-0.674673,-0.048318
10.378381,3.413133,9.854975,0.457022,-0.438625,-0.180802,6.090281,2.684183,0,0.716368,-0.674673,-0.048318
10.378381,3.413133,9.854975,0.457022,-0.438625,-0.180802,6.10851,2.657678,0,0.71903,-0.684212,-0.04821
10.378381,3.413133,9.854975,0.457022,-0.438625,-0.180802,6.10851,2.657678,0,0.71903,-0.684212,-0.04821
10.378381,3.413133,9.854975,0.457022,-0.438625,-0.180802,6.118251,2.643328,0,0.711109,-0.68563,-0.047312
10.378381,3.413133,9.854975,0.457022,-0.438625,-0.180802,6.120998,2.639255,0,0.703907,-0.680736,-0.046749
10.378381,3.413133,9.854975,0.457022,-0.438625,-0.180802,6.129132,2.627118,0,0.695059,-0.677124,-0.04596
10.378381,3.413133,9.854975,0.457022,-0.438625,-0.180802,6.133159,2.621075,0,0.690163,-0.675379,-0.045512
10.378381,3.413133,9.854975,0.457022,-0.438625,-0.180802,6.137158,2.615048,0,0.686889,-0.674562,-0.045199
10.378381,3.413133,9.854975,0.457022,-0.438625,-0.180802,6.152972,2.590973,0,0.676964,-0.674961,-0.044131
10.378381,3.413133,9.854975,0.457022,-0.438625,-0.180802,6.164648,2.572937,0,0.670752,-0.676404,-0.043414
10.378381,3.413133,9.854975,0.457022,-0.438625,-0.180802,6.177467,2.552867,0,0.665078,-0.679465,-0.042687
10.378381,3.413133,9.854975,0.457022,-0.438625,-0.180802,6.190126,2.53276,0,0.658944,-0.681915,-0.041937
10.438585,3.263874,9.800937,0.301394,-0.518998,-0.256904,6.206427,2.501476,0,0.602887,-0.721632,-0.006552
10.438585,3.263874,9.800937,0.301394,-0.518998,-0.256904,6.209336,2.495046,0,0.60348,-0.722395,-0.006557
10.438585,3.263874,9.800937,0.301394,-0.518998,-0.256904,6.21512,2.482186,0,0.598347,-0.723742,-0.006243
10.438585,3.263874,9.800937,0.301394,-0.518998,-0.256904,6.223746,2.462806,0,0.599145,-0.729964,-0.006069
10.438585,3.263874,9.800937,0.301394,-0.518998,-0.256904,6.231374,2.445488,0,0.599278,-0.734534,-0.005919
10.438585,3.263874,9.800937,0.301394,-0.518998,-0.256904,6.233276,2.441142,0,0.599328,-0.735968,-0.005872
10.438585,3.263874,9.800937,0.301394,-0.518998,-0.256904,6.239917,2.425875,0,0.599199,-0.740895,-0.005695
10.438585,3.263874,9.800937,0.301394,-0.518998,-0.256904,6.247473,2.408331,0,0.598761,-0.746229,-0.005488
10.438585,3.263874,9.800937,0.301394,-0.518998,-0.256904,6.268935,2.357412,0,0.595265,-0.760009,-0.00483
10.438585,3.263874,9.800937,0.301394,-0.518998,-0.256904,6.276304,2.339528,0,0.593716,-0.764587,-0.004591
10.438585,3.263874,9.800937,0.301394,-0.518998,-0.256904,6.284524,2.319326,0,0.591955,-0.76953,-0.004329
10.438585,3.263874,9.800937,0.301394,-0.518998,-0.256904,6.290876,2.303536,0,0.591124,-0.773945,-0.004133
10.460719,3.098577,9.716947,0.302503,-0.62254,-0.359191,6.295392,2.292214,0,0.634583,-0.740168,0.043185
10.460719,3.098577,9.716947,0.302503,-0.62254,-0.359191,6.301677,2.276321,0,0.632873,-0.74329,0.043331
10.460719,3.098577,9.716947,0.302503,-0.62254,-0.359191,6.309692,2.255821,0,0.630921,-0.74756,0.043533
10.460719,3.098577,9.716947,0.302503,-0.62254,-0.359191,6.31235,2.248967,0,0.631122,-0.749297,0.043624
10.460719,3.098577,9.716947,0.302503,-0.62254,-0.359191,6.319799,2.233223,0,0.718588,-0.697526,0.0417
10.460719,3.098577,9.716947,0.302503,-0.62254,-0.359191,6.344684,2.183543,0,0.71612,-0.710515,0.042344
10.460719,3.098577,9.716947,0.302503,-0.62254,-0.359191,6.368762,2.134204,0,0.697796,-0.705898,0.041955
10.460719,3.098577,9.716947,0.302503,-0.62254,-0.359191,6.368762,2.134204,0,0.697796,-0.705898,0.041955
10.460719,3.098577,9.716947,0.302503,-0.62254,-0.359191,6.378421,2.114046,0,0.693938,-0.708309,0.042047
10.460719,3.098577,9.716947,0.302503,-0.62254,-0.359191,6.387989,2.093852,0,0.690258,-0.710703,0.042139
10.460719,3.098577,9.716947,0.302503,-0.62254,-0.359191,6.389047,2.091604,0,0.691329,-0.712627,0.042246
10.460719,3.098577,9.716947,0.302503,-0.62254,-0.359191,6.389047,2.091604,0,0.691329,-0.712627,0.042246
10.460719,3.098577,9.716947,0.302503,-0.62254,-0.359191,6.390106,2.089356,0,0.6913,-0.712646,0.042247
10.460719,3.098577,9.716947,0.302503,-0.62254,-0.359191,6.391158,2.087115,0,0.688966,-0.711424,0.042165
10.471128,2.903226,9.599718,0.400582,-0.739223,-0.48444,6.408126,2.046235,0,0.635712,-0.743406,0.05712
10.471128,2.903226,9.599718,0.400582,-0.739223,-0.48444,6.41132,2.037024,0,0.631207,-0.739767,0.05679
10.471128,2.903226,9.599718,0.400582,-0.739223,-0.48444,6.412911,2.032426,0,0.630244,-0.739668,0.05675
10.471128,2.903226,9.599718,0.400582,-0.739223,-0.48444,6.413706,2.030126,0,0.630198,-0.739663,0.056749
10.471128,2.903226,9.599718,0.400582,-0.739223,-0.48444,6.416079,2.023235,0,0.628222,-0.739696,0.056679
10.471128,2.903226,9.599718,0.400582,-0.739223,-0.48444,6.421581,2.007155,0,0.625778,-0.740666,0.056635
10.471128,2.903226,9.599718,0.400582,-0.739223,-0.48444,6.427035,1.991059,0,0.624232,-0.743482,0.056708
10.471128,2.903226,9.599718,0.400582,-0.739223,-0.48444,6.434766,1.967983,0,0.622751,-0.748263,0.056874
10.471128,2.903226,9.599718,0.400582,-0.739223,-0.48444,6.43937,1.954086,0,0.622182,-0.751347,0.056995
10.471128,2.903226,9.599718,0.400582,-0.739223,-0.48444,6.450787,1.919119,0,0.62246,-0.760692,0.057434
10.471128,2.903226,9.599718,0.400582,-0.739223,-0.48444,6.459082,1.89324,0,0.622706,-0.768745,0.057812
10.471128,2.903226,9.599718,0.400582,-0.739223,-0.48444,6.462081,1.883784,0,0.622297,-0.770884,0.057896
10.471128,2.903226,9.599718,0.400582,-0.739223,-0.48444,6.4673,1.867195,0,0.621562,-0.774028,0.058013
10.471128,2.903226,9.599718,0.400582,-0.739223,-0.48444,6.471745,1.852929,0,0.620983,-0.777282,0.058142
10.483657,2.676512,9.448388,0.528614,-0.780741,-0.624311,6.485091,1.815246,0,0.711942,-0.703634,0.04875
10.483657,2.676512,9.448388,0.528614,-0.780741,-0.624311,6.497134,1.784923,0,0.709205,-0.70775,0.048685
10.483657,2.676512,9.448388,0.528614,-0.780741,-0.624311,6.508097,1.756956,0,0.704226,-0.708605,0.048448
10.483657,2.676512,9.448388,0.528614,-0.780741,-0.624311,6.50991,1.752299,0,0.702818,-0.708466,0.048375
10.483657,2.676512,9.448388,0.528614,-0.780741,-0.624311,6.51262,1.745316,0,0.701292,-0.708765,0.048303
10.483657,2.676512,9.448388,0.528614,-0.780741,-0.624311,6.513521,1.74299,0,0.700858,-0.708398,0.048274
10.483657,2.676512,9.448388,0.528614,-0.780741,-0.624311,6.513521,1.74299,0,0.700858,-0.708398,0.048274
10.483657,2.676512,9.448388,0.528614,-0.780741,-0.624311,6.513521,1.74299,0,0.700858,-0.708398,0.048274
10.483657,2.676512,9.448388,0.528614,-0.780741,-0.624311,6.513521,1.74299,0,0.700858,-0.708398,0.048274
10.483657,2.676512,9.448388,0.528614,-0.780741,-0.624311,6.513521,1.74299,0,0.700858,-0.708398,0.048274
10.483657,2.676512,9.448388,0.528614,-0.780741,-0.624311,6.522479,1.71974,0,0.696865,-0.70938,0.04809
10.483657,2.676512,9.448388,0.528614,-0.780741,-0.624311,6.522479,1.71974,0,0.696865,-0.70938,0.04809
10.483657,2.676512,9.448388,0.528614,-0.780741,-0.624311,6.522479,1.71974,0,0.696865,-0.70938,0.04809
10.483657,2.676512,9.448388,0.528614,-0.780741,-0.624311,6.525145,1.712771,0,0.695304,-0.709291,0.048009
10.483657,2.676512,9.448388,0.528614,-0.780741,-0.624311,6.525145,1.712771,0,0.695304,-0.709291,0.048009
10.483657,2.676512,9.448388,0.528614,-0.780741,-0.624311,6.525145,1.712771,0,0.695304,-0.709291,0.048009
10.483657,2.676512,9.448388,0.528614,-0.780741,-0.624311,6.527801,1.70581,0,0.693484,-0.708923,0.04791
10.483657,2.676512,9.448388,0.528614,-0.780741,-0.624311,6.527801,1.70581,0,0.693484,-0.708923,0.04791
10.483657,2.676512,9.448388,0.528614,-0.780741,-0.624311,6.527801,1.70581,0,0.693484,-0.708923,0.04791
10.483657,2.676512,9.448388,0.528614,-0.780741,-0.624311,6.546285,1.652313,0,0.634087,-0.748336,0.045611
10.483657,2.676512,9.448388,0.528614,-0.780741,-0.624311,6.552905,1.628585,0,0.614472,-0.769852,0.045005
10.483657,2.676512,9.448388,0.528614,-0.780741,-0.624311,6.559248,1.604827,0,0.608706,-0.769838,0.044713
10.513142,2.430632,9.26298,0.672643,-0.752877,-0.780765,6.563004,1.59056,0,0.63713,-0.750623,0.013848
10.513142,2.430632,9.26298,0.672643,-0.752877,-0.780765,6.565486,1.581051,0,0.637117,-0.753236,0.013794
10.513142,2.430632,9.26298,0.672643,-0.752877,-0.780765,6.571668,1.557102,0,0.63763,-0.76143,0.013651
10.513142,2.430632,9.26298,0.672643,-0.752877,-0.780765,6.577191,1.535388,0,0.639203,-0.766987,0.013609
10.513142,2.430632,9.26298,0.672643,-0.752877,-0.780765,6.583863,1.508689,0,0.638167,-0.772888,0.013442
10.513142,2.430632,9.26298,0.672643,-0.752877,-0.780765,6.58837,1.491664,0,0.691246,-0.74681,0.016402
10.513142,2.430632,9.26298,0.672643,-0.752877,-0.780765,6.594709,1.472387,0,0.70225,-0.733652,0.017174
10.513142,2.430632,9.26298,0.672643,-0.752877,-0.780765,6.599453,1.45785,0,0.707645,-0.741896,0.017253
10.513142,2.430632,9.26298,0.672643,-0.752877,-0.780765,6.604162,1.443313,0,0.701187,-0.738737,0.017022
10.513142,2.430632,9.26298,0.672643,-0.752877,-0.780765,6.609625,1.426308,0,0.702238,-0.744548,0.016951
10.513142,2.430632,9.26298,0.672643,-0.752877,-0.780765,6.618159,1.399399,0,0.700487,-0.747671,0.016808
10.513142,2.430632,9.26298,0.672643,-0.752877,-0.780765,6.627733,1.367551,0,0.630907,-0.802981,0.012496
10.563744,2.180479,9.045599,0.772217,-0.688395,-0.905888,6.632779,1.345329,0,0.654368,-0.769128,0.012982
10.563744,2.180479,9.045599,0.772217,-0.688395,-0.905888,6.638811,1.318276,0,0.648455,-0.769915,0.012743
10.563744,2.180479,9.045599,0.772217,-0.688395,-0.905888,6.644168,1.2937,0,0.644438,-0.772216,0.012553
10.563744,2.180479,9.045599,0.772217,-0.688395,-0.905888,6.65045,1.264177,0,0.640689,-0.776279,0.012346
10.563744,2.180479,9.045599,0.772217,-0.688395,-0.905888,6.655065,1.241972,0,0.63942,-0.780989,0.012223
10.563744,2.180479,9.045599,0.772217,-0.688395,-0.905888,6.659107,1.222145,0,0.638659,-0.786389,0.012109
10.563744,2.180479,9.045599,0.772217,-0.688395,-0.905888,6.661113,1.212198,0,0.640738,-0.791511,0.012108
10.563744,2.180479,9.045599,0.772217,-0.688395,-0.905888,6.675854,1.158088,0,0.698076,-0.749614,0.014964
10.563744,2.180479,9.045599,0.772217,-0.688395,-0.905888,6.679225,1.145729,0,0.699674,-0.75347,0.014964
10.563744,2.180479,9.045599,0.772217,-0.688395,-0.905888,6.685277,1.123329,0,0.700453,-0.759021,0.014907
10.632579,1.929366,8.797587,0.833363,-0.656191,-1.004172,6.69272,1.093087,0,0.685513,-0.788276,0.012771
10.632579,1.929366,8.797587,0.833363,-0.656191,-1.004172,6.697558,1.067386,0,0.6736,-0.801996,0.012491
10.632579,1.929366,8.797587,0.833363,-0.656191,-1.004172,6.702242,1.041774,0,0.662251,-0.796574,0.012264
10.632579,1.929366,8.797587,0.833363,-0.656191,-1.004172,6.708959,1.003723,0,0.65302,-0.796649,0.012069
10.632579,1.929366,8.797587,0.833363,-0.656191,-1.004172,6.710273,0.996103,0,0.65297,-0.798784,0.012064
10.632579,1.929366,8.797587,0.833363,-0.656191,-1.004172,6.724331,0.926977,0,0.71918,-0.776157,0.013504
10.632579,1.929366,8.797587,0.833363,-0.656191,-1.004172,6.729783,0.903741,0,0.718222,-0.780116,0.013476
10.709339,1.674177,8.529008,0.852902,-0.640328,-1.074502,6.739642,0.854532,0,0.681607,-0.800265,-0.006463
10.709339,1.674177,8.529008,0.852902,-0.640328,-1.074502,6.747407,0.802669,0,0.674428,-0.804009,-0.006425
10.709339,1.674177,8.529008,0.852902,-0.640328,-1.074502,6.748161,0.797472,0,0.674023,-0.804877,-0.006424
10.709339,1.674177,8.529008,0.852902,-0.640328,-1.074502,6.756062,0.750733,0,0.726605,-0.764351,-0.006676
10.709339,1.674177,8.529008,0.852902,-0.640328,-1.074502,6.760909,0.727502,0,0.724466,-0.76581,-0.006665
10.709339,1.674177,8.529008,0.852902,-0.640328,-1.074502,6.767311,0.691154,0,0.667307,-0.820424,-0.006417
10.709339,1.674177,8.529008,0.852902,-0.640328,-1.074502,6.769009,0.678038,0,0.66611,-0.822683,-0.006414
10.709339,1.674177,8.529008,0.852902,-0.640328,-1.074502,6.769675,0.672809,0,0.661431,-0.818464,-0.006373
10.709339,1.674177,8.529008,0.852902,-0.640328,-1.074502,6.770677,0.664951,0,0.664264,-0.822235,-0.006401
10.709339,1.674177,8.529008,0.852902,-0.640328,-1.074502,6.771666,0.657082,0,0.663174,-0.824723,-0.0064
10.709339,1.674177,8.529008,0.852902,-0.640328,-1.074502,6.772968,0.646595,0,0.660208,-0.822493,-0.006375
10.709339,1.674177,8.529008,0.852902,-0.640328,-1.074502,6.774877,0.630993,0,0.650434,-0.81422,-0.00629
10.709339,1.674177,8.529008,0.852902,-0.640328,-1.074502,6.776654,0.618122,0,0.686188,-0.775802,-0.006435
10.781985,1.416748,8.249115,0.843566,-0.664679,-1.099998,6.779531,0.602799,0,0.730046,-0.745751,0.00818
10.781985,1.416748,8.249115,0.843566,-0.664679,-1.099998,6.784792,0.574513,0,0.734126,-0.75421,0.0083
10.781985,1.416748,8.249115,0.843566,-0.664679,-1.099998,6.790032,0.537972,0,0.682207,-0.808482,0.009588
10.781985,1.416748,8.249115,0.843566,-0.664679,-1.099998,6.791508,0.524821,0,0.684077,-0.811611,0.00963
10.781985,1.416748,8.249115,0.843566,-0.664679,-1.099998,6.792382,0.516908,0,0.682826,-0.8126,0.009656
10.781985,1.416748,8.249115,0.843566,-0.664679,-1.099998,6.793246,0.508996,0,0.68164,-0.813176,0.009674
10.781985,1.416748,8.249115,0.843566,-0.664679,-1.099998,6.796604,0.479981,0,0.715788,-0.780371,0.008877
10.781985,1.416748,8.249115,0.843566,-0.664679,-1.099998,6.800101,0.459026,0,0.728808,-0.77558,0.008708
10.781985,1.416748,8.249115,0.843566,-0.664679,-1.099998,6.802713,0.443276,0,0.72794,-0.776333,0.008727
10.781985,1.416748,8.249115,0.843566,-0.664679,-1.099998,6.805635,0.419563,0,0.671837,-0.819222,0.009844
10.781985,1.416748,8.249115,0.843566,-0.664679,-1.099998,6.806902,0.406402,0,0.667825,-0.818566,0.009859
10.781985,1.416748,8.249115,0.843566,-0.664679,-1.099998,6.807892,0.395886,0,0.666065,-0.819414,0.009885
10.781985,1.416748,8.249115,0.843566,-0.664679,-1.099998,6.808622,0.387995,0,0.665504,-0.820998,0.009916
10.781985,1.416748,8.249115,0.843566,-0.664679,-1.099998,6.809817,0.374827,0,0.664547,-0.823678,0.009969
10.844827,1.15568,7.963079,0.853705,-0.662803,-1.110371,6.81594,0.332774,0,0.720488,-0.789397,0.009003
10.844827,1.15568,7.963079,0.853705,-0.662803,-1.110371,6.816224,0.330124,0,0.709632,-0.795637,0.007563
10.844827,1.15568,7.963079,0.853705,-0.662803,-1.110371,6.819497,0.290391,0,0.683275,-0.810779,0.007678
10.844827,1.15568,7.963079,0.853705,-0.662803,-1.110371,6.819497,0.290391,0,0.683275,-0.810779,0.007678
10.844827,1.15568,7.963079,0.853705,-0.662803,-1.110371,6.819911,0.285106,0,0.710683,-0.790293,0.007517
10.844827,1.15568,7.963079,0.853705,-0.662803,-1.110371,6.822161,0.266612,0,0.737514,-0.769795,0.007355
10.844827,1.15568,7.963079,0.853705,-0.662803,-1.110371,6.826047,0.226638,0,0.710552,-0.810236,0.007693
10.844827,1.15568,7.963079,0.853705,-0.662803,-1.110371,6.828035,0.202457,0,0.689068,-0.825406,0.007812
10.844827,1.15568,7.963079,0.853705,-0.662803,-1.110371,6.830681,0.167588,0,0.68306,-0.820774,0.007767
10.844827,1.15568,7.963079,0.853705,-0.662803,-1.110371,6.832032,0.148835,0,0.680449,-0.819148,0.00775
10.844827,1.15568,7.963079,0.853705,-0.662803,-1.110371,6.833506,0.127696,0,0.673907,-0.81679,0.007725
10.844827,1.15568,7.963079,0.853705,-0.662803,-1.110371,6.834612,0.111922,0,0.667614,-0.810388,0.007663
10.844827,1.15568,7.963079,0.853705,-0.662803,-1.110371,6.835313,0.101473,0,0.662714,-0.806851,0.007629
10.844827,1.15568,7.963079,0.853705,-0.662803,-1.110371,6.835673,0.096258,0,0.669681,-0.806294,0.007629
10.844827,1.15568,7.963079,0.853705,-0.662803,-1.110371,6.836591,0.083234,0,0.662064,-0.80738,0.007633
10.903841,0.888088,7.675804,0.851503,-0.663032,-1.115531,6.836932,0.078017,0,0.686987,-0.787174,-0.009464
10.903841,0.888088,7.675804,0.851503,-0.663032,-1.115531,6.83765,0.067587,0,0.687563,-0.785375,-0.009465
10.903841,0.888088,7.675804,0.851503,-0.663032,-1.115531,6.838322,0.057133,0,0.688037,-0.790242,-0.009484
10.903841,0.888088,7.675804,0.851503,-0.663032,-1.115531,6.839327,0.044058,0,0.700138,-0.776459,-0.009571
10.903841,0.888088,7.675804,0.851503,-0.663032,-1.115531,6.840737,0.025642,0,0.708374,-0.788627,-0.009692
10.903841,0.888088,7.675804,0.851503,-0.663032,-1.115531,6.843097,-0.000885,0,0.731289,-0.793311,-0.009946
10.903841,0.888088,7.675804,0.851503,-0.663032,-1.115531,6.843363,-0.003543,0,0.730372,-0.779678,-0.009897
10.903841,0.888088,7.675804,0.851503,-0.663032,-1.115531,6.844398,-0.01422,0,0.724394,-0.791623,-0.009869
10.903841,0.888088,7.675804,0.851503,-0.663032,-1.115531,6.845958,-0.030552,0,0.741882,-0.801982,-0.010082
10.903841,0.888088,7.675804,0.851503,-0.663032,-1.115531,6.846825,-0.041599,0,0.754551,-0.822775,-0.010275
10.903841,0.888088,7.675804,0.851503,-0.663032,-1.115531,6.847405,-0.050003,0,0.75327,-0.828302,-0.010277
10.903841,0.888088,7.675804,0.851503,-0.663032,-1.115531,6.85066,-0.086339,0,0.750301,-0.844197,-0.010292
10.903841,0.888088,7.675804,0.851503,-0.663032,-1.115531,6.851601,-0.097522,0,0.75096,-0.834138,-0.01027
10.903841,0.888088,7.675804,0.851503,-0.663032,-1.115531,6.852521,-0.108799,0,0.762615,-0.833376,-0.01039
10.903841,0.888088,7.675804,0.851503,-0.663032,-1.115531,6.85484,-0.142208,0,0.724175,-0.836624,-0.009996
10.903841,0.888088,7.675804,0.851503,-0.663032,-1.115531,6.855464,-0.150486,0,0.727052,-0.835837,-0.010024
10.903841,0.888088,7.675804,0.851503,-0.663032,-1.115531,6.856333,-0.16428,0,0.722956,-0.838172,-0.009988
10.903841,0.888088,7.675804,0.851503,-0.663032,-1.115531,6.856993,-0.175221,0,0.71006,-0.829612,-0.009828
10.95686,0.621016,7.394656,0.906025,-0.654938,-1.03521,6.859898,-0.226555,0,0.723243,-0.802855,0.032415
10.95686,0.621016,7.394656,0.906025,-0.654938,-1.03521,6.862309,-0.26993,0,0.73583,-0.784029,0.032877
10.95686,0.621016,7.394656,0.906025,-0.654938,-1.03521,6.863489,-0.294728,0,0.732542,-0.824088,0.032866
10.95686,0.621016,7.394656,0.906025,-0.654938,-1.03521,6.864609,-0.319544,0,0.736886,-0.830426,0.033066
10.95686,0.621016,7.394656,0.906025,-0.654938,-1.03521,6.866892,-0.377448,0,0.724852,-0.835319,0.032584
10.95686,0.621016,7.394656,0.906025,-0.654938,-1.03521,6.868094,-0.422429,0,0.662822,-0.779681,0.029845
11.020912,0.339584,7.118805,1.032497,-0.691998,-1.005569,6.86837,-0.435168,0,0.651123,-0.772517,0.029339
11.020912,0.339584,7.118805,1.032497,-0.691998,-1.005569,6.869228,-0.477567,0,0.658273,-0.736632,0.039969
11.020912,0.339584,7.118805,1.032497,-0.691998,-1.005569,6.869468,-0.48989,0,0.645288,-0.7487,0.039727
11.020912,0.339584,7.118805,1.032497,-0.691998,-1.005569,6.870023,-0.512205,0,0.662953,-0.733022,0.040071
11.020912,0.339584,7.118805,1.032497,-0.691998,-1.005569,6.87041,-0.529704,0,0.678609,-0.729036,0.04058
11.020912,0.339584,7.118805,1.032497,-0.691998,-1.005569,6.870738,-0.534669,0,0.689083,-0.715953,0.040706
11.020912,0.339584,7.118805,1.032497,-0.691998,-1.005569,6.87237,-0.58881,0,0.688301,-0.819237,0.042799
11.020912,0.339584,7.118805,1.032497,-0.691998,-1.005569,6.87341,-0.609338,0,0.696647,-0.741249,0.041511
11.020912,0.339584,7.118805,1.032497,-0.691998,-1.005569,6.873755,-0.630672,0,0.696515,-0.780643,0.042316
11.020912,0.339584,7.118805,1.032497,-0.691998,-1.005569,6.87495,-0.653804,0,0.717064,-0.764252,0.042754
11.020912,0.339584,7.118805,1.032497,-0.691998,-1.005569,6.875027,-0.66189,0,0.691761,-0.830067,0.043152
11.020912,0.339584,7.118805,1.032497,-0.691998,-1.005569,6.875841,-0.701513,0,0.709011,-0.759161,0.042346
11.020912,0.339584,7.118805,1.032497,-0.691998,-1.005569,6.875759,-0.733846,0,0.685882,-0.848733,0.043314
11.093978,0.040673,6.84901,0.961061,-0.565292,-1.103028,6.875954,-0.741717,0,0.730213,-0.739241,-0.069852
11.093978,0.040673,6.84901,0.961061,-0.565292,-1.103028,6.876407,-0.759765,0,0.705757,-0.719256,-0.067772
11.093978,0.040673,6.84901,0.961061,-0.565292,-1.103028,6.87606,-0.775821,0,0.70479,-0.814326,-0.072889
11.093978,0.040673,6.84901,0.961061,-0.565292,-1.103028,6.876502,-0.798511,0,0.658997,-0.723161,-0.066078
11.093978,0.040673,6.84901,0.961061,-0.565292,-1.103028,6.876501,-0.819726,0,0.730201,-0.81617,-0.074025
11.093978,0.040673,6.84901,0.961061,-0.565292,-1.103028,6.876193,-0.836128,0,0.707289,-0.792676,-0.071817
11.093978,0.040673,6.84901,0.961061,-0.565292,-1.103028,6.875317,-0.874406,0,0.680159,-0.799593,-0.071086
11.093978,0.040673,6.84901,0.961061,-0.565292,-1.103028,6.874747,-0.894775,0,0.65793,-0.739416,-0.066916
11.093978,0.040673,6.84901,0.961061,-0.565292,-1.103028,6.87482,-0.909464,0,0.633523,-0.714715,-0.064582
11.093978,0.040673,6.84901,0.961061,-0.565292,-1.103028,6.873925,-0.9427,0,0.604656,-0.72418,-0.063919
11.093978,0.040673,6.84901,0.961061,-0.565292,-1.103028,6.873161,-0.963975,0,0.606524,-0.718722,-0.063699
11.1625,-0.226068,6.582929,0.782153,-0.564417,-1.052476,6.872282,-0.98313,0,0.633172,-0.72932,-0.022174
11.1625,-0.226068,6.582929,0.782153,-0.564417,-1.052476,6.870741,-1.014934,0,0.666568,-0.753939,-0.023851
11.1625,-0.226068,6.582929,0.782153,-0.564417,-1.052476,6.869174,-1.045596,0,0.694946,-0.788846,-0.024763
11.1625,-0.226068,6.582929,0.782153,-0.564417,-1.052476,6.868214,-1.066602,0,0.707405,-0.784033,-0.025902
11.1625,-0.226068,6.582929,0.782153,-0.564417,-1.052476,6.867239,-1.103184,0,0.695657,-0.765752,-0.025665
11.1625,-0.226068,6.582929,0.782153,-0.564417,-1.052476,6.866535,-1.132099,0,0.704906,-0.826693,-0.024146
11.1625,-0.226068,6.582929,0.782153,-0.564417,-1.052476,6.8662,-1.137589,0,0.713777,-0.8398,-0.02435
11.1625,-0.226068,6.582929,0.782153,-0.564417,-1.052476,6.865687,-1.156452,0,0.718919,-0.760677,-0.027647
11.1625,-0.226068,6.582929,0.782153,-0.564417,-1.052476,6.863831,-1.205117,0,0.732125,-0.777301,-0.028058
11.1625,-0.226068,6.582929,0.782153,-0.564417,-1.052476,6.862024,-1.232962,0,0.729789,-0.836996,-0.02569
11.196811,-0.478693,6.320978,0.81703,-0.723723,-0.947815,6.860894,-1.270441,0,0.716003,-0.787208,0.065977
11.196811,-0.478693,6.320978,0.81703,-0.723723,-0.947815,6.859389,-1.313904,0,0.697475,-0.726264,0.06159
11.196811,-0.478693,6.320978,0.81703,-0.723723,-0.947815,6.857142,-1.363932,0,0.752322,-0.810504,0.068225
11.196811,-0.478693,6.320978,0.81703,-0.723723,-0.947815,6.855864,-1.389458,0,0.788857,-0.861309,0.072295
11.196811,-0.478693,6.320978,0.81703,-0.723723,-0.947815,6.854349,-1.416472,0,0.832289,-0.916815,0.076809
11.196811,-0.478693,6.320978,0.81703,-0.723723,-0.947815,6.853431,-1.431919,0,0.827999,-0.920212,0.07695
11.196811,-0.478693,6.320978,0.81703,-0.723723,-0.947815,6.851335,-1.462433,0,0.799844,-0.912171,0.075869
11.196811,-0.478693,6.320978,0.81703,-0.723723,-0.947815,6.848101,-1.499959,0,0.7443,-0.883634,0.072899
11.216311,-0.763136,6.056827,1.079879,-0.5933,-0.928765,6.846097,-1.519234,0,0.740655,-0.820843,0.02952
11.216311,-0.763136,6.056827,1.079879,-0.5933,-0.928765,6.844232,-1.535841,0,0.747113,-0.837047,0.029223
11.216311,-0.763136,6.056827,1.079879,-0.5933,-0.928765,6.843296,-1.543732,0,0.700622,-0.793142,0.026903
11.216311,-0.763136,6.056827,1.079879,-0.5933,-0.928765,6.840342,-1.56495,0,0.586726,-0.704067,0.020087
11.216311,-0.763136,6.056827,1.079879,-0.5933,-0.928765,6.839698,-1.586502,0,0.960388,-0.749823,0.057551
11.216311,-0.763136,6.056827,1.079879,-0.5933,-0.928765,6.842058,-1.618004,0,0.997599,-0.758385,0.061037
11.216311,-0.763136,6.056827,1.079879,-0.5933,-0.928765,6.843189,-1.643596,0,0.724935,-0.813843,0.028255
11.216311,-0.763136,6.056827,1.079879,-0.5933,-0.928765,6.841605,-1.655474,0,0.593877,-0.698784,0.021181
11.216311,-0.763136,6.056827,1.079879,-0.5933,-0.928765,6.839677,-1.66811,0,0.510949,-0.628888,0.016527
11.216311,-0.763136,6.056827,1.079879,-0.5933,-0.928765,6.837713,-1.67943,0,0.452611,-0.579751,0.013251
11.216311,-0.763136,6.056827,1.079879,-0.5933,-0.928765,6.83545,-1.692441,0,0.500896,-0.614308,0.016337
11.216311,-0.763136,6.056827,1.079879,-0.5933,-0.928765,6.831245,-1.723025,0,0.54285,-0.610815,0.021073
11.216311,-0.763136,6.056827,1.079879,-0.5933,-0.928765,6.829783,-1.740595,0,0.536106,-0.535876,0.024938
11.301233,-1.071259,5.800599,1.369457,-0.232084,-0.901898,6.829559,-1.756193,0,0.631636,-0.498328,-0.012375
11.301233,-1.071259,5.800599,1.369457,-0.232084,-0.901898,6.831083,-1.789624,0,0.572152,-0.565061,-0.026141
11.301233,-1.071259,5.800599,1.369457,-0.232084,-0.901898,6.829888,-1.803403,0,0.559895,-0.546256,-0.024701
11.301233,-1.071259,5.800599,1.369457,-0.232084,-0.901898,6.829268,-1.839054,0,0.889008,-0.622883,-0.007105
11.301233,-1.071259,5.800599,1.369457,-0.232084,-0.901898,6.829779,-1.844522,0,0.928546,-0.612083,-0.002363
11.301233,-1.071259,5.800599,1.369457,-0.232084,-0.901898,6.832598,-1.861407,0,1.034898,-0.527392,0.017701
11.301233,-1.071259,5.800599,1.369457,-0.232084,-0.901898,6.841774,-1.893056,0,1.125156,-0.470043,0.032822
11.301233,-1.071259,5.800599,1.369457,-0.232084,-0.901898,6.844447,-1.901801,0,1.133109,-0.468445,0.0337
11.301233,-1.071259,5.800599,1.369457,-0.232084,-0.901898,6.850922,-1.922378,0,1.139007,-0.457751,0.035601
11.301233,-1.071259,5.800599,1.369457,-0.232084,-0.901898,6.862523,-1.956507,0,1.102011,-0.404692,0.039461
11.301233,-1.071259,5.800599,1.369457,-0.232084,-0.901898,6.873272,-1.987522,0,0.864519,-0.415561,0.018072
11.301233,-1.071259,5.800599,1.369457,-0.232084,-0.901898,6.874898,-1.999135,0,0.765569,-0.511627,-0.002865
11.469904,-1.36729,5.549325,1.337318,0.183618,-0.963099,6.875887,-2.017567,0,0.801653,-0.484002,-0.072008
11.469904,-1.36729,5.549325,1.337318,0.183618,-0.963099,6.877545,-2.039504,0,0.83096,-0.485477,-0.072667
11.469904,-1.36729,5.549325,1.337318,0.183618,-0.963099,6.878975,-2.056607,0,0.86103,-0.488023,-0.073469
11.469904,-1.36729,5.549325,1.337318,0.183618,-0.963099,6.8804,-2.07158,0,0.874475,-0.485283,-0.073356
11.469904,-1.36729,5.549325,1.337318,0.183618,-0.963099,6.881706,-2.084161,0,0.889787,-0.483792,-0.073425
11.469904,-1.36729,5.549325,1.337318,0.183618,-0.963099,6.883132,-2.093858,0,0.875054,-0.408746,-0.064052
11.469904,-1.36729,5.549325,1.337318,0.183618,-0.963099,6.885493,-2.105726,0,0.893301,-0.361186,-0.058564
11.469904,-1.36729,5.549325,1.337318,0.183618,-0.963099,6.888507,-2.117469,0,0.918922,-0.317529,-0.053671
11.469904,-1.36729,5.549325,1.337318,0.183618,-0.963099,6.897834,-2.142941,0,0.981846,-0.183304,-0.038367
11.469904,-1.36729,5.549325,1.337318,0.183618,-0.963099,6.915075,-2.174062,0,1.020994,-0.074229,-0.025736
11.469904,-1.36729,5.549325,1.337318,0.183618,-0.963099,6.925663,-2.191647,0,1.025524,-0.060449,-0.024133
11.469904,-1.36729,5.549325,1.337318,0.183618,-0.963099,6.942057,-2.217851,0,1.031275,-0.040112,-0.021752
11.679077,-1.620532,5.304474,1.277649,0.365789,-0.921975,6.953308,-2.235193,0,1.032244,0.074151,0.010331
11.679077,-1.620532,5.304474,1.277649,0.365789,-0.921975,6.958827,-2.243956,0,1.036274,0.028257,0.009596
11.679077,-1.620532,5.304474,1.277649,0.365789,-0.921975,6.963923,-2.252961,0,1.034731,-0.003224,0.009054
11.679077,-1.620532,5.304474,1.277649,0.365789,-0.921975,6.969732,-2.264542,0,1.034994,-0.061907,0.008072
11.679077,-1.620532,5.304474,1.277649,0.365789,-0.921975,6.977151,-2.281162,0,1.040973,-0.119798,0.007152
11.679077,-1.620532,5.304474,1.277649,0.365789,-0.921975,6.979131,-2.286017,0,1.040814,-0.127628,0.00702
11.679077,-1.620532,5.304474,1.277649,0.365789,-0.921975,6.990423,-2.317665,0,1.007654,-0.208348,0.005373
11.679077,-1.620532,5.304474,1.277649,0.365789,-0.921975,6.994337,-2.329948,0,1.011938,-0.201751,0.005521
11.679077,-1.620532,5.304474,1.277649,0.365789,-0.921975,7.007279,-2.360279,0,1.009517,-0.003802,0.008823
11.679077,-1.620532,5.304474,1.277649,0.365789,-0.921975,7.021537,-2.381351,0,1.01521,0.147542,0.011413
11.679077,-1.620532,5.304474,1.277649,0.365789,-0.921975,7.04212,-2.407751,0,1.021343,0.164008,0.011743
11.679077,-1.620532,5.304474,1.277649,0.365789,-0.921975,7.060002,-2.43001,0,1.024472,0.180588,0.012049
11.904909,-1.872839,5.0627,1.431138,0.727174,-0.685925,7.097785,-2.482677,0,1.038548,0.046826,0.1091
11.904909,-1.872839,5.0627,1.431138,0.727174,-0.685925,7.103482,-2.494437,0,1.04088,0.042805,0.108847
11.904909,-1.872839,5.0627,1.431138,0.727174,-0.685925,7.115031,-2.517765,0,1.034652,0.054724,0.109665
11.904909,-1.872839,5.0627,1.431138,0.727174,-0.685925,7.120856,-2.529315,0,1.022194,0.057853,0.108801
11.904909,-1.872839,5.0627,1.431138,0.727174,-0.685925,7.138053,-2.559391,0,1.07389,0.165387,0.126925
11.904909,-1.872839,5.0627,1.431138,0.727174,-0.685925,7.152448,-2.580263,0,1.11535,0.246235,0.140809
11.904909,-1.872839,5.0627,1.431138,0.727174,-0.685925,7.156036,-2.584931,0,1.133103,0.281024,0.146775
11.904909,-1.872839,5.0627,1.431138,0.727174,-0.685925,7.165556,-2.59665,0,1.167916,0.345959,0.158077
11.904909,-1.872839,5.0627,1.431138,0.727174,-0.685925,7.197051,-2.630376,0,1.297381,0.482649,0.187465
11.904909,-1.872839,5.0627,1.431138,0.727174,-0.685925,7.217204,-2.651111,0,1.381006,0.525307,0.200941
11.904909,-1.872839,5.0627,1.431138,0.727174,-0.685925,7.230475,-2.664592,0,1.41526,0.54523,0.206757
11.904909,-1.872839,5.0627,1.431138,0.727174,-0.685925,7.2437,-2.680694,0,1.286858,0.304119,0.164877
11.904909,-1.872839,5.0627,1.431138,0.727174,-0.685925,7.247037,-2.685874,0,1.207453,0.193884,0.143667
12.206382,-2.154165,4.829619,1.649145,0.898083,-0.721346,7.2559,-2.700072,0,0.998732,0.181157,0.091844
12.206382,-2.154165,4.829619,1.649145,0.898083,-0.721346,7.261883,-2.710251,0,0.887166,0.141394,0.081312
12.206382,-2.154165,4.829619,1.649145,0.898083,-0.721346,7.274983,-2.732847,0,0.835074,0.13357,0.076544
12.206382,-2.154165,4.829619,1.649145,0.898083,-0.721346,7.280347,-2.742742,0,0.678734,0.07296,0.061716
12.206382,-2.154165,4.829619,1.649145,0.898083,-0.721346,7.287162,-2.755448,0,0.670178,0.073205,0.060955
12.206382,-2.154165,4.829619,1.649145,0.898083,-0.721346,7.293126,-2.766884,0,0.63028,0.080494,0.057488
12.206382,-2.154165,4.829619,1.649145,0.898083,-0.721346,7.315179,-2.798673,0,0.626381,0.220429,0.059094
12.206382,-2.154165,4.829619,1.649145,0.898083,-0.721346,7.330753,-2.81213,0,0.678966,0.443447,0.066912
12.206382,-2.154165,4.829619,1.649145,0.898083,-0.721346,7.344026,-2.820356,0,0.732016,0.607867,0.073953
12.206382,-2.154165,4.829619,1.649145,0.898083,-0.721346,7.361693,-2.830303,0,0.816212,0.678418,0.082468
12.542756,-2.482313,4.613418,1.822458,0.590982,-0.835049,7.385532,-2.845704,0,0.848322,0.398115,-0.030417
12.542756,-2.482313,4.613418,1.822458,0.590982,-0.835049,7.399285,-2.859747,0,0.80741,0.163912,-0.015929
12.542756,-2.482313,4.613418,1.822458,0.590982,-0.835049,7.419003,-2.881551,0,0.9357,0.560268,-0.040887
12.542756,-2.482313,4.613418,1.822458,0.590982,-0.835049,7.451805,-2.898012,0,1.003161,0.795313,-0.055726
12.542756,-2.482313,4.613418,1.822458,0.590982,-0.835049,7.49612,-2.918771,0,1.015038,0.816586,-0.057
12.542756,-2.482313,4.613418,1.822458,0.590982,-0.835049,7.541099,-2.938474,0,1.012051,0.886162,-0.061191
12.542756,-2.482313,4.613418,1.822458,0.590982,-0.835049,7.557004,-2.944878,0,1.032986,0.917679,-0.063255
12.542756,-2.482313,4.613418,1.822458,0.590982,-0.835049,7.586194,-2.956305,0,1.04447,0.958152,-0.065792
12.542756,-2.482313,4.613418,1.822458,0.590982,-0.835049,7.589532,-2.957573,0,1.049485,0.96652,-0.066336
12.542756,-2.482313,4.613418,1.822458,0.590982,-0.835049,7.605026,-2.964507,0,1.046037,0.810172,-0.056842
12.542756,-2.482313,4.613418,1.822458,0.590982,-0.835049,7.613708,-2.968925,0,1.043575,0.764319,-0.054046
12.542756,-2.482313,4.613418,1.822458,0.590982,-0.835049,7.632148,-2.979808,0,1.01469,0.592998,-0.043456
12.856121,-2.821534,4.418482,1.695904,0.347816,-0.815792,7.641616,-2.986398,0,1.088679,0.367465,-0.06092
12.856121,-2.821534,4.418482,1.695904,0.347816,-0.815792,7.65883,-2.999855,0,1.013253,0.283412,-0.060173
12.856121,-2.821534,4.418482,1.695904,0.347816,-0.815792,7.679462,-3.015941,0,0.980166,0.285639,-0.057528
12.856121,-2.821534,4.418482,1.695904,0.347816,-0.815792,7.689404,-3.023644,0,0.960669,0.284625,-0.056107
12.856121,-2.821534,4.418482,1.695904,0.347816,-0.815792,7.707171,-3.037028,0,0.961746,0.366025,-0.051363
12.856121,-2.821534,4.418482,1.695904,0.347816,-0.815792,7.752265,-3.052702,0,0.956463,0.840923,-0.022808
12.856121,-2.821534,4.418482,1.695904,0.347816,-0.815792,7.777929,-3.057514,0,0.953094,0.924019,-0.017626
12.856121,-2.821534,4.418482,1.695904,0.347816,-0.815792,7.787707,-3.059206,0,0.948119,0.922201,-0.017356
12.856121,-2.821534,4.418482,1.695904,0.347816,-0.815792,7.823345,-3.064966,0,0.922138,0.926258,-0.015142
12.856121,-2.821534,4.418482,1.695904,0.347816,-0.815792,7.862208,-3.070674,0,0.911289,0.950017,-0.012909
12.856121,-2.821534,4.418482,1.695904,0.347816,-0.815792,7.885169,-3.073527,0,0.898269,0.976502,-0.01035
12.856121,-2.821534,4.418482,1.695904,0.347816,-0.815792,7.918297,-3.076519,0,0.866844,1.012753,-0.005813
13.165874,-3.100451,4.243777,1.53487,0.295314,-0.680133,7.96096,-3.079679,0,1.010572,0.745742,0.037101
13.165874,-3.100451,4.243777,1.53487,0.295314,-0.680133,7.984521,-3.083222,0,0.971886,0.601018,0.020542
13.165874,-3.100451,4.243777,1.53487,0.295314,-0.680133,7.992967,-3.084862,0,0.981238,0.597947,0.019586
13.165874,-3.100451,4.243777,1.53487,0.295314,-0.680133,8.021732,-3.092606,0,0.958611,0.437015,-3.9E-05
13.165874,-3.100451,4.243777,1.53487,0.295314,-0.680133,8.045592,-3.101812,0,0.950473,0.35867,-0.009764
13.165874,-3.100451,4.243777,1.53487,0.295314,-0.680133,8.064438,-3.109237,0,0.943179,0.371119,-0.007708
13.165874,-3.100451,4.243777,1.53487,0.295314,-0.680133,8.090653,-3.119018,0,0.947512,0.395458,-0.004795
13.165874,-3.100451,4.243777,1.53487,0.295314,-0.680133,8.115661,-3.127023,0,0.95668,0.577187,0.018341
13.165874,-3.100451,4.243777,1.53487,0.295314,-0.680133,8.132386,-3.12947,0,0.916662,0.67332,0.033246
13.165874,-3.100451,4.243777,1.53487,0.295314,-0.680133,8.149602,-3.130563,0,0.882332,0.750643,0.045362
13.165874,-3.100451,4.243777,1.53487,0.295314,-0.680133,8.175801,-3.130614,0,0.847762,0.789125,0.052432
13.504454,-3.302839,4.070505,1.561848,0.345885,-0.630175,8.201928,-3.130002,0,0.974415,0.635288,0.096471
13.504454,-3.302839,4.070505,1.561848,0.345885,-0.630175,8.216481,-3.129472,0,0.964517,0.637794,0.096882
13.504454,-3.302839,4.070505,1.561848,0.345885,-0.630175,8.225154,-3.129087,0,0.956991,0.640658,0.097343
13.504454,-3.302839,4.070505,1.561848,0.345885,-0.630175,8.245321,-3.127911,0,0.934886,0.65954,0.100322
13.504454,-3.302839,4.070505,1.561848,0.345885,-0.630175,8.26529,-3.126055,0,0.901231,0.69881,0.106492
13.504454,-3.302839,4.070505,1.561848,0.345885,-0.630175,8.28788,-3.122728,0,0.848255,0.747632,0.114186
13.504454,-3.302839,4.070505,1.561848,0.345885,-0.630175,8.296233,-3.120997,0,0.82001,0.779665,0.11922
13.504454,-3.302839,4.070505,1.561848,0.345885,-0.630175,8.315584,-3.115858,0,0.777538,0.835108,0.127919
13.504454,-3.302839,4.070505,1.561848,0.345885,-0.630175,8.361669,-3.101502,0,0.695611,0.830432,0.127373
13.504454,-3.302839,4.070505,1.561848,0.345885,-0.630175,8.371505,-3.097923,0,0.701021,0.838609,0.12863
13.504454,-3.302839,4.070505,1.561848,0.345885,-0.630175,8.38886,-3.092787,0,0.695068,0.737174,0.112898
13.504454,-3.302839,4.070505,1.561848,0.345885,-0.630175,8.423028,-3.084731,0,0.727823,0.664646,0.101569
13.504454,-3.302839,4.070505,1.561848,0.345885,-0.630175,8.435139,-3.082527,0,0.740017,0.637896,0.09739
13.883739,-3.426239,3.898763,1.454779,0.459261,-0.679228,8.461713,-3.079057,0,0.871303,0.425786,-0.014178
13.883739,-3.426239,3.898763,1.454779,0.459261,-0.679228,8.478618,-3.077904,0,0.888723,0.382352,-0.023439
13.883739,-3.426239,3.898763,1.454779,0.459261,-0.679228,8.497998,-3.077561,0,0.904886,0.346143,-0.031326
13.883739,-3.426239,3.898763,1.454779,0.459261,-0.679228,8.519355,-3.076388,0,0.826266,0.422847,-0.010149
13.883739,-3.426239,3.898763,1.454779,0.459261,-0.679228,8.550898,-3.065126,0,0.595285,0.664602,0.054903
13.883739,-3.426239,3.898763,1.454779,0.459261,-0.679228,8.556746,-3.061698,0,0.564853,0.70157,0.064358
13.883739,-3.426239,3.898763,1.454779,0.459261,-0.679228,8.566395,-3.055801,0,0.560214,0.710419,0.066355
13.883739,-3.426239,3.898763,1.454779,0.459261,-0.679228,8.585752,-3.043597,0,0.553201,0.72893,0.070261
13.883739,-3.426239,3.898763,1.454779,0.459261,-0.679228,8.599165,-3.034804,0,0.54036,0.734804,0.072569
13.883739,-3.426239,3.898763,1.454779,0.459261,-0.679228,8.610513,-3.027131,0,0.529472,0.73941,0.074462
13.883739,-3.426239,3.898763,1.454779,0.459261,-0.679228,8.625506,-3.016679,0,0.51886,0.749257,0.077233
13.883739,-3.426239,3.898763,1.454779,0.459261,-0.679228,8.63848,-3.007341,0,0.505787,0.753441,0.079273
13.883739,-3.426239,3.898763,1.454779,0.459261,-0.679228,8.660455,-2.991077,0,0.523641,0.743228,0.07571
14.251604,-3.438252,3.757751,1.232219,0.509903,-0.587358,8.688015,-2.97494,0,0.766639,0.491342,-0.016849
14.251604,-3.438252,3.757751,1.232219,0.509903,-0.587358,8.714111,-2.965198,0,0.861427,0.380895,-0.044805
14.251604,-3.438252,3.757751,1.232219,0.509903,-0.587358,8.736878,-2.958784,0,0.855643,0.38487,-0.043517
14.251604,-3.438252,3.757751,1.232219,0.509903,-0.587358,8.757425,-2.952573,0,0.867091,0.41154,-0.040847
14.251604,-3.438252,3.757751,1.232219,0.509903,-0.587358,8.765934,-2.949103,0,0.756712,0.488595,-0.016084
14.251604,-3.438252,3.757751,1.232219,0.509903,-0.587358,8.773759,-2.944872,0,0.692678,0.550002,0.000805
14.251604,-3.438252,3.757751,1.232219,0.509903,-0.587358,8.786113,-2.935723,0,0.580664,0.661287,0.030935
14.251604,-3.438252,3.757751,1.232219,0.509903,-0.587358,8.795904,-2.926897,0,0.574278,0.679383,0.034429
14.251604,-3.438252,3.757751,1.232219,0.509903,-0.587358,8.807523,-2.916363,0,0.578334,0.688956,0.035394
14.251604,-3.438252,3.757751,1.232219,0.509903,-0.587358,8.828493,-2.896697,0,0.553535,0.693411,0.039014
14.251604,-3.438252,3.757751,1.232219,0.509903,-0.587358,8.839795,-2.885852,0,0.558899,0.704269,0.040018
14.251604,-3.438252,3.757751,1.232219,0.509903,-0.587358,8.84935,-2.876518,0,0.539445,0.698867,0.041513
14.567533,-3.351185,3.641581,1.324628,0.489193,-0.274804,8.865598,-2.861217,0,0.784482,0.439408,0.09289
14.567533,-3.351185,3.641581,1.324628,0.489193,-0.274804,8.891666,-2.846291,0,0.869953,0.287472,0.074207
14.567533,-3.351185,3.641581,1.324628,0.489193,-0.274804,8.899918,-2.842066,0,0.858919,0.291751,0.074765
14.567533,-3.351185,3.641581,1.324628,0.489193,-0.274804,8.908112,-2.837813,0,0.864461,0.301484,0.076365
14.567533,-3.351185,3.641581,1.324628,0.489193,-0.274804,8.912239,-2.835636,0,0.87708,0.310537,0.078141
14.567533,-3.351185,3.641581,1.324628,0.489193,-0.274804,8.918417,-2.83235,0,0.866177,0.310048,0.07765
14.567533,-3.351185,3.641581,1.324628,0.489193,-0.274804,8.932813,-2.824539,0,0.858789,0.317543,0.07843
14.567533,-3.351185,3.641581,1.324628,0.489193,-0.274804,8.946465,-2.816057,0,0.821965,0.375573,0.08526
14.567533,-3.351185,3.641581,1.324628,0.489193,-0.274804,8.969626,-2.797714,0,0.760795,0.487214,0.098774
14.567533,-3.351185,3.641581,1.324628,0.489193,-0.274804,8.992573,-2.775386,0,0.723439,0.554416,0.106889
14.567533,-3.351185,3.641581,1.324628,0.489193,-0.274804,9.002094,-2.765419,0,0.717421,0.569168,0.108755
14.567533,-3.351185,3.641581,1.324628,0.489193,-0.274804,9.011346,-2.755229,0,0.694983,0.583846,0.109974
14.567533,-3.351185,3.641581,1.324628,0.489193,-0.274804,9.012858,-2.753516,0,0.693175,0.585925,0.1102
14.567533,-3.351185,3.641581,1.324628,0.489193,-0.274804,9.026554,-2.738249,0,0.733056,0.546355,0.106114
14.894073,-3.180249,3.538187,1.593714,0.483764,-0.154246,9.03505,-2.730385,0,0.844495,0.366718,0.112438
14.894073,-3.180249,3.538187,1.593714,0.483764,-0.154246,9.040456,-2.725941,0,0.869046,0.323832,0.111847
14.894073,-3.180249,3.538187,1.593714,0.483764,-0.154246,9.061372,-2.710667,0,0.885228,0.275014,0.110253
14.894073,-3.180249,3.538187,1.593714,0.483764,-0.154246,9.082187,-2.695196,0,0.840336,0.333127,0.109674
14.894073,-3.180249,3.538187,1.593714,0.483764,-0.154246,9.096824,-2.680944,0,0.769136,0.454841,0.11081
14.894073,-3.180249,3.538187,1.593714,0.483764,-0.154246,9.106821,-2.668631,0,0.754596,0.49616,0.112187
14.894073,-3.180249,3.538187,1.593714,0.483764,-0.154246,9.120903,-2.650679,0,0.750951,0.502526,0.112255
14.894073,-3.180249,3.538187,1.593714,0.483764,-0.154246,9.134911,-2.632572,0,0.755214,0.495809,0.112227
14.894073,-3.180249,3.538187,1.593714,0.483764,-0.154246,9.146521,-2.618799,0,0.770702,0.451518,0.11074
14.894073,-3.180249,3.538187,1.593714,0.483764,-0.154246,9.158837,-2.605735,0,0.799192,0.398721,0.110001
14.894073,-3.180249,3.538187,1.593714,0.483764,-0.154246,9.173743,-2.588274,0,0.750143,0.529289,0.114033
14.894073,-3.180249,3.538187,1.593714,0.483764,-0.154246,9.184806,-2.57324,0,0.744411,0.531719,0.113612
15.266673,-2.941004,3.459472,1.909724,0.364728,-0.042545,9.199997,-2.552459,0,0.824685,0.417124,0.080274
15.266673,-2.941004,3.459472,1.909724,0.364728,-0.042545,9.210897,-2.540574,0,0.862417,0.317399,0.081028
15.266673,-2.941004,3.459472,1.909724,0.364728,-0.042545,9.226698,-2.524181,0,0.829209,0.391176,0.080021
15.266673,-2.941004,3.459472,1.909724,0.364728,-0.042545,9.236308,-2.511097,0,0.81999,0.4419,0.080484
15.266673,-2.941004,3.459472,1.909724,0.364728,-0.042545,9.250437,-2.493432,0,0.790041,0.397368,0.076847
15.266673,-2.941004,3.459472,1.909724,0.364728,-0.042545,9.261493,-2.479067,0,0.804058,0.457027,0.079503
15.266673,-2.941004,3.459472,1.909724,0.364728,-0.042545,9.27227,-2.464119,0,0.790115,0.438632,0.077867
15.266673,-2.941004,3.459472,1.909724,0.364728,-0.042545,9.277667,-2.456601,0,0.80693,0.46366,0.07991
15.266673,-2.941004,3.459472,1.909724,0.364728,-0.042545,9.281796,-2.450928,0,0.801011,0.445603,0.078963
15.266673,-2.941004,3.459472,1.909724,0.364728,-0.042545,9.293001,-2.43694,0,0.827358,0.406493,0.08024
15.266673,-2.941004,3.459472,1.909724,0.364728,-0.042545,9.314116,-2.409966,0,0.793137,0.336303,0.07561
15.266673,-2.941004,3.459472,1.909724,0.364728,-0.042545,9.322922,-2.399811,0,0.837346,0.361617,0.079985
15.674664,-2.669217,3.381591,1.955899,0.235816,-0.482978,9.346083,-2.373226,0,0.828223,0.286822,-0.034228
15.674664,-2.669217,3.381591,1.955899,0.235816,-0.482978,9.371488,-2.344665,0,0.780985,0.265,-0.032447
15.674664,-2.669217,3.381591,1.955899,0.235816,-0.482978,9.380987,-2.33397,0,0.768435,0.263115,-0.031851
15.674664,-2.669217,3.381591,1.955899,0.235816,-0.482978,9.393015,-2.320314,0,0.761914,0.26533,-0.031441
15.674664,-2.669217,3.381591,1.955899,0.235816,-0.482978,9.40098,-2.311177,0,0.762675,0.269967,-0.031336
15.674664,-2.669217,3.381591,1.955899,0.235816,-0.482978,9.411588,-2.298823,0,0.769618,0.278785,-0.031422
15.674664,-2.669217,3.381591,1.955899,0.235816,-0.482978,9.422142,-2.285983,0,0.780141,0.313927,-0.030872
15.674664,-2.669217,3.381591,1.955899,0.235816,-0.482978,9.431163,-2.27403,0,0.783119,0.361046,-0.029553
15.674664,-2.669217,3.381591,1.955899,0.235816,-0.482978,9.439542,-2.261312,0,0.767011,0.423012,-0.026774
15.674664,-2.669217,3.381591,1.955899,0.235816,-0.482978,9.445081,-2.251786,0,0.759115,0.448468,-0.025566
15.674664,-2.669217,3.381591,1.955899,0.235816,-0.482978,9.450454,-2.242335,0,0.750771,0.448736,-0.025122
15.674664,-2.669217,3.381591,1.955899,0.235816,-0.482978,9.455614,-2.233093,0,0.71892,0.438275,-0.023788
15.674664,-2.669217,3.381591,1.955899,0.235816,-0.482978,9.459638,-2.225827,0,0.7231,0.442497,-0.023874
16.051998,-2.39062,3.25695,1.703761,0.30433,-0.76092,9.459638,-2.225827,0,0.7231,0.442497,-0.023874
16.051998,-2.39062,3.25695,1.703761,0.30433,-0.76092,9.466942,-2.212675,0,0.746448,0.415801,-0.054617
16.051998,-2.39062,3.25695,1.703761,0.30433,-0.76092,9.470983,-2.205183,0,0.739863,0.416159,-0.053792
16.051998,-2.39062,3.25695,1.703761,0.30433,-0.76092,9.477027,-2.193853,0,0.738874,0.422207,-0.053157
16.051998,-2.39062,3.25695,1.703761,0.30433,-0.76092,9.483926,-2.180673,0,0.733301,0.426461,-0.052121
16.051998,-2.39062,3.25695,1.703761,0.30433,-0.76092,9.487822,-2.17312,0,0.731985,0.429687,-0.051688
16.051998,-2.39062,3.25695,1.703761,0.30433,-0.76092,9.491696,-2.165539,0,0.731221,0.433125,-0.051302
16.051998,-2.39062,3.25695,1.703761,0.30433,-0.76092,9.496525,-2.155994,0,0.735666,0.439548,-0.051291
16.051998,-2.39062,3.25695,1.703761,0.30433,-0.76092,9.505256,-2.138581,0,0.741018,0.446919,-0.051308
16.051998,-2.39062,3.25695,1.703761,0.30433,-0.76092,9.520803,-2.108049,0,0.730741,0.449905,-0.049813
16.051998,-2.39062,3.25695,1.703761,0.30433,-0.76092,9.529439,-2.090926,0,0.715842,0.440027,-0.048857
16.051998,-2.39062,3.25695,1.703761,0.30433,-0.76092,9.533138,-2.083227,0,0.724087,0.453597,-0.048695
16.051998,-2.39062,3.25695,1.703761,0.30433,-0.76092,9.542725,-2.064186,0,0.731064,0.459249,-0.049055
16.051998,-2.39062,3.25695,1.703761,0.30433,-0.76092,9.545815,-2.058482,0,0.730909,0.4251,-0.051949
16.051998,-2.39062,3.25695,1.703761,0.30433,-0.76092,9.550676,-2.048955,0,0.730311,0.455657,-0.04927
16.051998,-2.39062,3.25695,1.703761,0.30433,-0.76092,9.555434,-2.039344,0,0.738497,0.421986,-0.05313
16.348957,-2.105994,3.089086,1.331391,0.460096,-0.941417,9.573067,-2.004775,0,0.767686,0.38781,-0.085336
16.348957,-2.105994,3.089086,1.331391,0.460096,-0.941417,9.577982,-1.995391,0,0.748744,0.384455,-0.082617
16.348957,-2.105994,3.089086,1.331391,0.460096,-0.941417,9.588943,-1.974977,0,0.751135,0.358087,-0.085606
16.348957,-2.105994,3.089086,1.331391,0.460096,-0.941417,9.597019,-1.960323,0,0.752627,0.356831,-0.08597
16.348957,-2.105994,3.089086,1.331391,0.460096,-0.941417,9.616973,-1.926911,0,0.744407,0.319206,-0.088363
16.348957,-2.105994,3.089086,1.331391,0.460096,-0.941417,9.621184,-1.919902,0,0.750673,0.324006,-0.088898
16.348957,-2.105994,3.089086,1.331391,0.460096,-0.941417,9.635939,-1.895214,0,0.749205,0.334087,-0.087666
16.348957,-2.105994,3.089086,1.331391,0.460096,-0.941417,9.650424,-1.870602,0,0.731717,0.321469,-0.086095
16.542717,-1.825843,2.880796,0.971266,0.574496,-1.017192,9.656628,-1.860008,0,0.753548,0.286328,-0.092576
16.542717,-1.825843,2.880796,0.971266,0.574496,-1.017192,9.656628,-1.860008,0,0.753548,0.286328,-0.092576
16.542717,-1.825843,2.880796,0.971266,0.574496,-1.017192,9.692199,-1.785972,0,0.737671,0.398429,-0.083497
16.542717,-1.825843,2.880796,0.971266,0.574496,-1.017192,9.694595,-1.780056,0,0.743323,0.416951,-0.083203
16.542717,-1.825843,2.880796,0.971266,0.574496,-1.017192,9.69783,-1.772078,0,0.748103,0.421134,-0.083647
16.542717,-1.825843,2.880796,0.971266,0.574496,-1.017192,9.701087,-1.764088,0,0.752951,0.424897,-0.084127
16.542717,-1.825843,2.880796,0.971266,0.574496,-1.017192,9.703516,-1.758013,0,0.757648,0.428084,-0.084619
16.542717,-1.825843,2.880796,0.971266,0.574496,-1.017192,9.710041,-1.741598,0,0.770815,0.437399,-0.085977
16.542717,-1.825843,2.880796,0.971266,0.574496,-1.017192,9.714982,-1.729109,0,0.775204,0.439602,-0.086484
16.542717,-1.825843,2.880796,0.971266,0.574496,-1.017192,9.715803,-1.727017,0,0.776398,0.444823,-0.086343
16.542717,-1.825843,2.880796,0.971266,0.574496,-1.017192,9.722465,-1.710316,0,0.779612,0.440954,-0.087045
16.542717,-1.825843,2.880796,0.971266,0.574496,-1.017192,9.725857,-1.701988,0,0.782249,0.43492,-0.087793
16.542717,-1.825843,2.880796,0.971266,0.574496,-1.017192,9.727577,-1.697835,0,0.784031,0.431807,-0.088241
16.542717,-1.825843,2.880796,0.971266,0.574496,-1.017192,9.729317,-1.693688,0,0.786207,0.428144,-0.088779
16.542717,-1.825843,2.880796,0.971266,0.574496,-1.017192,9.735601,-1.679239,0,0.798194,0.408639,-0.091704
16.542717,-1.825843,2.880796,0.971266,0.574496,-1.017192,9.742232,-1.664881,0,0.809169,0.395034,-0.094125
16.542717,-1.825843,2.880796,0.971266,0.574496,-1.017192,9.745104,-1.658735,0,0.801649,0.411266,-0.092049
16.65379,-1.578714,2.64311,0.672289,0.379022,-1.11584,9.760499,-1.623758,0,0.802418,0.380415,-0.120461
16.65379,-1.578714,2.64311,0.672289,0.379022,-1.11584,9.772689,-1.591373,0,0.741746,0.392191,-0.11385
16.65379,-1.578714,2.64311,0.672289,0.379022,-1.11584,9.779001,-1.574002,0,0.715718,0.389537,-0.110539
16.65379,-1.578714,2.64311,0.672289,0.379022,-1.11584,9.783783,-1.56038,0,0.715017,0.392784,-0.110654
16.65379,-1.578714,2.64311,0.672289,0.379022,-1.11584,9.801227,-1.511509,0,0.681506,0.370089,-0.105204
16.65379,-1.578714,2.64311,0.672289,0.379022,-1.11584,9.809272,-1.487591,0,0.661485,0.382004,-0.103517
16.740454,-1.395134,2.378768,0.737949,0.164237,-1.065172,9.814071,-1.4729,0,0.665997,0.381958,-0.10406
16.740454,-1.395134,2.378768,0.737949,0.164237,-1.065172,9.826297,-1.43714,0,0.668978,0.327484,-0.003983
16.740454,-1.395134,2.378768,0.737949,0.164237,-1.065172,9.834192,-1.416842,0,0.658424,0.286901,-0.001558
16.740454,-1.395134,2.378768,0.737949,0.164237,-1.065172,9.841005,-1.398293,0,0.642547,0.320004,-0.00419
16.740454,-1.395134,2.378768,0.737949,0.164237,-1.065172,9.846262,-1.381238,0,0.623273,0.346225,-0.006453
16.740454,-1.395134,2.378768,0.737949,0.164237,-1.065172,9.852618,-1.359081,0,0.620944,0.349699,-0.006747
16.740454,-1.395134,2.378768,0.737949,0.164237,-1.065172,9.85844,-1.338277,0,0.631912,0.36443,-0.007437
16.740454,-1.395134,2.378768,0.737949,0.164237,-1.065172,9.863791,-1.318766,0,0.642352,0.37386,-0.007787
16.740454,-1.395134,2.378768,0.737949,0.164237,-1.065172,9.871007,-1.291754,0,0.650798,0.37716,-0.007782
16.859087,-1.230231,2.102307,0.908634,0.130529,-1.064015,9.877443,-1.268132,0,0.66793,0.33008,0.04003
16.859087,-1.230231,2.102307,0.908634,0.130529,-1.064015,9.880574,-1.257215,0,0.685391,0.385842,0.041724
16.859087,-1.230231,2.102307,0.908634,0.130529,-1.064015,9.884295,-1.244477,0,0.682034,0.342201,0.040946
16.859087,-1.230231,2.102307,0.908634,0.130529,-1.064015,9.890986,-1.222797,0,0.682586,0.290477,0.040265
16.859087,-1.230231,2.102307,0.908634,0.130529,-1.064015,9.893891,-1.213556,0,0.695743,0.384159,0.042251
16.859087,-1.230231,2.102307,0.908634,0.130529,-1.064015,9.897275,-1.202346,0,0.688146,0.312151,0.040858
16.859087,-1.230231,2.102307,0.908634,0.130529,-1.064015,9.90036,-1.193684,0,0.663968,0.280878,0.039144
16.859087,-1.230231,2.102307,0.908634,0.130529,-1.064015,9.904172,-1.180256,0,0.705681,0.402615,0.043033
16.859087,-1.230231,2.102307,0.908634,0.130529,-1.064015,9.906556,-1.172405,0,0.728896,0.323391,0.043178
16.859087,-1.230231,2.102307,0.908634,0.130529,-1.064015,9.914061,-1.150742,0,0.730638,0.354946,0.043704
16.859087,-1.230231,2.102307,0.908634,0.130529,-1.064015,9.922151,-1.120838,0,0.707899,0.319864,0.042014
16.997803,-1.042686,1.820474,1.086787,0.144848,-1.021863,9.930144,-1.098094,0,0.670704,0.297444,0.039729
16.997803,-1.042686,1.820474,1.086787,0.144848,-1.021863,9.933253,-1.089187,0,0.736496,0.300531,0.063654
16.997803,-1.042686,1.820474,1.086787,0.144848,-1.021863,9.937099,-1.077648,0,0.734153,0.304913,0.063628
16.997803,-1.042686,1.820474,1.086787,0.144848,-1.021863,9.941467,-1.064859,0,0.687134,0.275176,0.059215
16.997803,-1.042686,1.820474,1.086787,0.144848,-1.021863,9.952162,-1.032881,0,0.741294,0.315489,0.064499
16.997803,-1.042686,1.820474,1.086787,0.144848,-1.021863,9.955991,-1.021328,0,0.747908,0.314082,0.064521
16.997803,-1.042686,1.820474,1.086787,0.144848,-1.021863,9.960392,-1.007693,0,0.752295,0.330674,0.065805
16.997803,-1.042686,1.820474,1.086787,0.144848,-1.021863,9.966497,-0.985428,0,0.756478,0.3932,0.068183
16.997803,-1.042686,1.820474,1.086787,0.144848,-1.021863,9.971728,-0.958007,0,0.743049,0.44889,0.06905
16.997803,-1.042686,1.820474,1.086787,0.144848,-1.021863,9.973523,-0.947584,0,0.703606,0.432559,0.065633
16.997803,-1.042686,1.820474,1.086787,0.144848,-1.021863,9.976393,-0.930959,0,0.718584,0.447882,0.067233
16.997803,-1.042686,1.820474,1.086787,0.144848,-1.021863,9.978101,-0.920486,0,0.728466,0.448357,0.067969
16.997803,-1.042686,1.820474,1.086787,0.144848,-1.021863,9.981727,-0.897249,0,0.715413,0.457836,0.067332
17.139633,-0.819325,1.539263,1.079084,0.292343,-1.067425,9.984774,-0.878,0,0.743769,0.441609,0.022014
17.139633,-0.819325,1.539263,1.079084,0.292343,-1.067425,9.986027,-0.869409,0,0.747123,0.446752,0.022374
17.139633,-0.819325,1.539263,1.079084,0.292343,-1.067425,9.986933,-0.862956,0,0.7517,0.449333,0.022498
17.139633,-0.819325,1.539263,1.079084,0.292343,-1.067425,9.989433,-0.845683,0,0.743198,0.450044,0.022722
17.139633,-0.819325,1.539263,1.079084,0.292343,-1.067425,9.991524,-0.830715,0,0.745518,0.422566,0.020407
17.139633,-0.819325,1.539263,1.079084,0.292343,-1.067425,9.996944,-0.793107,0,0.71045,0.431905,0.02186
17.139633,-0.819325,1.539263,1.079084,0.292343,-1.067425,9.998937,-0.778279,0,0.729632,0.449611,0.02295
17.139633,-0.819325,1.539263,1.079084,0.292343,-1.067425,10.005313,-0.738037,0,0.737614,0.45549,0.02328
17.139633,-0.819325,1.539263,1.079084,0.292343,-1.067425,10.007496,-0.725363,0,0.755798,0.38097,0.016771
17.139633,-0.819325,1.539263,1.079084,0.292343,-1.067425,10.010529,-0.705987,0,0.750369,0.465162,0.023831
17.139633,-0.819325,1.539263,1.079084,0.292343,-1.067425,10.011737,-0.697419,0,0.761286,0.402822,0.018469
17.235802,-0.584455,1.268656,0.826519,0.364839,-1.115924,10.014998,-0.682844,0,0.777355,0.339868,-0.064532
17.235802,-0.584455,1.268656,0.826519,0.364839,-1.115924,10.019759,-0.655173,0,0.761614,0.368577,-0.061657
17.235802,-0.584455,1.268656,0.826519,0.364839,-1.115924,10.025833,-0.623732,0,0.782738,0.352464,-0.064528
17.235802,-0.584455,1.268656,0.826519,0.364839,-1.115924,10.028487,-0.609269,0,0.745778,0.348596,-0.060918
17.235802,-0.584455,1.268656,0.826519,0.364839,-1.115924,10.029733,-0.603118,0,0.763768,0.346631,-0.062844
17.235802,-0.584455,1.268656,0.826519,0.364839,-1.115924,10.03562,-0.574066,0,0.774519,0.350696,-0.063765
17.235802,-0.584455,1.268656,0.826519,0.364839,-1.115924,10.038118,-0.561434,0,0.772176,0.362012,-0.063027
17.235802,-0.584455,1.268656,0.826519,0.364839,-1.115924,10.040887,-0.546871,0,0.773074,0.355421,-0.063409
17.235802,-0.584455,1.268656,0.826519,0.364839,-1.115924,10.046104,-0.519395,0,0.779462,0.361088,-0.063813
17.235802,-0.584455,1.268656,0.826519,0.364839,-1.115924,10.048408,-0.506733,0,0.774823,0.368984,-0.06299
17.235802,-0.584455,1.268656,0.826519,0.364839,-1.115924,10.0522,-0.485521,0,0.780747,0.374157,-0.063368
17.273237,-0.381445,1.003567,0.630077,0.357013,-1.061292,10.053288,-0.479089,0,0.772214,0.380402,-0.06222
17.273237,-0.381445,1.003567,0.630077,0.357013,-1.061292,10.055749,-0.463976,0,0.796379,0.353259,-0.049159
17.273237,-0.381445,1.003567,0.630077,0.357013,-1.061292,10.057897,-0.448707,0,0.7988,0.375429,-0.04904
17.273237,-0.381445,1.003567,0.630077,0.357013,-1.061292,10.059442,-0.433217,0,0.788662,0.394709,-0.048112
17.273237,-0.381445,1.003567,0.630077,0.357013,-1.061292,10.060671,-0.417533,0,0.786605,0.441068,-0.047384
17.273237,-0.381445,1.003567,0.630077,0.357013,-1.061292,10.06157,-0.406305,0,0.789682,0.446657,-0.04752
17.273237,-0.381445,1.003567,0.630077,0.357013,-1.061292,10.062643,-0.390482,0,0.79085,0.451259,-0.04754
17.273237,-0.381445,1.003567,0.630077,0.357013,-1.061292,10.063801,-0.372284,0,0.806391,0.461793,-0.048453
17.273237,-0.381445,1.003567,0.630077,0.357013,-1.061292,10.064965,-0.351897,0,0.779199,0.452663,-0.046737
17.273237,-0.381445,1.003567,0.630077,0.357013,-1.061292,10.065512,-0.340713,0,0.768556,0.451908,-0.04603
17.273237,-0.381445,1.003567,0.630077,0.357013,-1.061292,10.066286,-0.322914,0,0.756094,0.452525,-0.045182
17.273237,-0.381445,1.003567,0.630077,0.357013,-1.061292,10.066996,-0.305139,0,0.757331,0.458576,-0.045189
17.273237,-0.381445,1.003567,0.630077,0.357013,-1.061292,10.067231,-0.298455,0,0.760641,0.463222,-0.045353
17.273237,-0.381445,1.003567,0.630077,0.357013,-1.061292,10.067437,-0.291682,0,0.772314,0.47322,-0.046012
17.273237,-0.381445,1.003567,0.630077,0.357013,-1.061292,10.067782,-0.282686,0,0.79731,0.451648,-0.04797
17.273237,-0.381445,1.003567,0.630077,0.357013,-1.061292,10.068079,-0.273396,0,0.798578,0.49145,-0.047549
17.273237,-0.381445,1.003567,0.630077,0.357013,-1.061292,10.068435,-0.259452,0,0.80548,0.497235,-0.047941
17.273237,-0.381445,1.003567,0.630077,0.357013,-1.061292,10.068492,-0.257078,0,0.806304,0.499933,-0.047962
17.278662,-0.208586,0.741434,0.582587,0.326879,-1.030563,10.068597,-0.252315,0,0.833829,0.463128,-0.018178
17.278662,-0.208586,0.741434,0.582587,0.326879,-1.030563,10.068705,-0.247595,0,0.828063,0.455917,-0.018053
17.278662,-0.208586,0.741434,0.582587,0.326879,-1.030563,10.069159,-0.225931,0,0.84111,0.471315,-0.018336
17.278662,-0.208586,0.741434,0.582587,0.326879,-1.030563,10.070046,-0.189523,0,0.852374,0.479093,-0.018581
17.278662,-0.208586,0.741434,0.582587,0.326879,-1.030563,10.071394,-0.16174,0,0.693726,0.393444,-0.015122
17.278662,-0.208586,0.741434,0.582587,0.326879,-1.030563,10.071534,-0.157461,0,0.775827,0.406224,-0.016917
17.278662,-0.208586,0.741434,0.582587,0.326879,-1.030563,10.071599,-0.142073,0,0.772224,0.440704,-0.016833
17.278662,-0.208586,0.741434,0.582587,0.326879,-1.030563,10.071729,-0.133165,0,0.776129,0.444272,-0.016918
17.278662,-0.208586,0.741434,0.582587,0.326879,-1.030563,10.071981,-0.108187,0,0.799774,0.450258,-0.017434
17.278662,-0.208586,0.741434,0.582587,0.326879,-1.030563,10.072117,-0.096778,0,0.794087,0.4526,-0.01731
17.278662,-0.208586,0.741434,0.582587,0.326879,-1.030563,10.0726,-0.076219,0,0.808124,0.445472,-0.017618
17.278662,-0.208586,0.741434,0.582587,0.326879,-1.030563,10.073033,-0.064782,0,0.809119,0.440539,-0.017641
17.278662,-0.208586,0.741434,0.582587,0.326879,-1.030563,10.073152,-0.060222,0,0.799966,0.43641,-0.017441
17.278662,-0.208586,0.741434,0.582587,0.326879,-1.030563,10.073659,-0.046414,0,0.829055,0.459488,-0.018074
17.263098,-0.002058,0.565222,0.823167,0.629769,-0.442383,10.073985,-0.01745,0,0.86197,0.424558,0.013585
17.263098,-0.002058,0.565222,0.823167,0.629769,-0.442383,10.07469,0.003858,0,0.837622,0.410465,0.012841
17.263098,-0.002058,0.565222,0.823167,0.629769,-0.442383,10.075002,0.01556,0,0.834957,0.403566,0.01184
17.263098,-0.002058,0.565222,0.823167,0.629769,-0.442383,10.07519,0.02255,0,0.841517,0.412535,0.012928
17.263098,-0.002058,0.565222,0.823167,0.629769,-0.442383,10.075471,0.031904,0,0.852956,0.386012,0.007587
