0.039161,0.037029,9.988997,-0.012348,-0.021542,0.001211,-0.011303,0.001396,0,0.215004,-0.002352,0.005227
0.039161,0.037029,9.988997,-0.012348,-0.021542,0.001211,-0.000348,0.001318,0,0.323385,-0.00356,0.007862
0.039161,0.037029,9.988997,-0.012348,-0.021542,0.001211,-0.000348,0.001318,0,0.323385,-0.00356,0.007862
0.039161,0.037029,9.988997,-0.012348,-0.021542,0.001211,-0.000348,0.001318,0,0.323385,-0.00356,0.007862
0.039161,0.037029,9.988997,-0.012348,-0.021542,0.001211,-0.000348,0.001318,0,0.323385,-0.00356,0.007862
0.039161,0.037029,9.988997,-0.012348,-0.021542,0.001211,0.01287,0.001224,0,0.422658,-0.004645,0.010275
0.039161,0.037029,9.988997,-0.012348,-0.021542,0.001211,0.016167,0.0012,0,0.44964,-0.004907,0.010931
0.039161,0.037029,9.988997,-0.012348,-0.021542,0.001211,0.021999,0.001158,0,0.479741,-0.005261,0.011663
0.039161,0.037029,9.988997,-0.012348,-0.021542,0.001211,0.030909,0.001092,0,0.524379,-0.006209,0.012755
0.039161,0.037029,9.988997,-0.012348,-0.021542,0.001211,0.035032,0.001064,0,0.553989,-0.005837,0.013464
0.039161,0.037029,9.988997,-0.012348,-0.021542,0.001211,0.040803,0.001028,0,0.588113,-0.005587,0.014284
0.039161,0.037029,9.988997,-0.012348,-0.021542,0.001211,0.046846,0.000988,0,0.624794,-0.006025,0.015177
0.039161,0.037029,9.988997,-0.012348,-0.021542,0.001211,0.046846,0.000988,0,0.624794,-0.006025,0.015177
0.039161,0.037029,9.988997,-0.012348,-0.021542,0.001211,0.049996,0.00097,0,0.62979,-0.005856,0.015295
0.039161,0.037029,9.988997,-0.012348,-0.021542,0.001211,0.058229,0.000919,0,0.676342,-0.006371,0.016427
0.039161,0.037029,9.988997,-0.012348,-0.021542,0.001211,0.068667,0.000858,0,0.708479,-0.007011,0.017212
0.039161,0.037029,9.988997,-0.012348,-0.021542,0.001211,0.075918,0.000814,0,0.730659,-0.007365,0.017753
0.039161,0.037029,9.988997,-0.012348,-0.021542,0.001211,0.075918,0.000814,0,0.730659,-0.007365,0.017753
0.039161,0.037029,9.988997,-0.012348,-0.021542,0.001211,0.07964,0.000789,0,0.763664,-0.00806,0.018561
0.039161,0.037029,9.988997,-0.012348,-0.021542,0.001211,0.089353,0.000734,0,0.785723,-0.007453,0.019084
0.039161,0.037029,9.988997,-0.012348,-0.021542,0.001211,0.099473,0.00067,0,0.822008,-0.004584,0.019917
0.062987,0.034155,9.989674,0.186097,-0.042124,0.015443,0.112106,0.000587,0,0.85948,-0.008417,0.020879
0.062987,0.034155,9.989674,0.186097,-0.042124,0.015443,0.123024,0.000524,0,0.872642,-0.008901,0.107041
0.062987,0.034155,9.989674,0.186097,-0.042124,0.015443,0.123024,0.000524,0,0.872642,-0.008901,0.107041
0.062987,0.034155,9.989674,0.186097,-0.042124,0.015443,0.125227,0.000507,0,0.872642,-0.008901,0.107041
0.062987,0.034155,9.989674,0.186097,-0.042124,0.015443,0.136631,0.000444,0,0.914886,-0.007699,0.112214
0.062987,0.034155,9.989674,0.186097,-0.042124,0.015443,0.155635,0.00032,0,0.966024,-0.008651,0.118489
0.062987,0.034155,9.989674,0.186097,-0.042124,0.015443,0.167929,0.000247,0,0.986598,-0.008946,0.121013
0.062987,0.034155,9.989674,0.186097,-0.042124,0.015443,0.193563,9.2E-05,0,1.04293,-0.007858,0.127915
0.062987,0.034155,9.989674,0.186097,-0.042124,0.015443,0.206949,1.3E-05,0,1.071916,-0.010839,0.131484
0.062987,0.034155,9.989674,0.186097,-0.042124,0.015443,0.223576,-9.8E-05,0,1.119888,-0.010209,0.137363
0.062987,0.034155,9.989674,0.186097,-0.042124,0.015443,0.223576,-9.8E-05,0,1.119888,-0.010209,0.137363
0.062987,0.034155,9.989674,0.186097,-0.042124,0.015443,0.223576,-9.8E-05,0,1.119888,-0.010209,0.137363
0.062987,0.034155,9.989674,0.186097,-0.042124,0.015443,0.223576,-9.8E-05,0,1.119888,-0.010209,0.137363
0.062987,0.034155,9.989674,0.186097,-0.042124,0.015443,0.226414,-0.000116,0,1.126755,-0.010657,0.138207
0.062987,0.034155,9.989674,0.186097,-0.042124,0.015443,0.235007,-0.000172,0,1.142675,-0.010874,0.14016
0.062987,0.034155,9.989674,0.186097,-0.042124,0.015443,0.258449,-0.000323,0,1.174424,-0.011026,0.144054
0.062987,0.034155,9.989674,0.186097,-0.042124,0.015443,0.279181,-0.000458,0,1.178235,-0.011689,0.144524
0.062987,0.034155,9.989674,0.186097,-0.042124,0.015443,0.306114,-0.000633,0,1.19949,-0.011494,0.147129
0.062987,0.034155,9.989674,0.186097,-0.042124,0.015443,0.340103,-0.000856,0,1.253512,-0.011871,0.153755
0.062987,0.034155,9.989674,0.186097,-0.042124,0.015443,0.34326,-0.000876,0,1.253665,-0.011794,0.153773
0.062987,0.034155,9.989674,0.186097,-0.042124,0.015443,0.352888,-0.00094,0,1.279495,-0.012647,0.156945
0.1583,0.029598,9.979701,0.54874,-0.035048,0.027654,0.389727,-0.001183,0,1.369494,-0.012435,0.167978
0.1583,0.029598,9.979701,0.54874,-0.035048,0.027654,0.42212,-0.001392,0,1.469342,-0.015743,0.248092
0.1583,0.029598,9.979701,0.54874,-0.035048,0.027654,0.452481,-0.001588,0,1.513781,-0.01648,0.255595
0.1583,0.029598,9.979701,0.54874,-0.035048,0.027654,0.47992,-0.001767,0,1.557381,-0.016925,0.262956
0.1583,0.029598,9.979701,0.54874,-0.035048,0.027654,0.48785,-0.001817,0,1.563853,-0.01724,0.264048
0.1583,0.029598,9.979701,0.54874,-0.035048,0.027654,0.507727,-0.001951,0,1.569991,-0.017787,0.265083
0.1583,0.029598,9.979701,0.54874,-0.035048,0.027654,0.515674,-0.002004,0,1.567288,-0.018057,0.264625
0.1583,0.029598,9.979701,0.54874,-0.035048,0.027654,0.539496,-0.002154,0,1.564132,-0.016503,0.264098
0.1583,0.029598,9.979701,0.54874,-0.035048,0.027654,0.575053,-0.00238,0,1.553161,-0.016713,0.262244
0.1583,0.029598,9.979701,0.54874,-0.035048,0.027654,0.582916,-0.002431,0,1.548938,-0.016593,0.261532
0.1583,0.029598,9.979701,0.54874,-0.035048,0.027654,0.586842,-0.002459,0,1.548244,-0.018016,0.261409
0.1583,0.029598,9.979701,0.54874,-0.035048,0.027654,0.594697,-0.002513,0,1.548845,-0.01754,0.261512
0.1583,0.029598,9.979701,0.54874,-0.035048,0.027654,0.602539,-0.002561,0,1.544191,-0.015965,0.260733
0.1583,0.029598,9.979701,0.54874,-0.035048,0.027654,0.625947,-0.002712,0,1.535175,-0.01673,0.259207
0.1583,0.029598,9.979701,0.54874,-0.035048,0.027654,0.633728,-0.002759,0,1.534097,-0.015713,0.259029
0.1583,0.029598,9.979701,0.54874,-0.035048,0.027654,0.641528,-0.002806,0,1.535508,-0.016327,0.259265
0.1583,0.029598,9.979701,0.54874,-0.035048,0.027654,0.645415,-0.00283,0,1.532793,-0.01609,0.258807
0.1583,0.029598,9.979701,0.54874,-0.035048,0.027654,0.645415,-0.00283,0,1.532793,-0.01609,0.258807
0.1583,0.029598,9.979701,0.54874,-0.035048,0.027654,0.645415,-0.00283,0,1.532793,-0.01609,0.258807
0.1583,0.029598,9.979701,0.54874,-0.035048,0.027654,0.649292,-0.002855,0,1.529133,-0.016766,0.258186
0.1583,0.029598,9.979701,0.54874,-0.035048,0.027654,0.65705,-0.002905,0,1.529438,-0.016948,0.258237
0.1583,0.029598,9.979701,0.54874,-0.035048,0.027654,0.664814,-0.002956,0,1.530888,-0.016781,0.258483
0.1583,0.029598,9.979701,0.54874,-0.035048,0.027654,0.684245,-0.003075,0,1.531858,-0.016333,0.258648
0.1583,0.029598,9.979701,0.54874,-0.035048,0.027654,0.688119,-0.003097,0,1.531858,-0.016333,0.258648
0.1583,0.029598,9.979701,0.54874,-0.035048,0.027654,0.703582,-0.003196,0,1.524004,-0.016963,0.257319
0.1583,0.029598,9.979701,0.54874,-0.035048,0.027654,0.730644,-0.003359,0,1.528599,-0.017488,0.258093
0.34776,0.029157,9.95274,0.976588,-0.021852,0.034825,0.784566,-0.003674,0,1.515393,-0.015524,0.279347
0.34776,0.029157,9.95274,0.976588,-0.021852,0.034825,0.796144,-0.003746,0,1.520924,-0.015745,0.280366
0.34776,0.029157,9.95274,0.976588,-0.021852,0.034825,0.8,-0.003769,0,1.521347,-0.016053,0.280444
0.34776,0.029157,9.95274,0.976588,-0.021852,0.034825,0.842032,-0.00402,0,1.484892,-0.015932,0.273723
0.34776,0.029157,9.95274,0.976588,-0.021852,0.034825,0.872258,-0.004197,0,1.483633,-0.015077,0.273493
0.34776,0.029157,9.95274,0.976588,-0.021852,0.034825,0.9061,-0.004399,0,1.474324,-0.014866,0.271777
0.34776,0.029157,9.95274,0.976588,-0.021852,0.034825,0.921083,-0.004488,0,1.474379,-0.014065,0.271789
0.34776,0.029157,9.95274,0.976588,-0.021852,0.034825,0.936038,-0.004575,0,1.470466,-0.015051,0.271065
0.34776,0.029157,9.95274,0.976588,-0.021852,0.034825,0.95098,-0.004661,0,1.469285,-0.014521,0.270849
0.34776,0.029157,9.95274,0.976588,-0.021852,0.034825,0.95098,-0.004661,0,1.469285,-0.014521,0.270849
0.34776,0.029157,9.95274,0.976588,-0.021852,0.034825,0.95098,-0.004661,0,1.469285,-0.014521,0.270849
0.34776,0.029157,9.95274,0.976588,-0.021852,0.034825,0.95098,-0.004661,0,1.469285,-0.014521,0.270849
0.34776,0.029157,9.95274,0.976588,-0.021852,0.034825,0.95098,-0.004661,0,1.469285,-0.014521,0.270849
0.34776,0.029157,9.95274,0.976588,-0.021852,0.034825,0.95098,-0.004661,0,1.469285,-0.014521,0.270849
0.34776,0.029157,9.95274,0.976588,-0.021852,0.034825,0.95098,-0.004661,0,1.469285,-0.014521,0.270849
0.34776,0.029157,9.95274,0.976588,-0.021852,0.034825,0.96963,-0.004769,0,1.466112,-0.01409,0.270264
0.34776,0.029157,9.95274,0.976588,-0.021852,0.034825,0.96963,-0.004769,0,1.466112,-0.01409,0.270264
0.34776,0.029157,9.95274,0.976588,-0.021852,0.034825,0.973358,-0.00479,0,1.466621,-0.014409,0.270358
0.34776,0.029157,9.95274,0.976588,-0.021852,0.034825,0.977085,-0.004808,0,1.466147,-0.013442,0.270272
0.34776,0.029157,9.95274,0.976588,-0.021852,0.034825,0.999403,-0.004933,0,1.461552,-0.014829,0.269422
0.34776,0.029157,9.95274,0.976588,-0.021852,0.034825,1.025355,-0.005075,0,1.457286,-0.014462,0.268637
0.34776,0.029157,9.95274,0.976588,-0.021852,0.034825,1.047543,-0.005198,0,1.453289,-0.01335,0.267902
0.34776,0.029157,9.95274,0.976588,-0.021852,0.034825,1.065996,-0.005296,0,1.449666,-0.013984,0.267233
0.34776,0.029157,9.95274,0.976588,-0.021852,0.034825,1.091675,-0.005433,0,1.430215,-0.0111,0.263652
0.34776,0.029157,9.95274,0.976588,-0.021852,0.034825,1.098929,-0.005485,0,1.423089,-0.016156,0.262329
0.34776,0.029157,9.95274,0.976588,-0.021852,0.034825,1.098929,-0.005485,0,1.423089,-0.016156,0.262329
0.34776,0.029157,9.95274,0.976588,-0.021852,0.034825,1.098929,-0.005485,0,1.423089,-0.016156,0.262329
0.34776,0.029157,9.95274,0.976588,-0.021852,0.034825,1.098929,-0.005485,0,1.423089,-0.016156,0.262329
0.34776,0.029157,9.95274,0.976588,-0.021852,0.034825,1.098929,-0.005485,0,1.423089,-0.016156,0.262329
0.34776,0.029157,9.95274,0.976588,-0.021852,0.034825,1.098929,-0.005485,0,1.423089,-0.016156,0.262329
0.34776,0.029157,9.95274,0.976588,-0.021852,0.034825,1.113332,-0.005555,0,1.395562,-0.016278,0.257254
0.34776,0.029157,9.95274,0.976588,-0.021852,0.034825,1.116835,-0.005568,0,1.377963,-0.011025,0.254019
0.34776,0.029157,9.95274,0.976588,-0.021852,0.034825,1.123931,-0.005625,0,1.387682,-0.017782,0.255799
0.34776,0.029157,9.95274,0.976588,-0.021852,0.034825,1.138059,-0.005698,0,1.366279,-0.005199,0.251875
0.638417,0.030277,9.903089,1.416444,-0.018246,0.010204,1.158707,-0.005876,0,1.365487,-0.021086,0.25274
0.638417,0.030277,9.903089,1.416444,-0.018246,0.010204,1.158707,-0.005876,0,1.365487,-0.021086,0.25274
0.638417,0.030277,9.903089,1.416444,-0.018246,0.010204,1.182793,-0.005953,0,1.388268,-0.019691,0.256957
0.638417,0.030277,9.903089,1.416444,-0.018246,0.010204,1.218553,-0.006108,0,1.446229,-0.008031,0.267688
0.638417,0.030277,9.903089,1.416444,-0.018246,0.010204,1.241061,-0.006057,0,1.493297,0.011801,0.276403
0.638417,0.030277,9.903089,1.416444,-0.018246,0.010204,1.241061,-0.006057,0,1.493297,0.011801,0.276403
0.638417,0.030277,9.903089,1.416444,-0.018246,0.010204,1.241061,-0.006057,0,1.493297,0.011801,0.276403
0.638417,0.030277,9.903089,1.416444,-0.018246,0.010204,1.241061,-0.006057,0,1.493297,0.011801,0.276403
0.638417,0.030277,9.903089,1.416444,-0.018246,0.010204,1.241061,-0.006057,0,1.493297,0.011801,0.276403
0.638417,0.030277,9.903089,1.416444,-0.018246,0.010204,1.252462,-0.005945,0,1.502483,0.00594,0.278103
0.638417,0.030277,9.903089,1.416444,-0.018246,0.010204,1.256354,-0.005906,0,1.531016,0.010073,0.283385
0.638417,0.030277,9.903089,1.416444,-0.018246,0.010204,1.260296,-0.005865,0,1.550537,0.010635,0.286998
0.638417,0.030277,9.903089,1.416444,-0.018246,0.010204,1.28385,-0.005678,0,1.524693,-0.007479,0.282211
0.638417,0.030277,9.903089,1.416444,-0.018246,0.010204,1.2919,-0.005591,0,1.602679,0.016666,0.29665
0.638417,0.030277,9.903089,1.416444,-0.018246,0.010204,1.325138,-0.005103,0,1.619966,0.009885,0.299849
0.638417,0.030277,9.903089,1.416444,-0.018246,0.010204,1.349244,-0.004776,0,1.573995,0.016881,0.291341
0.638417,0.030277,9.903089,1.416444,-0.018246,0.010204,1.384835,-0.004295,0,1.534383,0.013,0.284009
0.638417,0.030277,9.903089,1.416444,-0.018246,0.010204,1.400355,-0.004152,0,1.514079,-0.000433,0.280248
0.638417,0.030277,9.903089,1.416444,-0.018246,0.010204,1.400355,-0.004152,0,1.514079,-0.000433,0.280248
0.638417,0.030277,9.903089,1.416444,-0.018246,0.010204,1.400355,-0.004152,0,1.514079,-0.000433,0.280248
0.638417,0.030277,9.903089,1.416444,-0.018246,0.010204,1.400355,-0.004152,0,1.514079,-0.000433,0.280248
0.638417,0.030277,9.903089,1.416444,-0.018246,0.010204,1.415805,-0.004022,0,1.529361,0.00335,0.283077
0.638417,0.030277,9.903089,1.416444,-0.018246,0.010204,1.461646,-0.003514,0,1.497338,0.017169,0.277152
0.638417,0.030277,9.903089,1.416444,-0.018246,0.010204,1.461646,-0.003514,0,1.497338,0.017169,0.277152
0.638417,0.030277,9.903089,1.416444,-0.018246,0.010204,1.465457,-0.003461,0,1.498881,0.015714,0.277438
0.638417,0.030277,9.903089,1.416444,-0.018246,0.010204,1.473147,-0.003284,0,1.512348,0.029707,0.279933
0.638417,0.030277,9.903089,1.416444,-0.018246,0.010204,1.499983,-0.002848,0,1.513585,0.015414,0.280159
0.638417,0.030277,9.903089,1.416444,-0.018246,0.010204,1.511484,-0.002572,0,1.519659,0.037527,0.281288
0.638417,0.030277,9.903089,1.416444,-0.018246,0.010204,1.519366,-0.002377,0,1.529643,0.034324,0.283135
1.029763,0.036097,9.8263,1.84786,0.002842,-0.043639,1.546988,-0.001596,0,1.57039,0.028842,0.284287
1.029763,0.036097,9.8263,1.84786,0.002842,-0.043639,1.554925,-0.001405,0,1.570709,0.00748,0.284387
1.029763,0.036097,9.8263,1.84786,0.002842,-0.043639,1.595622,-0.000462,0,1.65018,0.037953,0.298716
1.029763,0.036097,9.8263,1.84786,0.002842,-0.043639,1.621679,0.000483,0,1.731566,0.035881,0.313456
1.029763,0.036097,9.8263,1.84786,0.002842,-0.043639,1.697849,0.002719,0,1.751397,0.01368,0.317091
1.029763,0.036097,9.8263,1.84786,0.002842,-0.043639,1.730053,0.004078,0,1.842233,0.069213,0.333427
1.029763,0.036097,9.8263,1.84786,0.002842,-0.043639,1.774273,0.005827,0,1.596277,-0.010959,0.289053
1.029763,0.036097,9.8263,1.84786,0.002842,-0.043639,1.794026,0.00592,0,1.548289,-0.010919,0.280364
1.029763,0.036097,9.8263,1.84786,0.002842,-0.043639,1.831979,0.006459,0,1.455302,0.041858,0.263422
1.029763,0.036097,9.8263,1.84786,0.002842,-0.043639,1.856994,0.007728,0,1.355999,0.015307,0.245495
1.029763,0.036097,9.8263,1.84786,0.002842,-0.043639,1.881667,0.007732,0,1.172478,-0.018605,0.212333
1.029763,0.036097,9.8263,1.84786,0.002842,-0.043639,1.884603,0.007719,0,1.156082,-0.0195,0.209366
1.029763,0.036097,9.8263,1.84786,0.002842,-0.043639,1.896094,0.007645,0,1.112895,-0.022618,0.201553
1.029763,0.036097,9.8263,1.84786,0.002842,-0.043639,1.904622,0.008,0,1.132507,0.049786,0.204959
1.029763,0.036097,9.8263,1.84786,0.002842,-0.043639,1.910429,0.008491,0,1.138876,0.100113,0.206012
1.526054,0.040968,9.715734,2.27709,-0.109661,-0.107601,1.919107,0.009494,0,1.127396,0.121577,0.20389
1.526054,0.040968,9.715734,2.27709,-0.109661,-0.107601,1.9347,0.011389,0,0.941889,0.047306,0.171086
1.526054,0.040968,9.715734,2.27709,-0.109661,-0.107601,1.953303,0.010656,0,0.557289,-0.069099,0.10411
1.526054,0.040968,9.715734,2.27709,-0.109661,-0.107601,1.96478,0.009973,0,0.811371,-0.0684,0.15062
1.526054,0.040968,9.715734,2.27709,-0.109661,-0.107601,1.973831,0.009261,0,0.637708,-0.082355,0.119231
1.526054,0.040968,9.715734,2.27709,-0.109661,-0.107601,1.973831,0.009261,0,0.637708,-0.082355,0.119231
1.526054,0.040968,9.715734,2.27709,-0.109661,-0.107601,1.988388,0.011791,0,1.055876,0.197576,0.187499
1.526054,0.040968,9.715734,2.27709,-0.109661,-0.107601,2.000329,0.014316,0,1.228426,0.227374,0.218214
1.526054,0.040968,9.715734,2.27709,-0.109661,-0.107601,2.006739,0.015677,0,1.282755,0.238785,0.227824
1.526054,0.040968,9.715734,2.27709,-0.109661,-0.107601,2.016847,0.01784,0,1.358564,0.255993,0.241196
1.526054,0.040968,9.715734,2.27709,-0.109661,-0.107601,2.027498,0.02015,0,1.434266,0.274236,0.254518
1.526054,0.040968,9.715734,2.27709,-0.109661,-0.107601,2.033831,0.021664,0,1.216328,0.265963,0.214852
1.526054,0.040968,9.715734,2.27709,-0.109661,-0.107601,2.055962,0.028236,0,0.854637,0.263054,0.148701
1.526054,0.040968,9.715734,2.27709,-0.109661,-0.107601,2.073823,0.034742,0,0.787445,0.276067,0.136009
1.526054,0.040968,9.715734,2.27709,-0.109661,-0.107601,2.075809,0.035497,0,0.790753,0.279598,0.13651
1.526054,0.040968,9.715734,2.27709,-0.109661,-0.107601,2.098863,0.044861,0,0.684625,0.288889,0.116799
1.526054,0.040968,9.715734,2.27709,-0.109661,-0.107601,2.115014,0.050829,0,0.617117,0.111926,0.109691
2.124301,0.037282,9.56799,2.642206,-0.226437,-0.344639,2.13758,0.050403,0,0.641979,-0.117748,0.078562
2.124301,0.037282,9.56799,2.642206,-0.226437,-0.344639,2.158543,0.050361,0,0.998528,-0.082849,0.126399
2.124301,0.037282,9.56799,2.642206,-0.226437,-0.344639,2.175685,0.050652,0,0.952014,-0.080202,0.12046
2.124301,0.037282,9.56799,2.642206,-0.226437,-0.344639,2.192182,0.053619,0,1.228291,0.278966,0.171447
2.124301,0.037282,9.56799,2.642206,-0.226437,-0.344639,2.201348,0.057106,0,1.260196,0.368161,0.179335
2.124301,0.037282,9.56799,2.642206,-0.226437,-0.344639,2.204439,0.058417,0,1.270117,0.396898,0.18183
2.124301,0.037282,9.56799,2.642206,-0.226437,-0.344639,2.233269,0.071613,0,1.352277,0.477277,0.195885
2.124301,0.037282,9.56799,2.642206,-0.226437,-0.344639,2.249862,0.079488,0,1.37729,0.502459,0.200194
2.124301,0.037282,9.56799,2.642206,-0.226437,-0.344639,2.263245,0.086004,0,1.385728,0.51998,0.202026
2.124301,0.037282,9.56799,2.642206,-0.226437,-0.344639,2.263245,0.086004,0,1.385728,0.51998,0.202026
2.124301,0.037282,9.56799,2.642206,-0.226437,-0.344639,2.263245,0.086004,0,1.385728,0.51998,0.202026
2.124301,0.037282,9.56799,2.642206,-0.226437,-0.344639,2.263245,0.087662,0,1.387723,0.524382,0.20247
2.124301,0.037282,9.56799,2.642206,-0.226437,-0.344639,2.293471,0.101229,0,1.389597,0.544735,0.203567
2.124301,0.037282,9.56799,2.642206,-0.226437,-0.344639,2.300179,0.104646,0,1.38832,0.544669,0.203398
2.124301,0.037282,9.56799,2.642206,-0.226437,-0.344639,2.303309,0.106335,0,1.299632,0.545802,0.19191
2.124301,0.037282,9.56799,2.642206,-0.226437,-0.344639,2.309411,0.109678,0,1.243574,0.538945,0.184332
2.124301,0.037282,9.56799,2.642206,-0.226437,-0.344639,2.323613,0.11783,0,1.146765,0.531197,0.171416
2.124301,0.037282,9.56799,2.642206,-0.226437,-0.344639,2.334291,0.12425,0,1.104027,0.53092,0.165846
2.124301,0.037282,9.56799,2.642206,-0.226437,-0.344639,2.339477,0.127444,0,1.084089,0.530663,0.163242
2.124301,0.037282,9.56799,2.642206,-0.226437,-0.344639,2.354542,0.13698,0,1.037604,0.531864,0.157246
2.124301,0.037282,9.56799,2.642206,-0.226437,-0.344639,2.374136,0.149993,0,1.049137,0.568787,0.160294
2.124301,0.037282,9.56799,2.642206,-0.226437,-0.344639,2.376649,0.151693,0,1.056296,0.574814,0.161477
2.124301,0.037282,9.56799,2.642206,-0.226437,-0.344639,2.376649,0.151693,0,1.056296,0.574814,0.161477
2.124301,0.037282,9.56799,2.642206,-0.226437,-0.344639,2.379179,0.15341,0,1.063721,0.580993,0.162702
2.124301,0.037282,9.56799,2.642206,-0.226437,-0.344639,2.392044,0.162238,0,1.08971,0.608566,0.167238
2.124301,0.037282,9.56799,2.642206,-0.226437,-0.344639,2.402442,0.169525,0,1.096248,0.622148,0.168657
2.805898,0.068792,9.388274,2.937356,-0.39335,-0.420157,2.427829,0.188069,0,1.123166,0.460316,0.220891
2.805898,0.068792,9.388274,2.937356,-0.39335,-0.420157,2.432762,0.19178,0,1.123701,0.463037,0.221304
2.805898,0.068792,9.388274,2.937356,-0.39335,-0.420157,2.442568,0.198573,0,1.086205,0.364808,0.203746
2.805898,0.068792,9.388274,2.937356,-0.39335,-0.420157,2.455208,0.205895,0,1.143985,0.256702,0.198913
2.805898,0.068792,9.388274,2.937356,-0.39335,-0.420157,2.465863,0.210896,0,1.143764,0.182986,0.189821
2.805898,0.068792,9.388274,2.937356,-0.39335,-0.420157,2.474018,0.214188,0,1.150574,0.128564,0.184128
2.805898,0.068792,9.388274,2.937356,-0.39335,-0.420157,2.479536,0.216171,0,1.155377,0.093193,0.180484
2.805898,0.068792,9.388274,2.937356,-0.39335,-0.420157,2.485184,0.217981,0,1.17266,0.053503,0.178135
2.805898,0.068792,9.388274,2.937356,-0.39335,-0.420157,2.554607,0.240822,0,1.136513,0.096478,0.178128
2.805898,0.068792,9.388274,2.937356,-0.39335,-0.420157,2.584328,0.251817,0,1.130376,0.123371,0.180535
2.805898,0.068792,9.388274,2.937356,-0.39335,-0.420157,2.589694,0.25389,0,1.12835,0.128001,0.180808
2.805898,0.068792,9.388274,2.937356,-0.39335,-0.420157,2.589694,0.25389,0,1.12835,0.128001,0.180808
2.805898,0.068792,9.388274,2.937356,-0.39335,-0.420157,2.608324,0.261304,0,1.127272,0.147704,0.183072
2.805898,0.068792,9.388274,2.937356,-0.39335,-0.420157,2.63669,0.274443,0,1.086739,0.243546,0.188921
2.805898,0.068792,9.388274,2.937356,-0.39335,-0.420157,2.654025,0.283959,0,1.076007,0.29112,0.193198
3.554651,0.182789,9.176677,3.201047,-0.610443,-0.500757,2.69036,0.306337,0,1.099323,0.175256,0.177724
3.554651,0.182789,9.176677,3.201047,-0.610443,-0.500757,2.69036,0.306337,0,1.099323,0.175256,0.177724
3.554651,0.182789,9.176677,3.201047,-0.610443,-0.500757,2.720485,0.328825,0,0.994047,0.287473,0.171782
3.554651,0.182789,9.176677,3.201047,-0.610443,-0.500757,2.732053,0.33929,0,0.96681,0.346035,0.17278
3.554651,0.182789,9.176677,3.201047,-0.610443,-0.500757,2.760081,0.370795,0,0.889039,0.530488,0.17711
3.554651,0.182789,9.176677,3.201047,-0.610443,-0.500757,2.766107,0.379339,0,0.877499,0.535276,0.175814
3.554651,0.182789,9.176677,3.201047,-0.610443,-0.500757,2.766107,0.379339,0,0.877499,0.535276,0.175814
3.554651,0.182789,9.176677,3.201047,-0.610443,-0.500757,2.766107,0.379339,0,0.877499,0.535276,0.175814
3.554651,0.182789,9.176677,3.201047,-0.610443,-0.500757,2.77372,0.390244,0,0.914382,0.555907,0.183043
3.554651,0.182789,9.176677,3.201047,-0.610443,-0.500757,2.78008,0.399272,0,0.946959,0.572052,0.18925
3.554651,0.182789,9.176677,3.201047,-0.610443,-0.500757,2.798896,0.426386,0,0.970434,0.522468,0.188466
3.554651,0.182789,9.176677,3.201047,-0.610443,-0.500757,2.816333,0.44579,0,1.0777,0.419157,0.195468
3.554651,0.182789,9.176677,3.201047,-0.610443,-0.500757,2.839282,0.465539,0,1.156129,0.328063,0.199252
3.554651,0.182789,9.176677,3.201047,-0.610443,-0.500757,2.839282,0.465539,0,1.156129,0.328063,0.199252
3.554651,0.182789,9.176677,3.201047,-0.610443,-0.500757,2.862321,0.485089,0,1.137057,0.345738,0.197947
4.355584,0.383162,8.935506,3.281173,-0.731588,-0.979293,2.882776,0.503123,0,1.189948,0.190395,0.075574
4.355584,0.383162,8.935506,3.281173,-0.731588,-0.979293,2.887291,0.507186,0,1.189785,0.194753,0.076216
4.355584,0.383162,8.935506,3.281173,-0.731588,-0.979293,2.910256,0.530303,0,1.113501,0.32601,0.092858
4.355584,0.383162,8.935506,3.281173,-0.731588,-0.979293,2.923744,0.54896,0,1.044581,0.462092,0.11051
4.355584,0.383162,8.935506,3.281173,-0.731588,-0.979293,2.923744,0.54896,0,1.044581,0.462092,0.11051
4.355584,0.383162,8.935506,3.281173,-0.731588,-0.979293,2.923744,0.54896,0,1.044581,0.462092,0.11051
4.355584,0.383162,8.935506,3.281173,-0.731588,-0.979293,2.923744,0.54896,0,1.044581,0.462092,0.11051
4.355584,0.383162,8.935506,3.281173,-0.731588,-0.979293,2.928262,0.556315,0,1.042984,0.501551,0.116355
4.355584,0.383162,8.935506,3.281173,-0.731588,-0.979293,2.934487,0.566456,0,1.063638,0.51299,0.118885
4.355584,0.383162,8.935506,3.281173,-0.731588,-0.979293,2.942267,0.579223,0,1.067122,0.51967,0.120023
4.355584,0.383162,8.935506,3.281173,-0.731588,-0.979293,2.948491,0.589533,0,1.069467,0.525826,0.121038
4.355584,0.383162,8.935506,3.281173,-0.731588,-0.979293,2.954696,0.599905,0,1.071861,0.532065,0.122067
4.355584,0.383162,8.935506,3.281173,-0.731588,-0.979293,2.964002,0.615622,0,1.073913,0.542088,0.123649
4.355584,0.383162,8.935506,3.281173,-0.731588,-0.979293,2.971718,0.628813,0,1.084339,0.551958,0.125539
4.355584,0.383162,8.935506,3.281173,-0.731588,-0.979293,2.974789,0.634104,0,1.081483,0.553309,0.125629
4.355584,0.383162,8.935506,3.281173,-0.731588,-0.979293,2.979377,0.64206,0,1.08308,0.558249,0.126432
4.355584,0.383162,8.935506,3.281173,-0.731588,-0.979293,2.985469,0.652711,0,1.083222,0.56375,0.127261
4.355584,0.383162,8.935506,3.281173,-0.731588,-0.979293,2.985469,0.652711,0,1.083222,0.56375,0.127261
4.355584,0.383162,8.935506,3.281173,-0.731588,-0.979293,2.991537,0.663411,0,1.081778,0.567329,0.12774
4.355584,0.383162,8.935506,3.281173,-0.731588,-0.979293,3.001061,0.679152,0,1.111274,0.502503,0.119199
4.355584,0.383162,8.935506,3.281173,-0.731588,-0.979293,3.013409,0.69658,0,1.130766,0.422251,0.107953
4.355584,0.383162,8.935506,3.281173,-0.731588,-0.979293,3.030545,0.717697,0,1.137707,0.369138,0.100274
4.355584,0.383162,8.935506,3.281173,-0.731588,-0.979293,3.039959,0.729295,0,1.127069,0.371497,0.100206
5.13972,0.658588,8.679437,2.985658,-0.706651,-1.426027,3.051072,0.743141,0,1.145566,0.269793,-0.066156
5.13972,0.658588,8.679437,2.985658,-0.706651,-1.426027,3.056568,0.750051,0,1.143509,0.27272,-0.065546
5.13972,0.658588,8.679437,2.985658,-0.706651,-1.426027,3.056568,0.750051,0,1.143509,0.27272,-0.065546
5.13972,0.658588,8.679437,2.985658,-0.706651,-1.426027,3.056568,0.750051,0,1.143509,0.27272,-0.065546
5.13972,0.658588,8.679437,2.985658,-0.706651,-1.426027,3.056568,0.750051,0,1.143509,0.27272,-0.065546
5.13972,0.658588,8.679437,2.985658,-0.706651,-1.426027,3.072539,0.770814,0,1.094194,0.331998,-0.052477
5.13972,0.658588,8.679437,2.985658,-0.706651,-1.426027,3.08729,0.795262,0,1.045473,0.46346,-0.029056
5.13972,0.658588,8.679437,2.985658,-0.706651,-1.426027,3.089897,0.800369,0,1.040424,0.48226,-0.025883
5.13972,0.658588,8.679437,2.985658,-0.706651,-1.426027,3.092477,0.8055,0,1.042025,0.486313,-0.025445
5.13972,0.658588,8.679437,2.985658,-0.706651,-1.426027,3.097631,0.815788,0,1.042386,0.488616,-0.025146
5.13972,0.658588,8.679437,2.985658,-0.706651,-1.426027,3.106563,0.833845,0,1.041717,0.496932,-0.023886
5.13972,0.658588,8.679437,2.985658,-0.706651,-1.426027,3.114154,0.84941,0,1.041364,0.504177,-0.022809
5.13972,0.658588,8.679437,2.985658,-0.706651,-1.426027,3.11793,0.857231,0,1.041084,0.507332,-0.022329
5.13972,0.658588,8.679437,2.985658,-0.706651,-1.426027,3.131256,0.882967,0,1.085312,0.41045,-0.040352
5.13972,0.658588,8.679437,2.985658,-0.706651,-1.426027,3.152363,0.914445,0,1.110612,0.359248,-0.050054
5.13972,0.658588,8.679437,2.985658,-0.706651,-1.426027,3.163587,0.93148,0,1.086256,0.40386,-0.041389
5.13972,0.658588,8.679437,2.985658,-0.706651,-1.426027,3.172823,0.949541,0,1.030996,0.530632,-0.018044
5.13972,0.658588,8.679437,2.985658,-0.706651,-1.426027,3.177598,0.960102,0,1.028342,0.533691,-0.01736
5.13972,0.658588,8.679437,2.985658,-0.706651,-1.426027,3.187027,0.981256,0,1.024244,0.539467,-0.016151
5.841431,0.963221,8.410063,2.519298,-0.590195,-1.58944,3.202657,1.015393,0,1.077555,0.386498,-0.116079
5.841431,0.963221,8.410063,2.519298,-0.590195,-1.58944,3.215977,1.037596,0,1.093272,0.33229,-0.126141
5.841431,0.963221,8.410063,2.519298,-0.590195,-1.58944,3.224873,1.052415,0,1.097622,0.340451,-0.125791
5.841431,0.963221,8.410063,2.519298,-0.590195,-1.58944,3.224873,1.052415,0,1.097622,0.340451,-0.125791
5.841431,0.963221,8.410063,2.519298,-0.590195,-1.58944,3.236278,1.075805,0,1.042283,0.49119,-0.095639
5.841431,0.963221,8.410063,2.519298,-0.590195,-1.58944,3.239603,1.083832,0,1.041597,0.496918,-0.094717
5.841431,0.963221,8.410063,2.519298,-0.590195,-1.58944,3.251928,1.113064,0,1.050571,0.445661,-0.103409
5.841431,0.963221,8.410063,2.519298,-0.590195,-1.58944,3.26813,1.143394,0,1.059453,0.404073,-0.110716
5.841431,0.963221,8.410063,2.519298,-0.590195,-1.58944,3.27448,1.156136,0,1.059848,0.408706,-0.110121
5.841431,0.963221,8.410063,2.519298,-0.590195,-1.58944,3.27448,1.156136,0,1.059848,0.408706,-0.110121
5.841431,0.963221,8.410063,2.519298,-0.590195,-1.58944,3.27448,1.156136,0,1.059848,0.408706,-0.110121
5.841431,0.963221,8.410063,2.519298,-0.590195,-1.58944,3.279622,1.166374,0,1.071725,0.412785,-0.111426
5.841431,0.963221,8.410063,2.519298,-0.590195,-1.58944,3.283587,1.174033,0,1.069597,0.402057,-0.11261
5.841431,0.963221,8.410063,2.519298,-0.590195,-1.58944,3.294237,1.194417,0,1.072991,0.394583,-0.114208
5.841431,0.963221,8.410063,2.519298,-0.590195,-1.58944,3.306215,1.21752,0,1.074547,0.42736,-0.109807
6.427249,1.268692,8.129281,2.036453,-0.467389,-1.552337,3.324118,1.254271,0,1.092416,0.369184,-0.155627
6.427249,1.268692,8.129281,2.036453,-0.467389,-1.552337,3.326661,1.259554,0,1.098399,0.371242,-0.156476
6.427249,1.268692,8.129281,2.036453,-0.467389,-1.552337,3.326661,1.259554,0,1.098399,0.371242,-0.156476
6.427249,1.268692,8.129281,2.036453,-0.467389,-1.552337,3.339259,1.286106,0,1.097424,0.381083,-0.155246
6.427249,1.268692,8.129281,2.036453,-0.467389,-1.552337,3.344188,1.296281,0,1.067141,0.354813,-0.152652
6.427249,1.268692,8.129281,2.036453,-0.467389,-1.552337,3.349961,1.309131,0,1.059457,0.405574,-0.145833
6.427249,1.268692,8.129281,2.036453,-0.467389,-1.552337,3.357908,1.330616,0,1.019793,0.464621,-0.13241
6.427249,1.268692,8.129281,2.036453,-0.467389,-1.552337,3.363952,1.345959,0,1.028142,0.362349,-0.144874
6.427249,1.268692,8.129281,2.036453,-0.467389,-1.552337,3.370998,1.360896,0,1.034069,0.36187,-0.147119
6.427249,1.268692,8.129281,2.036453,-0.467389,-1.552337,3.372184,1.363418,0,1.042839,0.365909,-0.147119
6.427249,1.268692,8.129281,2.036453,-0.467389,-1.552337,3.372184,1.363418,0,1.042839,0.365909,-0.147119
6.427249,1.268692,8.129281,2.036453,-0.467389,-1.552337,3.378869,1.378919,0,1.016589,0.466042,-0.131685
6.427249,1.268692,8.129281,2.036453,-0.467389,-1.552337,3.385383,1.397443,0,1.003176,0.474758,-0.128353
6.427249,1.268692,8.129281,2.036453,-0.467389,-1.552337,3.389958,1.410689,0,1.003726,0.480261,-0.127861
6.427249,1.268692,8.129281,2.036453,-0.467389,-1.552337,3.394764,1.42382,0,1.027252,0.386484,-0.142126
6.427249,1.268692,8.129281,2.036453,-0.467389,-1.552337,3.402821,1.441545,0,1.040148,0.380211,-0.145103
6.427249,1.268692,8.129281,2.036453,-0.467389,-1.552337,3.406769,1.452152,0,1.007176,0.482632,-0.128223
6.427249,1.268692,8.129281,2.036453,-0.467389,-1.552337,3.408556,1.45751,0,1.003674,0.491272,-0.126671
6.427249,1.268692,8.129281,2.036453,-0.467389,-1.552337,3.412093,1.468238,0,1.013049,0.500697,-0.127335
6.427249,1.268692,8.129281,2.036453,-0.467389,-1.552337,3.412093,1.468238,0,1.013049,0.500697,-0.127335
6.427249,1.268692,8.129281,2.036453,-0.467389,-1.552337,3.412093,1.468238,0,1.013049,0.500697,-0.127335
6.427249,1.268692,8.129281,2.036453,-0.467389,-1.552337,3.412093,1.468238,0,1.013049,0.500697,-0.127335
6.427249,1.268692,8.129281,2.036453,-0.467389,-1.552337,3.414915,1.476065,0,1.001018,0.430155,-0.132752
6.427249,1.268692,8.129281,2.036453,-0.467389,-1.552337,3.421429,1.491127,0,1.010639,0.381021,-0.139743
6.902998,1.544807,7.842397,1.606025,-0.670415,-1.392916,3.425179,1.501582,0,1.018136,0.421899,-0.188197
6.902998,1.544807,7.842397,1.606025,-0.670415,-1.392916,3.437283,1.538123,0,0.993933,0.429206,-0.184318
6.902998,1.544807,7.842397,1.606025,-0.670415,-1.392916,3.443973,1.558866,0,0.983012,0.40241,-0.181535
6.902998,1.544807,7.842397,1.606025,-0.670415,-1.392916,3.448012,1.571799,0,0.979862,0.431811,-0.182007
6.902998,1.544807,7.842397,1.606025,-0.670415,-1.392916,3.448012,1.571799,0,0.979862,0.431811,-0.182007
6.902998,1.544807,7.842397,1.606025,-0.670415,-1.392916,3.448813,1.574403,0,0.983063,0.433796,-0.182621
6.902998,1.544807,7.842397,1.606025,-0.670415,-1.392916,3.454416,1.59232,0,0.957191,0.420657,-0.177756
6.902998,1.544807,7.842397,1.606025,-0.670415,-1.392916,3.458349,1.604942,0,0.952731,0.406771,-0.176518
6.902998,1.544807,7.842397,1.606025,-0.670415,-1.392916,3.463243,1.6199,0,0.957636,0.403282,-0.177235
6.902998,1.544807,7.842397,1.606025,-0.670415,-1.392916,3.472709,1.649922,0,0.960393,0.419007,-0.178245
6.902998,1.544807,7.842397,1.606025,-0.670415,-1.392916,3.474268,1.654926,0,0.946874,0.413714,-0.175757
6.902998,1.544807,7.842397,1.606025,-0.670415,-1.392916,3.478173,1.667428,0,0.945245,0.415565,-0.175543
6.902998,1.544807,7.842397,1.606025,-0.670415,-1.392916,3.479743,1.672457,0,0.945554,0.416515,-0.175628
6.902998,1.544807,7.842397,1.606025,-0.670415,-1.392916,3.479743,1.672457,0,0.945554,0.416515,-0.175628
6.902998,1.544807,7.842397,1.606025,-0.670415,-1.392916,3.485306,1.690089,0,0.959444,0.416882,-0.178011
6.902998,1.544807,7.842397,1.606025,-0.670415,-1.392916,3.489271,1.702808,0,0.972988,0.425077,-0.180603
6.902998,1.544807,7.842397,1.606025,-0.670415,-1.392916,3.493296,1.715605,0,0.958039,0.421275,-0.177922
6.902998,1.544807,7.842397,1.606025,-0.670415,-1.392916,3.499024,1.733831,0,0.981781,0.421661,-0.181986
6.902998,1.544807,7.842397,1.606025,-0.670415,-1.392916,3.500711,1.739084,0,1.008371,0.423378,-0.186581
7.329541,1.732549,7.556257,1.165527,-1.090986,-1.199423,3.507111,1.760346,0,1.004434,0.436653,-0.186365
7.329541,1.732549,7.556257,1.165527,-1.090986,-1.199423,3.510954,1.773884,0,1.023614,0.419875,-0.235659
7.329541,1.732549,7.556257,1.165527,-1.090986,-1.199423,3.511707,1.776619,0,1.026381,0.422056,-0.236435
7.329541,1.732549,7.556257,1.165527,-1.090986,-1.199423,3.522829,1.817916,0,1.035694,0.436499,-0.239983
7.329541,1.732549,7.556257,1.165527,-1.090986,-1.199423,3.532564,1.85404,0,1.037904,0.443362,-0.241279
7.329541,1.732549,7.556257,1.165527,-1.090986,-1.199423,3.537858,1.873672,0,1.048173,0.450126,-0.24398
7.329541,1.732549,7.556257,1.165527,-1.090986,-1.199423,3.544916,1.898549,0,1.044126,0.425231,-0.239978
7.329541,1.732549,7.556257,1.165527,-1.090986,-1.199423,3.554528,1.928172,0,0.938642,0.321981,-0.207764
7.329541,1.732549,7.556257,1.165527,-1.090986,-1.199423,3.561606,1.950438,0,0.970861,0.417292,-0.226033
7.329541,1.732549,7.556257,1.165527,-1.090986,-1.199423,3.56778,1.976125,0,0.899328,0.389999,-0.209836
7.329541,1.732549,7.556257,1.165527,-1.090986,-1.199423,3.570631,1.985642,0,0.912234,0.32682,-0.203756
7.329541,1.732549,7.556257,1.165527,-1.090986,-1.199423,3.5714,1.987989,0,0.910957,0.323769,-0.203128
7.329541,1.732549,7.556257,1.165527,-1.090986,-1.199423,3.5714,1.987989,0,0.910957,0.323769,-0.203128
7.329541,1.732549,7.556257,1.165527,-1.090986,-1.199423,3.5714,1.987989,0,0.910957,0.323769,-0.203128
7.329541,1.732549,7.556257,1.165527,-1.090986,-1.199423,3.575816,2.006052,0,0.962772,0.442273,-0.227912
7.756222,1.798022,7.273363,0.939326,-1.528182,-0.920638,3.589916,2.058522,0,0.949069,0.370543,-0.125282
7.756222,1.798022,7.273363,0.939326,-1.528182,-0.920638,3.592965,2.070904,0,0.927728,0.395001,-0.127961
7.756222,1.798022,7.273363,0.939326,-1.528182,-0.920638,3.597439,2.088094,0,0.954663,0.32713,-0.118378
7.756222,1.798022,7.273363,0.939326,-1.528182,-0.920638,3.597439,2.088094,0,0.954663,0.32713,-0.118378
7.756222,1.798022,7.273363,0.939326,-1.528182,-0.920638,3.597439,2.088094,0,0.954663,0.32713,-0.118378
7.756222,1.798022,7.273363,0.939326,-1.528182,-0.920638,3.599641,2.095349,0,0.931844,0.337528,-0.118602
7.756222,1.798022,7.273363,0.939326,-1.528182,-0.920638,3.606707,2.122457,0,1.00354,0.360459,-0.127218
7.756222,1.798022,7.273363,0.939326,-1.528182,-0.920638,3.617208,2.162649,0,0.957699,0.359493,-0.124004
7.756222,1.798022,7.273363,0.939326,-1.528182,-0.920638,3.621629,2.180312,0,0.966172,0.387054,-0.129188
7.756222,1.798022,7.273363,0.939326,-1.528182,-0.920638,3.62353,2.18792,0,0.95258,0.384775,-0.127901
7.756222,1.798022,7.273363,0.939326,-1.528182,-0.920638,3.629112,2.211118,0,0.983914,0.41285,-0.134692
7.756222,1.798022,7.273363,0.939326,-1.528182,-0.920638,3.638279,2.251241,0,1.025597,0.439689,-0.141965
8.232541,1.77536,6.993511,1.033762,-1.936875,-0.758654,3.648444,2.297392,0,1.132413,0.454739,-0.023266
8.232541,1.77536,6.993511,1.033762,-1.936875,-0.758654,3.648444,2.297392,0,1.132413,0.454739,-0.023266
8.232541,1.77536,6.993511,1.033762,-1.936875,-0.758654,3.648444,2.297392,0,1.132413,0.454739,-0.023266
8.232541,1.77536,6.993511,1.033762,-1.936875,-0.758654,3.648444,2.297392,0,1.132413,0.454739,-0.023266
8.232541,1.77536,6.993511,1.033762,-1.936875,-0.758654,3.66157,2.358219,0,1.169603,0.506868,-0.029651
8.232541,1.77536,6.993511,1.033762,-1.936875,-0.758654,3.670703,2.402454,0,1.193089,0.523464,-0.031217
8.232541,1.77536,6.993511,1.033762,-1.936875,-0.758654,3.674547,2.421595,0,1.190811,0.526728,-0.031802
8.232541,1.77536,6.993511,1.033762,-1.936875,-0.758654,3.674547,2.421595,0,1.190811,0.526728,-0.031802
8.232541,1.77536,6.993511,1.033762,-1.936875,-0.758654,3.677087,2.434387,0,1.192781,0.52981,-0.032188
8.232541,1.77536,6.993511,1.033762,-1.936875,-0.758654,3.68213,2.46012,0,1.201381,0.537872,-0.033062
8.232541,1.77536,6.993511,1.033762,-1.936875,-0.758654,3.686524,2.482854,0,1.210754,0.545562,-0.033847
8.232541,1.77536,6.993511,1.033762,-1.936875,-0.758654,3.698705,2.545533,0,1.243408,0.537725,-0.031352
8.232541,1.77536,6.993511,1.033762,-1.936875,-0.758654,3.706012,2.578651,0,1.258862,0.512639,-0.02694
8.788478,1.719801,6.719267,1.164567,-2.224307,-0.738595,3.718682,2.635481,0,1.04345,0.473425,0.006108
8.788478,1.719801,6.719267,1.164567,-2.224307,-0.738595,3.723406,2.655183,0,0.938592,0.355392,0.013918
8.788478,1.719801,6.719267,1.164567,-2.224307,-0.738595,3.726565,2.668474,0,1.056965,0.404513,0.015159
8.788478,1.719801,6.719267,1.164567,-2.224307,-0.738595,3.726565,2.668474,0,1.056965,0.404513,0.015159
8.788478,1.719801,6.719267,1.164567,-2.224307,-0.738595,3.733556,2.704198,0,0.953413,0.460506,0.002241
8.788478,1.719801,6.719267,1.164567,-2.224307,-0.738595,3.737412,2.731798,0,0.988962,0.494387,0.000327
8.788478,1.719801,6.719267,1.164567,-2.224307,-0.738595,3.744457,2.777188,0,0.953441,0.361097,0.014128
8.788478,1.719801,6.719267,1.164567,-2.224307,-0.738595,3.744457,2.777188,0,0.953441,0.361097,0.014128
8.788478,1.719801,6.719267,1.164567,-2.224307,-0.738595,3.745655,2.782179,0,0.95998,0.363699,0.01421
8.788478,1.719801,6.719267,1.164567,-2.224307,-0.738595,3.748153,2.792565,0,1.01842,0.386404,0.015008
8.788478,1.719801,6.719267,1.164567,-2.224307,-0.738595,3.750057,2.800565,0,1.016926,0.386731,0.014879
8.788478,1.719801,6.719267,1.164567,-2.224307,-0.738595,3.752093,2.814372,0,1.007058,0.544672,-0.004598
8.788478,1.719801,6.719267,1.164567,-2.224307,-0.738595,3.753714,2.831445,0,0.980659,0.542333,-0.005905
8.788478,1.719801,6.719267,1.164567,-2.224307,-0.738595,3.755759,2.853457,0,0.965365,0.494281,-0.001079
9.417088,1.649367,6.448452,1.21289,-2.502891,-0.785283,3.762243,2.885485,0,1.026364,0.451643,-0.000495
9.417088,1.649367,6.448452,1.21289,-2.502891,-0.785283,3.762243,2.885485,0,1.026364,0.451643,-0.000495
9.417088,1.649367,6.448452,1.21289,-2.502891,-0.785283,3.762243,2.885485,0,1.026364,0.451643,-0.000495
9.417088,1.649367,6.448452,1.21289,-2.502891,-0.785283,3.762243,2.885485,0,1.026364,0.451643,-0.000495
9.417088,1.649367,6.448452,1.21289,-2.502891,-0.785283,3.762243,2.885485,0,1.026364,0.451643,-0.000495
9.417088,1.649367,6.448452,1.21289,-2.502891,-0.785283,3.763549,2.899337,0,0.969518,0.522426,-0.008028
9.417088,1.649367,6.448452,1.21289,-2.502891,-0.785283,3.763731,2.902089,0,0.969611,0.526166,-0.00832
9.417088,1.649367,6.448452,1.21289,-2.502891,-0.785283,3.763912,2.90485,0,0.972224,0.528166,-0.008389
9.417088,1.649367,6.448452,1.21289,-2.502891,-0.785283,3.764093,2.907611,0,0.972613,0.528501,-0.008402
9.417088,1.649367,6.448452,1.21289,-2.502891,-0.785283,3.764093,2.907611,0,0.972613,0.528501,-0.008402
9.417088,1.649367,6.448452,1.21289,-2.502891,-0.785283,3.764448,2.913136,0,0.969174,0.528647,-0.008531
9.417088,1.649367,6.448452,1.21289,-2.502891,-0.785283,3.764689,2.915821,0,0.959598,0.49215,-0.005979
9.417088,1.649367,6.448452,1.21289,-2.502891,-0.785283,3.764689,2.915821,0,0.959598,0.49215,-0.005979
9.417088,1.649367,6.448452,1.21289,-2.502891,-0.785283,3.76493,2.918507,0,0.959543,0.492135,-0.005979
9.417088,1.649367,6.448452,1.21289,-2.502891,-0.785283,3.765984,2.92651,0,0.976466,0.449832,-0.002061
9.417088,1.649367,6.448452,1.21289,-2.502891,-0.785283,3.766477,2.929157,0,0.971869,0.436869,-0.001195
9.417088,1.649367,6.448452,1.21289,-2.502891,-0.785283,3.768401,2.94241,0,0.972806,0.487335,-0.005146
9.417088,1.649367,6.448452,1.21289,-2.502891,-0.785283,3.768825,2.9479,0,0.973082,0.520315,-0.00774
9.417088,1.649367,6.448452,1.21289,-2.502891,-0.785283,3.769161,2.953426,0,0.969615,0.537568,-0.00922
9.417088,1.649367,6.448452,1.21289,-2.502891,-0.785283,3.770197,2.967131,0,0.973939,0.480469,-0.004565
9.417088,1.649367,6.448452,1.21289,-2.502891,-0.785283,3.770197,2.967131,0,0.973939,0.480469,-0.004565
9.417088,1.649367,6.448452,1.21289,-2.502891,-0.785283,3.770482,2.969831,0,0.973915,0.480485,-0.004568
9.417088,1.649367,6.448452,1.21289,-2.502891,-0.785283,3.771063,2.975179,0,0.954557,0.487372,-0.005774
9.417088,1.649367,6.448452,1.21289,-2.502891,-0.785283,3.771063,2.975179,0,0.954557,0.487372,-0.005774
9.417088,1.649367,6.448452,1.21289,-2.502891,-0.785283,3.772,2.983249,0,0.972998,0.472505,-0.003969
9.417088,1.649367,6.448452,1.21289,-2.502891,-0.785283,3.772277,2.985962,0,0.975189,0.478966,-0.004404
9.417088,1.649367,6.448452,1.21289,-2.502891,-0.785283,3.77307,2.994134,0,0.977494,0.491453,-0.005311
9.417088,1.649367,6.448452,1.21289,-2.502891,-0.785283,3.77307,2.994134,0,0.977494,0.491453,-0.005311
9.417088,1.649367,6.448452,1.21289,-2.502891,-0.785283,3.77307,2.994134,0,0.977494,0.491453,-0.005311
9.417088,1.649367,6.448452,1.21289,-2.502891,-0.785283,3.774481,3.01341,0,0.981141,0.524432,-0.007789
9.417088,1.649367,6.448452,1.21289,-2.502891,-0.785283,3.775325,3.027209,0,0.971893,0.534018,-0.008862
9.417088,1.649367,6.448452,1.21289,-2.502891,-0.785283,3.777509,3.05463,0,0.970958,0.494743,-0.005794
9.417088,1.649367,6.448452,1.21289,-2.502891,-0.785283,3.777721,3.057341,0,0.972945,0.498991,-0.006061
9.417088,1.649367,6.448452,1.21289,-2.502891,-0.785283,3.77906,3.071124,0,0.985192,0.485567,-0.004582
9.417088,1.649367,6.448452,1.21289,-2.502891,-0.785283,3.782418,3.104282,0,0.994451,0.501621,-0.005532
9.417088,1.649367,6.448452,1.21289,-2.502891,-0.785283,3.782418,3.104282,0,0.994451,0.501621,-0.005532
9.417088,1.649367,6.448452,1.21289,-2.502891,-0.785283,3.784672,3.127065,0,1.028938,0.526437,-0.00631
9.417088,1.649367,6.448452,1.21289,-2.502891,-0.785283,3.785188,3.132858,0,1.032729,0.527597,-0.006272
10.085093,1.568311,6.18958,1.079099,-2.340314,-1.201863,3.786603,3.150448,0,1.072198,0.487394,0.068465
10.085093,1.568311,6.18958,1.079099,-2.340314,-1.201863,3.788073,3.174399,0,1.085639,0.525447,0.072593
10.085093,1.568311,6.18958,1.079099,-2.340314,-1.201863,3.788892,3.195808,0,1.088356,0.555838,0.07575
10.085093,1.568311,6.18958,1.079099,-2.340314,-1.201863,3.789503,3.223538,0,1.076779,0.571054,0.077107
10.085093,1.568311,6.18958,1.079099,-2.340314,-1.201863,3.789503,3.223538,0,1.076779,0.571054,0.077107
10.085093,1.568311,6.18958,1.079099,-2.340314,-1.201863,3.789503,3.223538,0,1.076779,0.571054,0.077107
10.085093,1.568311,6.18958,1.079099,-2.340314,-1.201863,3.789649,3.232726,0,1.072869,0.570547,0.076988
10.085093,1.568311,6.18958,1.079099,-2.340314,-1.201863,3.790073,3.259576,0,1.03126,0.543758,0.073525
10.085093,1.568311,6.18958,1.079099,-2.340314,-1.201863,3.79084,3.325618,0,0.924676,0.501866,0.06739
10.085093,1.568311,6.18958,1.079099,-2.340314,-1.201863,3.790939,3.336086,0,0.922487,0.488304,0.065964
10.085093,1.568311,6.18958,1.079099,-2.340314,-1.201863,3.790939,3.336086,0,0.922487,0.488304,0.065964
10.085093,1.568311,6.18958,1.079099,-2.340314,-1.201863,3.790939,3.336086,0,0.922487,0.488304,0.065964
10.085093,1.568311,6.18958,1.079099,-2.340314,-1.201863,3.790939,3.336086,0,0.922487,0.488304,0.065964
10.085093,1.568311,6.18958,1.079099,-2.340314,-1.201863,3.791138,3.356748,0,0.906541,0.490174,0.065879
10.085093,1.568311,6.18958,1.079099,-2.340314,-1.201863,3.791361,3.379998,0,0.907817,0.488377,0.065717
10.085093,1.568311,6.18958,1.079099,-2.340314,-1.201863,3.791455,3.390475,0,0.927341,0.499436,0.067188
10.085093,1.568311,6.18958,1.079099,-2.340314,-1.201863,3.79161,3.401109,0,0.949713,0.4925,0.066865
10.711767,1.520842,5.935717,1.14336,-2.015608,-1.212276,3.792394,3.44309,0,1.070191,0.491748,0.139861
10.711767,1.520842,5.935717,1.14336,-2.015608,-1.212276,3.79276,3.455114,0,1.090285,0.491424,0.141113
10.711767,1.520842,5.935717,1.14336,-2.015608,-1.212276,3.793166,3.467553,0,1.130706,0.511223,0.146572
10.711767,1.520842,5.935717,1.14336,-2.015608,-1.212276,3.793795,3.487132,0,1.222392,0.545124,0.157371
10.711767,1.520842,5.935717,1.14336,-2.015608,-1.212276,3.795073,3.527249,0,1.436043,0.632535,0.183746
10.711767,1.520842,5.935717,1.14336,-2.015608,-1.212276,3.79726,3.57885,0,1.618224,0.701137,0.205382
10.711767,1.520842,5.935717,1.14336,-2.015608,-1.212276,3.797866,3.592385,0,1.663072,0.726119,0.211872
10.711767,1.520842,5.935717,1.14336,-2.015608,-1.212276,3.797866,3.592385,0,1.663072,0.726119,0.211872
10.711767,1.520842,5.935717,1.14336,-2.015608,-1.212276,3.799257,3.643348,0,1.668765,0.744843,0.214932
10.711767,1.520842,5.935717,1.14336,-2.015608,-1.212276,3.800664,3.675196,0,1.659089,0.719862,0.210715
10.711767,1.520842,5.935717,1.14336,-2.015608,-1.212276,3.801082,3.68424,0,1.649391,0.713338,0.20915
10.711767,1.520842,5.935717,1.14336,-2.015608,-1.212276,3.801503,3.693281,0,1.650863,0.70855,0.208557
10.711767,1.520842,5.935717,1.14336,-2.015608,-1.212276,3.801948,3.70231,0,1.647205,0.701236,0.207269
10.711767,1.520842,5.935717,1.14336,-2.015608,-1.212276,3.80559,3.773664,0,1.639369,0.690237,0.205182
10.711767,1.520842,5.935717,1.14336,-2.015608,-1.212276,3.80559,3.773664,0,1.639369,0.690237,0.205182
10.711767,1.520842,5.935717,1.14336,-2.015608,-1.212276,3.80559,3.773664,0,1.639369,0.690237,0.205182
10.711767,1.520842,5.935717,1.14336,-2.015608,-1.212276,3.806325,3.78691,0,1.609855,0.674995,0.201083
10.711767,1.520842,5.935717,1.14336,-2.015608,-1.212276,3.807753,3.817556,0,1.581608,0.668245,0.198287
11.283237,1.543922,5.679296,1.368963,-1.639789,-1.117477,3.810066,3.857448,0,1.62729,0.650744,0.311399
11.283237,1.543922,5.679296,1.368963,-1.639789,-1.117477,3.812296,3.893249,0,1.649042,0.650163,0.313995
11.283237,1.543922,5.679296,1.368963,-1.639789,-1.117477,3.815778,3.947812,0,1.678481,0.663177,0.319838
11.283237,1.543922,5.679296,1.368963,-1.639789,-1.117477,3.816092,3.952339,0,1.668462,0.641331,0.31491
11.283237,1.543922,5.679296,1.368963,-1.639789,-1.117477,3.816092,3.952339,0,1.668462,0.641331,0.31491
11.283237,1.543922,5.679296,1.368963,-1.639789,-1.117477,3.816092,3.952339,0,1.668462,0.641331,0.31491
11.283237,1.543922,5.679296,1.368963,-1.639789,-1.117477,3.817897,3.979889,0,1.68818,0.645438,0.318045
11.283237,1.543922,5.679296,1.368963,-1.639789,-1.117477,3.819844,4.007534,0,1.714659,0.649171,0.321955
11.283237,1.543922,5.679296,1.368963,-1.639789,-1.117477,3.822448,4.044119,0,1.703296,0.654178,0.321393
11.283237,1.543922,5.679296,1.368963,-1.639789,-1.117477,3.824583,4.075953,0,1.655104,0.681999,0.320119
11.283237,1.543922,5.679296,1.368963,-1.639789,-1.117477,3.826355,4.098695,0,1.69449,0.632885,0.316708
11.283237,1.543922,5.679296,1.368963,-1.639789,-1.117477,3.828885,4.134296,0,1.648383,0.606391,0.306525
11.283237,1.543922,5.679296,1.368963,-1.639789,-1.117477,3.828885,4.134296,0,1.648383,0.606391,0.306525
11.283237,1.543922,5.679296,1.368963,-1.639789,-1.117477,3.830399,4.151994,0,1.61458,0.587344,0.299123
11.283237,1.543922,5.679296,1.368963,-1.639789,-1.117477,3.83178,4.168841,0,1.540104,0.581879,0.288976
11.283237,1.543922,5.679296,1.368963,-1.639789,-1.117477,3.833403,4.201123,0,1.442887,0.589992,0.278304
11.283237,1.543922,5.679296,1.368963,-1.639789,-1.117477,3.836321,4.243574,0,1.390017,0.506328,0.257634
11.283237,1.543922,5.679296,1.368963,-1.639789,-1.117477,3.837887,4.261992,0,1.344138,0.508247,0.252275
11.799494,1.665956,5.420061,1.741951,-1.206813,-0.965371,3.838781,4.272727,0,1.289693,0.460801,0.290732
11.799494,1.665956,5.420061,1.741951,-1.206813,-0.965371,3.840385,4.290472,0,1.299845,0.472987,0.294568
11.799494,1.665956,5.420061,1.741951,-1.206813,-0.965371,3.840385,4.290472,0,1.299845,0.472987,0.294568
11.799494,1.665956,5.420061,1.741951,-1.206813,-0.965371,3.840385,4.290472,0,1.299845,0.472987,0.294568
11.799494,1.665956,5.420061,1.741951,-1.206813,-0.965371,3.843896,4.333279,0,1.133973,0.464614,0.266377
11.799494,1.665956,5.420061,1.741951,-1.206813,-0.965371,3.844059,4.336354,0,1.112735,0.458696,0.261892
11.799494,1.665956,5.420061,1.741951,-1.206813,-0.965371,3.844552,4.345432,0,1.108004,0.44948,0.259464
11.799494,1.665956,5.420061,1.741951,-1.206813,-0.965371,3.844983,4.351636,0,1.142849,0.428451,0.261267
11.799494,1.665956,5.420061,1.741951,-1.206813,-0.965371,3.845247,4.354745,0,1.14295,0.428409,0.261275
11.799494,1.665956,5.420061,1.741951,-1.206813,-0.965371,3.845628,4.357967,0,1.16469,0.421902,0.263595
11.799494,1.665956,5.420061,1.741951,-1.206813,-0.965371,3.846352,4.364369,0,1.192491,0.409103,0.265753
11.799494,1.665956,5.420061,1.741951,-1.206813,-0.965371,3.846767,4.367726,0,1.214413,0.404045,0.268364
11.799494,1.665956,5.420061,1.741951,-1.206813,-0.965371,3.846767,4.367726,0,1.214413,0.404045,0.268364
11.799494,1.665956,5.420061,1.741951,-1.206813,-0.965371,3.847568,4.374332,0,1.235565,0.412229,0.273245
11.799494,1.665956,5.420061,1.741951,-1.206813,-0.965371,3.848007,4.377724,0,1.237999,0.4074,0.272764
11.799494,1.665956,5.420061,1.741951,-1.206813,-0.965371,3.848007,4.377724,0,1.237999,0.4074,0.272764
11.799494,1.665956,5.420061,1.741951,-1.206813,-0.965371,3.848419,4.38109,0,1.25949,0.418824,0.278286
11.799494,1.665956,5.420061,1.741951,-1.206813,-0.965371,3.849697,4.391122,0,1.234822,0.4058,0.271963
11.799494,1.665956,5.420061,1.741951,-1.206813,-0.965371,3.851594,4.411732,0,1.000707,0.424256,0.237647
11.799494,1.665956,5.420061,1.741951,-1.206813,-0.965371,3.851814,4.417033,0,0.936884,0.40038,0.223066
11.799494,1.665956,5.420061,1.741951,-1.206813,-0.965371,3.851814,4.417033,0,0.936884,0.40038,0.223066
11.799494,1.665956,5.420061,1.741951,-1.206813,-0.965371,3.852404,4.434698,0,1.048958,0.450312,0.250118
11.799494,1.665956,5.420061,1.741951,-1.206813,-0.965371,3.853472,4.443975,0,1.257894,0.359129,0.267236
11.799494,1.665956,5.420061,1.741951,-1.206813,-0.965371,3.855867,4.458417,0,1.423136,0.404776,0.302065
11.799494,1.665956,5.420061,1.741951,-1.206813,-0.965371,3.858457,4.47375,0,1.497835,0.420035,0.316838
11.799494,1.665956,5.420061,1.741951,-1.206813,-0.965371,3.861794,4.49171,0,1.237391,0.303091,0.253807
11.799494,1.665956,5.420061,1.741951,-1.206813,-0.965371,3.866039,4.50823,0,0.828241,0.13461,0.157543
11.799494,1.665956,5.420061,1.741951,-1.206813,-0.965371,3.870122,4.5214,0,0.757803,0.103598,0.140608
11.799494,1.665956,5.420061,1.741951,-1.206813,-0.965371,3.871735,4.52714,0,0.772323,0.134261,0.148487
11.799494,1.665956,5.420061,1.741951,-1.206813,-0.965371,3.87459,4.540782,0,0.595544,0.287736,0.147803
12.263484,1.910568,5.159777,2.082804,-0.766576,-0.903895,3.873069,4.55034,0,0.350459,0.255654,0.102586
12.263484,1.910568,5.159777,2.082804,-0.766576,-0.903895,3.870431,4.560381,0,0.23599,0.240386,0.06817
12.263484,1.910568,5.159777,2.082804,-0.766576,-0.903895,3.868266,4.566648,0,0.21152,0.23498,0.064349
12.263484,1.910568,5.159777,2.082804,-0.766576,-0.903895,3.866846,4.572556,0,0.368579,0.283174,0.091117
12.263484,1.910568,5.159777,2.082804,-0.766576,-0.903895,3.867441,4.59161,0,0.908648,0.20453,0.142499
12.263484,1.910568,5.159777,2.082804,-0.766576,-0.903895,3.879599,4.622118,0,1.304844,0.111988,0.174395
12.263484,1.910568,5.159777,2.082804,-0.766576,-0.903895,3.898271,4.664126,0,1.142313,0.010574,0.138118
12.263484,1.910568,5.159777,2.082804,-0.766576,-0.903895,3.903329,4.673633,0,1.042989,-0.019966,0.12118
12.263484,1.910568,5.159777,2.082804,-0.766576,-0.903895,3.914276,4.692254,0,0.888795,-0.070677,0.094335
12.263484,1.910568,5.159777,2.082804,-0.766576,-0.903895,3.927112,4.711627,0,0.824947,-0.094823,0.082696
12.263484,1.910568,5.159777,2.082804,-0.766576,-0.903895,3.936719,4.725597,0,0.850301,-0.112134,0.082842
12.263484,1.910568,5.159777,2.082804,-0.766576,-0.903895,3.940511,4.730932,0,0.865854,-0.123244,0.08285
12.666783,2.252943,4.901764,2.118683,-0.136792,-1.057964,3.952668,4.747493,0,0.942455,-0.033111,-0.018664
12.666783,2.252943,4.901764,2.118683,-0.136792,-1.057964,3.952668,4.747493,0,0.942455,-0.033111,-0.018664
12.666783,2.252943,4.901764,2.118683,-0.136792,-1.057964,3.958151,4.754588,0,0.879714,-0.054499,-0.020934
12.666783,2.252943,4.901764,2.118683,-0.136792,-1.057964,3.971755,4.7715,0,0.854488,-0.072801,-0.023291
12.666783,2.252943,4.901764,2.118683,-0.136792,-1.057964,3.984713,4.787341,0,0.970012,-0.077494,-0.025674
12.666783,2.252943,4.901764,2.118683,-0.136792,-1.057964,3.996131,4.801417,0,1.06456,-0.086525,-0.028396
12.666783,2.252943,4.901764,2.118683,-0.136792,-1.057964,4.00301,4.80977,0,1.056887,-0.101239,-0.030475
12.666783,2.252943,4.901764,2.118683,-0.136792,-1.057964,4.009841,4.81781,0,1.045121,-0.108893,-0.031443
12.666783,2.252943,4.901764,2.118683,-0.136792,-1.057964,4.013254,4.821764,0,1.038197,-0.113398,-0.032013
12.666783,2.252943,4.901764,2.118683,-0.136792,-1.057964,4.013254,4.821764,0,1.038197,-0.113398,-0.032013
12.666783,2.252943,4.901764,2.118683,-0.136792,-1.057964,4.013254,4.821764,0,1.038197,-0.113398,-0.032013
12.666783,2.252943,4.901764,2.118683,-0.136792,-1.057964,4.029168,4.854184,0,1.019679,0.341567,0.035997
12.666783,2.252943,4.901764,2.118683,-0.136792,-1.057964,4.035933,4.877843,0,1.060532,0.338481,0.034942
12.666783,2.252943,4.901764,2.118683,-0.136792,-1.057964,4.043738,4.903783,0,0.979796,0.317755,0.033033
12.666783,2.252943,4.901764,2.118683,-0.136792,-1.057964,4.047687,4.916598,0,1.020512,0.312314,0.03163
12.666783,2.252943,4.901764,2.118683,-0.136792,-1.057964,4.049371,4.921816,0,1.065914,0.309491,0.030548
12.666783,2.252943,4.901764,2.118683,-0.136792,-1.057964,4.049371,4.921816,0,1.065914,0.309491,0.030548
12.666783,2.252943,4.901764,2.118683,-0.136792,-1.057964,4.051194,4.927215,0,1.103264,0.30647,0.029554
12.666783,2.252943,4.901764,2.118683,-0.136792,-1.057964,4.054704,4.9377,0,1.014085,0.297827,0.029566
12.666783,2.252943,4.901764,2.118683,-0.136792,-1.057964,4.057611,4.947174,0,0.917302,0.291162,0.029984
12.666783,2.252943,4.901764,2.118683,-0.136792,-1.057964,4.060967,4.95848,0,0.891845,0.286795,0.029705
12.983185,2.643665,4.644693,1.846713,0.569905,-1.098201,4.062308,4.962981,0,0.836575,0.428082,-0.016861
12.983185,2.643665,4.644693,1.846713,0.569905,-1.098201,4.068458,4.982869,0,0.77416,0.391617,-0.016357
12.983185,2.643665,4.644693,1.846713,0.569905,-1.098201,4.077169,5.008288,0,0.73147,0.282801,-0.029981
12.983185,2.643665,4.644693,1.846713,0.569905,-1.098201,4.077945,5.010066,0,0.727174,0.2685,-0.03191
12.983185,2.643665,4.644693,1.846713,0.569905,-1.098201,4.082142,5.018451,0,0.708601,0.192716,-0.042573
12.983185,2.643665,4.644693,1.846713,0.569905,-1.098201,4.089174,5.02911,0,0.72532,0.089107,-0.06159
12.983185,2.643665,4.644693,1.846713,0.569905,-1.098201,4.096599,5.037489,0,0.75463,-0.008179,-0.08088
12.983185,2.643665,4.644693,1.846713,0.569905,-1.098201,4.132985,5.060736,0,0.887259,-0.31723,-0.146324
12.983185,2.643665,4.644693,1.846713,0.569905,-1.098201,4.164499,5.075607,0,0.955424,-0.372365,-0.162689
12.983185,2.643665,4.644693,1.846713,0.569905,-1.098201,4.176613,5.081056,0,0.987661,-0.396353,-0.170081
12.983185,2.643665,4.644693,1.846713,0.569905,-1.098201,4.197152,5.089994,0,1.040807,-0.437737,-0.182573
12.983185,2.643665,4.644693,1.846713,0.569905,-1.098201,4.213211,5.096627,0,1.053755,-0.466029,-0.188649
13.186249,3.059229,4.387853,1.359965,1.196922,-1.067068,4.238073,5.106222,0,1.137425,-0.311406,-0.198143
13.186249,3.059229,4.387853,1.359965,1.196922,-1.067068,4.238073,5.106222,0,1.137425,-0.311406,-0.198143
13.186249,3.059229,4.387853,1.359965,1.196922,-1.067068,4.238073,5.106222,0,1.137425,-0.311406,-0.198143
13.186249,3.059229,4.387853,1.359965,1.196922,-1.067068,4.238073,5.106222,0,1.137425,-0.311406,-0.198143
13.186249,3.059229,4.387853,1.359965,1.196922,-1.067068,4.238073,5.106222,0,1.137425,-0.311406,-0.198143
13.186249,3.059229,4.387853,1.359965,1.196922,-1.067068,4.243709,5.108284,0,1.14079,-0.320257,-0.199701
13.186249,3.059229,4.387853,1.359965,1.196922,-1.067068,4.257936,5.113298,0,1.142473,-0.342235,-0.20263
13.186249,3.059229,4.387853,1.359965,1.196922,-1.067068,4.26656,5.116206,0,1.143731,-0.355462,-0.204427
13.186249,3.059229,4.387853,1.359965,1.196922,-1.067068,4.26656,5.116206,0,1.143731,-0.355462,-0.204427
13.186249,3.059229,4.387853,1.359965,1.196922,-1.067068,4.304579,5.127875,0,1.134669,-0.410095,-0.209845
13.186249,3.059229,4.387853,1.359965,1.196922,-1.067068,4.321416,5.133255,0,1.076885,-0.320633,-0.190757
13.186249,3.059229,4.387853,1.359965,1.196922,-1.067068,4.337245,5.139461,0,1.086948,-0.240252,-0.182326
13.186249,3.059229,4.387853,1.359965,1.196922,-1.067068,4.349864,5.145493,0,1.089177,-0.161976,-0.17305
13.186249,3.059229,4.387853,1.359965,1.196922,-1.067068,4.35722,5.149522,0,1.096334,-0.133181,-0.17053
13.186249,3.059229,4.387853,1.359965,1.196922,-1.067068,4.359647,5.150941,0,1.106823,-0.102418,-0.168236
13.186249,3.059229,4.387853,1.359965,1.196922,-1.067068,4.362052,5.152391,0,1.107192,-0.087309,-0.166437
13.186249,3.059229,4.387853,1.359965,1.196922,-1.067068,4.407954,5.188448,0,1.229424,0.101874,-0.160455
13.186249,3.059229,4.387853,1.359965,1.196922,-1.067068,4.415147,5.194483,0,1.247447,0.087263,-0.16478
13.186249,3.059229,4.387853,1.359965,1.196922,-1.067068,4.439938,5.214255,0,1.265397,0.045468,-0.172425
13.186249,3.059229,4.387853,1.359965,1.196922,-1.067068,4.445206,5.217926,0,1.269619,-0.013374,-0.180228
13.186249,3.059229,4.387853,1.359965,1.196922,-1.067068,4.475097,5.234153,0,1.166206,-0.261708,-0.196103
13.28376,3.485349,4.132757,0.854917,1.434533,-1.060121,4.506898,5.243447,0,1.180443,-0.258836,-0.084394
13.28376,3.485349,4.132757,0.854917,1.434533,-1.060121,4.522019,5.245447,0,1.167269,-0.371991,-0.081958
13.28376,3.485349,4.132757,0.854917,1.434533,-1.060121,4.534399,5.24608,0,1.156706,-0.45955,-0.080047
13.28376,3.485349,4.132757,0.854917,1.434533,-1.060121,4.546991,5.246233,0,1.183692,-0.489714,-0.081664
13.28376,3.485349,4.132757,0.854917,1.434533,-1.060121,4.563098,5.246336,0,1.184502,-0.501098,-0.081578
13.28376,3.485349,4.132757,0.854917,1.434533,-1.060121,4.563098,5.246336,0,1.184502,-0.501098,-0.081578
13.28376,3.485349,4.132757,0.854917,1.434533,-1.060121,4.579337,5.246252,0,1.192415,-0.522477,-0.08189
13.28376,3.485349,4.132757,0.854917,1.434533,-1.060121,4.595737,5.245923,0,1.191509,-0.548825,-0.081484
13.28376,3.485349,4.132757,0.854917,1.434533,-1.060121,4.625322,5.24466,0,1.18285,-0.584167,-0.080386
13.28376,3.485349,4.132757,0.854917,1.434533,-1.060121,4.648466,5.243123,0,1.176551,-0.611583,-0.079565
13.28376,3.485349,4.132757,0.854917,1.434533,-1.060121,4.655083,5.24259,0,1.173537,-0.619828,-0.079235
13.28376,3.485349,4.132757,0.854917,1.434533,-1.060121,4.694765,5.238485,0,1.148764,-0.663921,-0.076826
13.28376,3.485349,4.132757,0.854917,1.434533,-1.060121,4.737184,5.232401,0,1.099598,-0.701442,-0.07269
13.28376,3.485349,4.132757,0.854917,1.434533,-1.060121,4.787843,5.230557,0,1.193704,-0.408503,-0.083453
13.332763,3.890634,3.879943,0.414684,1.38809,-1.130647,4.816084,5.234517,0,1.292077,0.035778,-0.039191
13.332763,3.890634,3.879943,0.414684,1.38809,-1.130647,4.822428,5.235885,0,1.296454,0.04457,-0.04018
13.332763,3.890634,3.879943,0.414684,1.38809,-1.130647,4.841337,5.240117,0,1.282726,0.045038,-0.039847
13.332763,3.890634,3.879943,0.414684,1.38809,-1.130647,4.860133,5.243999,0,1.277882,0.023301,-0.037567
13.332763,3.890634,3.879943,0.414684,1.38809,-1.130647,4.866397,5.245218,0,1.277164,0.015791,-0.036806
13.332763,3.890634,3.879943,0.414684,1.38809,-1.130647,4.8852,5.248651,0,1.274847,-0.006565,-0.034534
13.332763,3.890634,3.879943,0.414684,1.38809,-1.130647,4.904015,5.251753,0,1.271905,-0.028256,-0.032311
13.332763,3.890634,3.879943,0.414684,1.38809,-1.130647,4.913418,5.25318,0,1.26472,-0.037675,-0.031182
13.332763,3.890634,3.879943,0.414684,1.38809,-1.130647,4.916564,5.253636,0,1.270418,-0.042926,-0.030821
13.332763,3.890634,3.879943,0.414684,1.38809,-1.130647,4.925943,5.254671,0,1.244143,-0.131342,-0.021364
13.332763,3.890634,3.879943,0.414684,1.38809,-1.130647,4.93809,5.255087,0,1.188239,-0.204526,-0.012594
13.332763,3.890634,3.879943,0.414684,1.38809,-1.130647,4.947064,5.254806,0,1.162604,-0.268882,-0.005531
13.332763,3.890634,3.879943,0.414684,1.38809,-1.130647,4.970483,5.251606,0,1.095034,-0.434719,0.01271
13.332763,3.890634,3.879943,0.414684,1.38809,-1.130647,5.007783,5.239402,0,1.065513,-0.643771,0.03417
13.332763,3.890634,3.879943,0.414684,1.38809,-1.130647,5.063724,5.216675,0,1.065585,-0.696858,0.03941
13.332763,3.890634,3.879943,0.414684,1.38809,-1.130647,5.063724,5.216675,0,1.065585,-0.696858,0.03941
13.332763,3.890634,3.879943,0.414684,1.38809,-1.130647,5.087164,5.206433,0,1.065001,-0.715361,0.041254
13.332763,3.890634,3.879943,0.414684,1.38809,-1.130647,5.104867,5.198444,0,1.059554,-0.732251,0.043072
13.361423,4.239943,3.626433,0.158347,1.077405,-1.144901,5.11669,5.192978,0,1.203817,-0.51404,0.104094
13.361423,4.239943,3.626433,0.158347,1.077405,-1.144901,5.128622,5.187383,0,1.206009,-0.52077,0.105126
13.361423,4.239943,3.626433,0.158347,1.077405,-1.144901,5.134593,5.184549,0,1.210769,-0.531988,0.106874
13.361423,4.239943,3.626433,0.158347,1.077405,-1.144901,5.146592,5.178765,0,1.213207,-0.53971,0.108057
13.361423,4.239943,3.626433,0.158347,1.077405,-1.144901,5.149577,5.177305,0,1.21037,-0.541717,0.10828
13.361423,4.239943,3.626433,0.158347,1.077405,-1.144901,5.158503,5.172872,0,1.213796,-0.554636,0.110243
13.361423,4.239943,3.626433,0.158347,1.077405,-1.144901,5.164399,5.169903,0,1.200228,-0.556626,0.110202
13.361423,4.239943,3.626433,0.158347,1.077405,-1.144901,5.181584,5.160977,0,1.148597,-0.56062,0.109527
13.361423,4.239943,3.626433,0.158347,1.077405,-1.144901,5.181584,5.160977,0,1.148597,-0.56062,0.109527
13.361423,4.239943,3.626433,0.158347,1.077405,-1.144901,5.181584,5.160977,0,1.148597,-0.56062,0.109527
13.361423,4.239943,3.626433,0.158347,1.077405,-1.144901,5.196217,5.155099,0,1.2237,-0.38709,0.086107
13.361423,4.239943,3.626433,0.158347,1.077405,-1.144901,5.2054,5.152036,0,1.240112,-0.358954,0.082413
13.361423,4.239943,3.626433,0.158347,1.077405,-1.144901,5.211604,5.150114,0,1.252963,-0.339984,0.079966
13.361423,4.239943,3.626433,0.158347,1.077405,-1.144901,5.224202,5.14653,0,1.276985,-0.305963,0.075601
13.361423,4.239943,3.626433,0.158347,1.077405,-1.144901,5.237033,5.143249,0,1.298334,-0.277442,0.071971
13.361423,4.239943,3.626433,0.158347,1.077405,-1.144901,5.250061,5.140213,0,1.315742,-0.255092,0.069143
13.361423,4.239943,3.626433,0.158347,1.077405,-1.144901,5.259787,5.138211,0,1.294499,-0.214744,0.062755
13.361423,4.239943,3.626433,0.158347,1.077405,-1.144901,5.272383,5.135692,0,1.254894,-0.214728,0.061789
13.361423,4.239943,3.626433,0.158347,1.077405,-1.144901,5.293902,5.131163,0,1.221814,-0.225462,0.062545
13.361423,4.239943,3.626433,0.158347,1.077405,-1.144901,5.306012,5.128472,0,1.2262,-0.238837,0.064598
13.361423,4.239943,3.626433,0.158347,1.077405,-1.144901,5.327409,5.123499,0,1.232602,-0.252403,0.066728
13.361423,4.239943,3.626433,0.158347,1.077405,-1.144901,5.362679,5.113274,0,1.099861,-0.400201,0.085
13.361423,4.239943,3.626433,0.158347,1.077405,-1.144901,5.390737,5.097873,0,0.980534,-0.628279,0.11528
13.386832,4.503043,3.372355,0.12835,0.681238,-1.108826,5.414511,5.080946,0,1.048317,-0.475709,0.172859
13.386832,4.503043,3.372355,0.12835,0.681238,-1.108826,5.443832,5.059488,0,1.130753,-0.514311,0.186654
13.386832,4.503043,3.372355,0.12835,0.681238,-1.108826,5.47927,5.033185,0,1.094153,-0.529148,0.185924
13.386832,4.503043,3.372355,0.12835,0.681238,-1.108826,5.496074,5.020068,0,1.068081,-0.538537,0.185206
13.386832,4.503043,3.372355,0.12835,0.681238,-1.108826,5.512673,5.006765,0,1.095522,-0.558619,0.191018
13.386832,4.503043,3.372355,0.12835,0.681238,-1.108826,5.561305,4.978667,0,1.181744,-0.282147,0.151982
13.386832,4.503043,3.372355,0.12835,0.681238,-1.108826,5.59697,4.961482,0,1.159255,-0.301451,0.153253
13.386832,4.503043,3.372355,0.12835,0.681238,-1.108826,5.618455,4.950727,0,1.145566,-0.311924,0.153811
13.386832,4.503043,3.372355,0.12835,0.681238,-1.108826,5.62112,4.949371,0,1.144082,-0.313292,0.153911
13.386832,4.503043,3.372355,0.12835,0.681238,-1.108826,5.62112,4.949371,0,1.144082,-0.313292,0.153911
13.386832,4.503043,3.372355,0.12835,0.681238,-1.108826,5.637025,4.941178,0,1.135564,-0.321569,0.154555
13.428426,4.660195,3.114564,0.307975,0.287779,-1.030201,5.670848,4.918517,0,1.086669,-0.397678,0.195
13.428426,4.660195,3.114564,0.307975,0.287779,-1.030201,5.686133,4.904843,0,1.060658,-0.454813,0.201115
13.428426,4.660195,3.114564,0.307975,0.287779,-1.030201,5.690439,4.900866,0,1.060435,-0.457788,0.201569
13.428426,4.660195,3.114564,0.307975,0.287779,-1.030201,5.714035,4.878751,0,1.061103,-0.473613,0.20421
13.428426,4.660195,3.114564,0.307975,0.287779,-1.030201,5.720454,4.872643,0,1.061648,-0.478055,0.204994
13.428426,4.660195,3.114564,0.307975,0.287779,-1.030201,5.746008,4.847913,0,1.059657,-0.493176,0.207201
13.428426,4.660195,3.114564,0.307975,0.287779,-1.030201,5.75873,4.835361,0,1.067043,-0.504481,0.209918
13.428426,4.660195,3.114564,0.307975,0.287779,-1.030201,5.760915,4.83332,0,1.067043,-0.504481,0.209918
13.428426,4.660195,3.114564,0.307975,0.287779,-1.030201,5.795811,4.80444,0,1.131168,-0.365117,0.195083
13.428426,4.660195,3.114564,0.307975,0.287779,-1.030201,5.803036,4.79903,0,1.134931,-0.349497,0.193009
13.428426,4.660195,3.114564,0.307975,0.287779,-1.030201,5.822711,4.785031,0,1.145338,-0.318903,0.189311
13.428426,4.660195,3.114564,0.307975,0.287779,-1.030201,5.837479,4.774522,0,1.129751,-0.352753,0.192913
13.428426,4.660195,3.114564,0.307975,0.287779,-1.030201,5.846752,4.766997,0,1.100113,-0.417052,0.199751
13.428426,4.660195,3.114564,0.307975,0.287779,-1.030201,5.857699,4.756873,0,1.066895,-0.495699,0.208479
13.428426,4.660195,3.114564,0.307975,0.287779,-1.030201,5.863935,4.750425,0,1.047758,-0.538348,0.213077
13.496056,4.700722,2.855263,0.589294,-0.095803,-0.920678,5.888417,4.724223,0,1.085613,-0.440838,0.231532
13.496056,4.700722,2.855263,0.589294,-0.095803,-0.920678,5.892463,4.719833,0,1.084332,-0.442814,0.231675
13.496056,4.700722,2.855263,0.589294,-0.095803,-0.920678,5.90655,4.704416,0,1.080117,-0.450006,0.232257
13.496056,4.700722,2.855263,0.589294,-0.095803,-0.920678,5.924864,4.684796,0,1.101346,-0.401972,0.22736
13.496056,4.700722,2.855263,0.589294,-0.095803,-0.920678,5.959142,4.655694,0,1.147034,-0.290311,0.215442
13.496056,4.700722,2.855263,0.589294,-0.095803,-0.920678,5.963776,4.651869,0,1.14639,-0.292135,0.215651
13.496056,4.700722,2.855263,0.589294,-0.095803,-0.920678,5.97979,4.638374,0,1.127686,-0.312308,0.216282
13.496056,4.700722,2.855263,0.589294,-0.095803,-0.920678,5.994919,4.624339,0,1.096597,-0.371969,0.221676
13.496056,4.700722,2.855263,0.589294,-0.095803,-0.920678,6.017097,4.600732,0,1.062165,-0.465127,0.232156
13.496056,4.700722,2.855263,0.589294,-0.095803,-0.920678,6.048161,4.569081,0,1.11179,-0.3394,0.218472
13.496056,4.700722,2.855263,0.589294,-0.095803,-0.920678,6.063098,4.554458,0,1.108923,-0.40368,0.228748
13.496056,4.700722,2.855263,0.589294,-0.095803,-0.920678,6.063098,4.554458,0,1.108923,-0.40368,0.228748
13.496056,4.700722,2.855263,0.589294,-0.095803,-0.920678,6.063098,4.554458,0,1.108923,-0.40368,0.228748
13.496056,4.700722,2.855263,0.589294,-0.095803,-0.920678,6.082064,4.535355,0,1.100598,-0.392102,0.225609
13.591235,4.616345,2.595524,0.957826,-0.392838,-0.818422,6.0905,4.52698,0,1.125153,-0.304436,0.220379
13.591235,4.616345,2.595524,0.957826,-0.392838,-0.818422,6.121673,4.494867,0,1.119707,-0.358868,0.227043
13.591235,4.616345,2.595524,0.957826,-0.392838,-0.818422,6.144041,4.470353,0,1.125525,-0.387305,0.231898
13.591235,4.616345,2.595524,0.957826,-0.392838,-0.818422,6.146056,4.468058,0,1.126882,-0.395252,0.233211
13.591235,4.616345,2.595524,0.957826,-0.392838,-0.818422,6.146056,4.468058,0,1.126882,-0.395252,0.233211
13.591235,4.616345,2.595524,0.957826,-0.392838,-0.818422,6.146056,4.468058,0,1.126882,-0.395252,0.233211
13.591235,4.616345,2.595524,0.957826,-0.392838,-0.818422,6.154044,4.458833,0,1.126355,-0.416669,0.236089
13.591235,4.616345,2.595524,0.957826,-0.392838,-0.818422,6.160003,4.451798,0,1.128572,-0.423448,0.237378
13.591235,4.616345,2.595524,0.957826,-0.392838,-0.818422,6.163953,4.447051,0,1.129424,-0.432936,0.238825
13.591235,4.616345,2.595524,0.957826,-0.392838,-0.818422,6.171777,4.437441,0,1.132835,-0.445455,0.241097
13.591235,4.616345,2.595524,0.957826,-0.392838,-0.818422,6.177632,4.430158,0,1.133991,-0.459436,0.243213
13.591235,4.616345,2.595524,0.957826,-0.392838,-0.818422,6.183491,4.422876,0,1.131115,-0.456917,0.242409
13.591235,4.616345,2.595524,0.957826,-0.392838,-0.818422,6.191333,4.413104,0,1.140357,-0.462528,0.244649
13.591235,4.616345,2.595524,0.957826,-0.392838,-0.818422,6.215003,4.383392,0,1.157317,-0.47417,0.248947
13.591235,4.616345,2.595524,0.957826,-0.392838,-0.818422,6.224888,4.370846,0,1.159252,-0.484796,0.250722
13.591235,4.616345,2.595524,0.957826,-0.392838,-0.818422,6.224888,4.370846,0,1.159252,-0.484796,0.250722
13.591235,4.616345,2.595524,0.957826,-0.392838,-0.818422,6.224888,4.370846,0,1.159252,-0.484796,0.250722
13.591235,4.616345,2.595524,0.957826,-0.392838,-0.818422,6.224888,4.370846,0,1.159252,-0.484796,0.250722
13.591235,4.616345,2.595524,0.957826,-0.392838,-0.818422,6.228842,4.365804,0,1.160789,-0.487304,0.251313
13.591235,4.616345,2.595524,0.957826,-0.392838,-0.818422,6.234784,4.35821,0,1.16136,-0.490246,0.25181
13.591235,4.616345,2.595524,0.957826,-0.392838,-0.818422,6.238741,4.353132,0,1.163176,-0.492093,0.252353
13.591235,4.616345,2.595524,0.957826,-0.392838,-0.818422,6.238741,4.353132,0,1.162327,-0.491791,0.252177
13.591235,4.616345,2.595524,0.957826,-0.392838,-0.818422,6.250633,4.337822,0,1.166125,-0.497416,0.253557
13.726656,4.409797,2.336066,1.348144,-0.636894,-0.726955,6.293721,4.283413,0,1.093512,-0.397388,0.218639
13.726656,4.409797,2.336066,1.348144,-0.636894,-0.726955,6.301196,4.274983,0,1.058629,-0.285889,0.200287
13.726656,4.409797,2.336066,1.348144,-0.636894,-0.726955,6.310508,4.2648,0,1.039995,-0.283557,0.197072
13.726656,4.409797,2.336066,1.348144,-0.636894,-0.726955,6.326323,4.246354,0,0.968623,-0.349281,0.193355
13.726656,4.409797,2.336066,1.348144,-0.636894,-0.726955,6.339086,4.230106,0,0.9647,-0.292801,0.186232
13.726656,4.409797,2.336066,1.348144,-0.636894,-0.726955,6.354382,4.212771,0,0.971762,-0.309753,0.1893
13.726656,4.409797,2.336066,1.348144,-0.636894,-0.726955,6.365414,4.198382,0,0.941564,-0.392467,0.194049
13.726656,4.409797,2.336066,1.348144,-0.636894,-0.726955,6.36836,4.194092,0,0.93861,-0.406235,0.195167
13.726656,4.409797,2.336066,1.348144,-0.636894,-0.726955,6.36836,4.194092,0,0.93861,-0.406235,0.195167
13.726656,4.409797,2.336066,1.348144,-0.636894,-0.726955,6.385982,4.171816,0,0.97229,-0.337944,0.192629
13.726656,4.409797,2.336066,1.348144,-0.636894,-0.726955,6.39404,4.161353,0,0.969951,-0.356475,0.194393
13.726656,4.409797,2.336066,1.348144,-0.636894,-0.726955,6.397332,4.157268,0,0.976002,-0.33398,0.19276
13.726656,4.409797,2.336066,1.348144,-0.636894,-0.726955,6.405402,4.146832,0,0.980805,-0.348622,0.195205
13.726656,4.409797,2.336066,1.348144,-0.636894,-0.726955,6.418544,4.129701,0,1.016088,-0.405343,0.207314
13.726656,4.409797,2.336066,1.348144,-0.636894,-0.726955,6.431529,4.111872,0,0.97392,-0.373115,0.196936
13.726656,4.409797,2.336066,1.348144,-0.636894,-0.726955,6.437902,4.103267,0,1.002445,-0.409123,0.205592
13.726656,4.409797,2.336066,1.348144,-0.636894,-0.726955,6.450898,4.085789,0,0.960709,-0.369308,0.194409
13.899526,4.098102,2.078443,1.647652,-0.65048,-0.821676,6.46544,4.065781,0,1.023661,-0.377349,0.109092
13.899526,4.098102,2.078443,1.647652,-0.65048,-0.821676,6.474795,4.052315,0,1.017732,-0.397482,0.108661
13.899526,4.098102,2.078443,1.647652,-0.65048,-0.821676,6.48745,4.034596,0,1.002198,-0.376575,0.106869
13.899526,4.098102,2.078443,1.647652,-0.65048,-0.821676,6.496737,4.021108,0,1.000772,-0.349477,0.106478
13.899526,4.098102,2.078443,1.647652,-0.65048,-0.821676,6.496737,4.021108,0,1.000772,-0.349477,0.106478
13.899526,4.098102,2.078443,1.647652,-0.65048,-0.821676,6.51325,3.996765,0,0.998274,-0.383479,0.106526
13.899526,4.098102,2.078443,1.647652,-0.65048,-0.821676,6.519038,3.98823,0,0.934686,-0.380273,0.099931
13.899526,4.098102,2.078443,1.647652,-0.65048,-0.821676,6.52902,3.97248,0,0.970053,-0.419606,0.103936
13.899526,4.098102,2.078443,1.647652,-0.65048,-0.821676,6.537205,3.959426,0,0.922492,-0.398463,0.098835
13.899526,4.098102,2.078443,1.647652,-0.65048,-0.821676,6.546902,3.943962,0,0.972346,-0.434023,0.104303
13.899526,4.098102,2.078443,1.647652,-0.65048,-0.821676,6.553777,3.932688,0,0.941877,-0.425444,0.101079
13.899526,4.098102,2.078443,1.647652,-0.65048,-0.821676,6.553777,3.932688,0,0.941877,-0.425444,0.101079
13.899526,4.098102,2.078443,1.647652,-0.65048,-0.821676,6.553777,3.932688,0,0.941877,-0.425444,0.101079
13.899526,4.098102,2.078443,1.647652,-0.65048,-0.821676,6.553777,3.932688,0,0.941877,-0.425444,0.101079
13.899526,4.098102,2.078443,1.647652,-0.65048,-0.821676,6.560815,3.921286,0,0.97946,-0.436909,0.105063
13.899526,4.098102,2.078443,1.647652,-0.65048,-0.821676,6.572184,3.902462,0,1.017449,-0.468566,0.10927
13.899526,4.098102,2.078443,1.647652,-0.65048,-0.821676,6.579377,3.89052,0,1.016827,-0.450999,0.109048
13.899526,4.098102,2.078443,1.647652,-0.65048,-0.821676,6.583803,3.883504,0,1.010755,-0.436434,0.10829
13.899526,4.098102,2.078443,1.647652,-0.65048,-0.821676,6.595538,3.864928,0,1.017244,-0.428068,0.108885
13.899526,4.098102,2.078443,1.647652,-0.65048,-0.821676,6.600074,3.857925,0,1.023021,-0.42313,0.109437
14.114424,3.7464,1.826397,1.554695,-0.335732,-1.0968,6.603128,3.853267,0,1.033307,-0.416838,0.110443
14.114424,3.7464,1.826397,1.554695,-0.335732,-1.0968,6.607757,3.846295,0,1.048882,-0.370008,-0.10465
14.114424,3.7464,1.826397,1.554695,-0.335732,-1.0968,6.612478,3.839266,0,1.06635,-0.368492,-0.105549
14.114424,3.7464,1.826397,1.554695,-0.335732,-1.0968,6.620538,3.82751,0,1.081801,-0.356481,-0.105172
14.114424,3.7464,1.826397,1.554695,-0.335732,-1.0968,6.63051,3.813388,0,1.103141,-0.349058,-0.105658
14.114424,3.7464,1.826397,1.554695,-0.335732,-1.0968,6.637258,3.803883,0,1.110176,-0.356228,-0.106875
14.114424,3.7464,1.826397,1.554695,-0.335732,-1.0968,6.650758,3.78464,0,1.11429,-0.371362,-0.108789
14.114424,3.7464,1.826397,1.554695,-0.335732,-1.0968,6.659132,3.772488,0,1.115147,-0.37215,-0.108928
14.114424,3.7464,1.826397,1.554695,-0.335732,-1.0968,6.665463,3.762631,0,1.084494,-0.419154,-0.112222
14.114424,3.7464,1.826397,1.554695,-0.335732,-1.0968,6.677476,3.743585,0,1.050064,-0.401747,-0.108209
14.114424,3.7464,1.826397,1.554695,-0.335732,-1.0968,6.69406,3.718277,0,0.931773,-0.310481,-0.090964
14.114424,3.7464,1.826397,1.554695,-0.335732,-1.0968,6.711755,3.68898,0,0.984604,-0.452161,-0.109755
14.114424,3.7464,1.826397,1.554695,-0.335732,-1.0968,6.719307,3.675998,0,0.90177,-0.342762,-0.09268
14.114424,3.7464,1.826397,1.554695,-0.335732,-1.0968,6.721959,3.671991,0,0.900868,-0.314156,-0.089482
14.114424,3.7464,1.826397,1.554695,-0.335732,-1.0968,6.730405,3.657423,0,0.918165,-0.425725,-0.102796
14.114424,3.7464,1.826397,1.554695,-0.335732,-1.0968,6.736783,3.646037,0,0.966538,-0.399468,-0.102863
14.337836,3.450636,1.577258,1.214521,-0.039137,-1.15256,6.745335,3.62998,0,0.868404,-0.396645,-0.096565
14.337836,3.450636,1.577258,1.214521,-0.039137,-1.15256,6.761923,3.601154,0,0.932731,-0.394062,-0.164675
14.337836,3.450636,1.577258,1.214521,-0.039137,-1.15256,6.778562,3.569202,0,0.858698,-0.345009,-0.150064
14.337836,3.450636,1.577258,1.214521,-0.039137,-1.15256,6.78084,3.565178,0,0.842382,-0.323759,-0.14594
14.337836,3.450636,1.577258,1.214521,-0.039137,-1.15256,6.78314,3.56125,0,0.84435,-0.307664,-0.144821
14.337836,3.450636,1.577258,1.214521,-0.039137,-1.15256,6.793425,3.543135,0,0.886101,-0.386697,-0.157511
14.337836,3.450636,1.577258,1.214521,-0.039137,-1.15256,6.800126,3.529787,0,0.910897,-0.40347,-0.162434
14.337836,3.450636,1.577258,1.214521,-0.039137,-1.15256,6.802297,3.525628,0,0.841434,-0.331107,-0.146444
14.337836,3.450636,1.577258,1.214521,-0.039137,-1.15256,6.805749,3.519858,0,0.830629,-0.271116,-0.139735
14.337836,3.450636,1.577258,1.214521,-0.039137,-1.15256,6.80692,3.517999,0,0.82467,-0.270508,-0.138848
14.337836,3.450636,1.577258,1.214521,-0.039137,-1.15256,6.810398,3.512469,0,0.813485,-0.267305,-0.137006
14.337836,3.450636,1.577258,1.214521,-0.039137,-1.15256,6.811543,3.510654,0,0.805504,-0.263592,-0.135567
14.337836,3.450636,1.577258,1.214521,-0.039137,-1.15256,6.814979,3.505202,0,0.811721,-0.266273,-0.136669
14.337836,3.450636,1.577258,1.214521,-0.039137,-1.15256,6.818455,3.499503,0,0.847757,-0.314205,-0.145865
14.337836,3.450636,1.577258,1.214521,-0.039137,-1.15256,6.823506,3.488958,0,0.841225,-0.391321,-0.151631
14.337836,3.450636,1.577258,1.214521,-0.039137,-1.15256,6.823506,3.488958,0,0.841225,-0.391321,-0.151631
14.337836,3.450636,1.577258,1.214521,-0.039137,-1.15256,6.823506,3.488958,0,0.841225,-0.391321,-0.151631
14.337836,3.450636,1.577258,1.214521,-0.039137,-1.15256,6.828606,3.478164,0,0.85859,-0.405832,-0.155318
14.337836,3.450636,1.577258,1.214521,-0.039137,-1.15256,6.829632,3.475976,0,0.861416,-0.407511,-0.155859
14.337836,3.450636,1.577258,1.214521,-0.039137,-1.15256,6.831637,3.47167,0,0.829631,-0.396884,-0.15049
14.337836,3.450636,1.577258,1.214521,-0.039137,-1.15256,6.832617,3.469557,0,0.829562,-0.396829,-0.150475
14.337836,3.450636,1.577258,1.214521,-0.039137,-1.15256,6.833555,3.467516,0,0.798911,-0.386248,-0.145269
14.337836,3.450636,1.577258,1.214521,-0.039137,-1.15256,6.836338,3.461437,0,0.788145,-0.382046,-0.143398
14.337836,3.450636,1.577258,1.214521,-0.039137,-1.15256,6.852247,3.433768,0,0.812475,-0.27198,-0.137269
14.337836,3.450636,1.577258,1.214521,-0.039137,-1.15256,6.853382,3.431945,0,0.804392,-0.268339,-0.135823
14.337836,3.450636,1.577258,1.214521,-0.039137,-1.15256,6.855672,3.428266,0,0.821685,-0.275188,-0.138836
14.337836,3.450636,1.577258,1.214521,-0.039137,-1.15256,6.855672,3.428266,0,0.821685,-0.275188,-0.138836
14.527042,3.233008,1.325062,0.796531,-0.077658,-1.13186,6.865164,3.411004,0,0.78265,-0.340737,-0.113503
14.527042,3.233008,1.325062,0.796531,-0.077658,-1.13186,6.865164,3.411004,0,0.78265,-0.340737,-0.113503
14.527042,3.233008,1.325062,0.796531,-0.077658,-1.13186,6.874533,3.389118,0,0.761947,-0.3933,-0.107729
14.527042,3.233008,1.325062,0.796531,-0.077658,-1.13186,6.877796,3.381072,0,0.76396,-0.397843,-0.107856
14.527042,3.233008,1.325062,0.796531,-0.077658,-1.13186,6.883181,3.369185,0,0.789718,-0.334558,-0.114945
14.527042,3.233008,1.325062,0.796531,-0.077658,-1.13186,6.901078,3.338199,0,0.838804,-0.355147,-0.122099
14.527042,3.233008,1.325062,0.796531,-0.077658,-1.13186,6.90722,3.323402,0,0.793997,-0.433993,-0.111173
14.527042,3.233008,1.325062,0.796531,-0.077658,-1.13186,6.91119,3.312854,0,0.777244,-0.431689,-0.108519
14.527042,3.233008,1.325062,0.796531,-0.077658,-1.13186,6.915026,3.302444,0,0.762901,-0.430522,-0.10621
14.527042,3.233008,1.325062,0.796531,-0.077658,-1.13186,6.918461,3.294354,0,0.779224,-0.380253,-0.11116
14.527042,3.233008,1.325062,0.796531,-0.077658,-1.13186,6.922379,3.286561,0,0.796616,-0.328125,-0.11637
14.527042,3.233008,1.325062,0.796531,-0.077658,-1.13186,6.925614,3.280855,0,0.812378,-0.294002,-0.120501
14.527042,3.233008,1.325062,0.796531,-0.077658,-1.13186,6.930977,3.271358,0,0.811313,-0.297564,-0.120165
14.527042,3.233008,1.325062,0.796531,-0.077658,-1.13186,6.933979,3.265559,0,0.790879,-0.349691,-0.114455
14.527042,3.233008,1.325062,0.796531,-0.077658,-1.13186,6.934873,3.263568,0,0.782256,-0.370425,-0.112102
14.527042,3.233008,1.325062,0.796531,-0.077658,-1.13186,6.939402,3.251262,0,0.747568,-0.435139,-0.103478
14.527042,3.233008,1.325062,0.796531,-0.077658,-1.13186,6.939402,3.251262,0,0.747568,-0.435139,-0.103478
14.527042,3.233008,1.325062,0.796531,-0.077658,-1.13186,6.946462,3.230753,0,0.73882,-0.439373,-0.101848
14.632932,3.051583,1.07132,0.574857,-0.229336,-1.015557,6.956097,3.206374,0,0.817329,-0.321819,-0.04981
14.632932,3.051583,1.07132,0.574857,-0.229336,-1.015557,6.961371,3.194304,0,0.799748,-0.359295,-0.046556
14.632932,3.051583,1.07132,0.574857,-0.229336,-1.015557,6.962881,3.190183,0,0.78781,-0.386131,-0.044278
14.632932,3.051583,1.07132,0.574857,-0.229336,-1.015557,6.96701,3.177666,0,0.778368,-0.403529,-0.042665
14.632932,3.051583,1.07132,0.574857,-0.229336,-1.015557,6.969726,3.169326,0,0.776396,-0.405372,-0.042416
14.632932,3.051583,1.07132,0.574857,-0.229336,-1.015557,6.969726,3.169326,0,0.776396,-0.405372,-0.042416
14.632932,3.051583,1.07132,0.574857,-0.229336,-1.015557,6.972451,3.160987,0,0.779381,-0.40161,-0.042841
14.632932,3.051583,1.07132,0.574857,-0.229336,-1.015557,6.978804,3.142361,0,0.771615,-0.408766,-0.041865
14.632932,3.051583,1.07132,0.574857,-0.229336,-1.015557,6.986529,3.117724,0,0.761606,-0.396297,-0.041675
14.632932,3.051583,1.07132,0.574857,-0.229336,-1.015557,6.996248,3.087197,0,0.746415,-0.413345,-0.039617
14.632932,3.051583,1.07132,0.574857,-0.229336,-1.015557,7.006259,3.054234,0,0.761518,-0.423848,-0.040313
14.632932,3.051583,1.07132,0.574857,-0.229336,-1.015557,7.012643,3.033538,0,0.762725,-0.408166,-0.041181
14.68123,2.878241,0.818036,0.521105,-0.247407,-0.995889,7.021082,3.006762,0,0.789597,-0.347631,-0.017471
14.68123,2.878241,0.818036,0.521105,-0.247407,-0.995889,7.021749,3.004709,0,0.789517,-0.348952,-0.017451
14.68123,2.878241,0.818036,0.521105,-0.247407,-0.995889,7.021749,3.004709,0,0.789517,-0.348952,-0.017451
14.68123,2.878241,0.818036,0.521105,-0.247407,-0.995889,7.032962,2.969688,0,0.793692,-0.343836,-0.017636
14.68123,2.878241,0.818036,0.521105,-0.247407,-0.995889,7.04264,2.941003,0,0.80535,-0.334697,-0.018083
14.68123,2.878241,0.818036,0.521105,-0.247407,-0.995889,7.04899,2.922445,0,0.795842,-0.334011,-0.017826
14.68123,2.878241,0.818036,0.521105,-0.247407,-0.995889,7.051883,2.914289,0,0.801189,-0.33684,-0.017938
14.68123,2.878241,0.818036,0.521105,-0.247407,-0.995889,7.058322,2.896235,0,0.762539,-0.30547,-0.017274
14.68123,2.878241,0.818036,0.521105,-0.247407,-0.995889,7.059707,2.892395,0,0.756761,-0.305926,-0.017106
14.68123,2.878241,0.818036,0.521105,-0.247407,-0.995889,7.064275,2.877102,0,0.711583,-0.337482,-0.015423
14.68123,2.878241,0.818036,0.521105,-0.247407,-0.995889,7.074084,2.846443,0,0.679117,-0.297912,-0.015041
14.68123,2.878241,0.818036,0.521105,-0.247407,-0.995889,7.07644,2.839466,0,0.67554,-0.292328,-0.015015
14.68123,2.878241,0.818036,0.521105,-0.247407,-0.995889,7.080043,2.828672,0,0.760973,-0.337642,-0.016803
14.724292,2.704785,0.659011,0.690788,-0.178016,-0.011329,7.092892,2.788873,0,0.747365,-0.293871,-0.012991
14.724292,2.704785,0.659011,0.690788,-0.178016,-0.011329,7.097622,2.77422,0,0.699404,-0.280716,-0.012139
14.724292,2.704785,0.659011,0.690788,-0.178016,-0.011329,7.09937,2.768933,0,0.684715,-0.275068,-0.011883
14.724292,2.704785,0.659011,0.690788,-0.178016,-0.011329,7.101056,2.763717,0,0.674719,-0.263065,-0.011736
14.724292,2.704785,0.659011,0.690788,-0.178016,-0.011329,7.107179,2.744372,0,0.860949,-0.340513,-0.014959
14.724292,2.704785,0.659011,0.690788,-0.178016,-0.011329,7.11162,2.730271,0,0.757993,-0.310258,-0.013136
14.724292,2.704785,0.659011,0.690788,-0.178016,-0.011329,7.114142,2.72257,0,0.753228,-0.297804,-0.013088
14.724292,2.704785,0.659011,0.690788,-0.178016,-0.011329,7.115356,2.718689,0,0.770176,-0.313405,-0.013353
14.724292,2.704785,0.659011,0.690788,-0.178016,-0.011329,7.118435,2.708459,0,0.780264,-0.3215,-0.013515
14.724292,2.704785,0.659011,0.690788,-0.178016,-0.011329,7.1245,2.689085,0,0.761326,-0.324989,-0.01315
14.724292,2.704785,0.659011,0.690788,-0.178016,-0.011329,7.129191,2.673473,0,0.755276,-0.326497,-0.013032
14.724292,2.704785,0.659011,0.690788,-0.178016,-0.011329,7.13441,2.655466,0,0.765851,-0.331728,-0.013213
14.775892,2.503207,0.663206,0.719461,-0.312658,0.064191,7.147058,2.611206,0,0.822465,-0.336496,-0.009803
14.775892,2.503207,0.663206,0.719461,-0.312658,0.064191,7.150942,2.598473,0,0.851811,-0.319616,-0.010366
14.775892,2.503207,0.663206,0.719461,-0.312658,0.064191,7.163784,2.559157,0,0.890851,-0.324871,-0.01091
14.775892,2.503207,0.663206,0.719461,-0.312658,0.064191,7.17231,2.531872,0,0.910834,-0.345787,-0.011054
14.775892,2.503207,0.663206,0.719461,-0.312658,0.064191,7.174203,2.524969,0,0.892016,-0.369144,-0.010601
14.775892,2.503207,0.663206,0.719461,-0.312658,0.064191,7.175918,2.518217,0,0.899324,-0.398417,-0.010495
14.775892,2.503207,0.663206,0.719461,-0.312658,0.064191,7.175918,2.518217,0,0.899324,-0.398417,-0.010495
14.775892,2.503207,0.663206,0.719461,-0.312658,0.064191,7.175918,2.518217,0,0.899324,-0.398417,-0.010495
14.775892,2.503207,0.663206,0.719461,-0.312658,0.064191,7.183744,2.488739,0,0.759737,-0.321509,-0.008977
14.775892,2.503207,0.663206,0.719461,-0.312658,0.064191,7.188084,2.474421,0,0.78115,-0.350965,-0.00908
14.775892,2.503207,0.663206,0.719461,-0.312658,0.064191,7.193402,2.455908,0,0.765951,-0.332359,-0.00899
14.775892,2.503207,0.663206,0.719461,-0.312658,0.064191,7.196482,2.445532,0,0.842394,-0.319053,-0.010229
14.775892,2.503207,0.663206,0.719461,-0.312658,0.064191,7.204061,2.421214,0,0.781768,-0.315562,-0.00935
14.775892,2.503207,0.663206,0.719461,-0.312658,0.064191,7.205231,2.41701,0,0.831932,-0.349505,-0.009849
14.818695,2.293675,0.666574,0.69048,-0.263068,-0.058004,7.212695,2.391711,0,0.812349,-0.293053,-0.00358
14.818695,2.293675,0.666574,0.69048,-0.263068,-0.058004,7.220169,2.364668,0,0.777228,-0.328766,-0.00274
14.818695,2.293675,0.666574,0.69048,-0.263068,-0.058004,7.223406,2.352095,0,0.80933,-0.350408,-0.002739
14.818695,2.293675,0.666574,0.69048,-0.263068,-0.058004,7.223406,2.352095,0,0.80933,-0.350408,-0.002739
14.818695,2.293675,0.666574,0.69048,-0.263068,-0.058004,7.223406,2.352095,0,0.80933,-0.350408,-0.002739
14.818695,2.293675,0.666574,0.69048,-0.263068,-0.058004,7.223406,2.352095,0,0.80933,-0.350408,-0.002739
14.818695,2.293675,0.666574,0.69048,-0.263068,-0.058004,7.227103,2.337122,0,0.818874,-0.352553,-0.0028
14.818695,2.293675,0.666574,0.69048,-0.263068,-0.058004,7.234306,2.309636,0,0.80343,-0.335662,-0.002892
14.818695,2.293675,0.666574,0.69048,-0.263068,-0.058004,7.237999,2.294364,0,0.840303,-0.363572,-0.002847
14.818695,2.293675,0.666574,0.69048,-0.263068,-0.058004,7.240656,2.28335,0,0.832306,-0.363109,-0.002778
14.818695,2.293675,0.666574,0.69048,-0.263068,-0.058004,7.243913,2.270343,0,0.827025,-0.311107,-0.003464
14.818695,2.293675,0.666574,0.69048,-0.263068,-0.058004,7.245073,2.266117,0,0.802622,-0.33382,-0.00291
14.818695,2.293675,0.666574,0.69048,-0.263068,-0.058004,7.245073,2.266117,0,0.802622,-0.33382,-0.00291
14.818695,2.293675,0.666574,0.69048,-0.263068,-0.058004,7.246795,2.259579,0,0.884605,-0.37567,-0.003098
14.818695,2.293675,0.666574,0.69048,-0.263068,-0.058004,7.252595,2.236644,0,0.845413,-0.35251,-0.003053
14.818695,2.293675,0.666574,0.69048,-0.263068,-0.058004,7.256637,2.220055,0,0.939516,-0.415125,-0.003061
14.818695,2.293675,0.666574,0.69048,-0.263068,-0.058004,7.258304,2.21279,0,0.882273,-0.387695,-0.002905
14.818695,2.293675,0.666574,0.69048,-0.263068,-0.058004,7.260534,2.203551,0,0.879511,-0.352458,-0.003378
14.818695,2.293675,0.666574,0.69048,-0.263068,-0.058004,7.262765,2.194314,0,0.887373,-0.368458,-0.003226
14.872966,2.099068,0.669274,0.821361,-0.19524,0.178399,7.265524,2.182336,0,0.904953,-0.375919,-0.019574
14.872966,2.099068,0.669274,0.821361,-0.19524,0.178399,7.267752,2.172882,0,0.886954,-0.334408,-0.019372
14.872966,2.099068,0.669274,0.821361,-0.19524,0.178399,7.267752,2.172882,0,0.886954,-0.334408,-0.019372
14.872966,2.099068,0.669274,0.821361,-0.19524,0.178399,7.267752,2.172882,0,0.886954,-0.334408,-0.019372
14.872966,2.099068,0.669274,0.821361,-0.19524,0.178399,7.267752,2.172882,0,0.886954,-0.334408,-0.019372
14.872966,2.099068,0.669274,0.821361,-0.19524,0.178399,7.267752,2.172882,0,0.886954,-0.334408,-0.019372
14.872966,2.099068,0.669274,0.821361,-0.19524,0.178399,7.268338,2.170578,0,0.885566,-0.343433,-0.019289
14.872966,2.099068,0.669274,0.821361,-0.19524,0.178399,7.270767,2.161546,0,0.868442,-0.323619,-0.018989
14.872966,2.099068,0.669274,0.821361,-0.19524,0.178399,7.276707,2.139238,0,0.873974,-0.324182,-0.019118
14.872966,2.099068,0.669274,0.821361,-0.19524,0.178399,7.279748,2.127985,0,0.870076,-0.323839,-0.019027
14.872966,2.099068,0.669274,0.821361,-0.19524,0.178399,7.282162,2.118857,0,0.879399,-0.3284,-0.019225
14.872966,2.099068,0.669274,0.821361,-0.19524,0.178399,7.285587,2.105328,0,0.865704,-0.340938,-0.018828
14.872966,2.099068,0.669274,0.821361,-0.19524,0.178399,7.28783,2.096127,0,0.893871,-0.335439,-0.019532
14.872966,2.099068,0.669274,0.821361,-0.19524,0.178399,7.291426,2.082093,0,0.876503,-0.343843,-0.01907
