0.036796,0.038815,9.988388,-0.004598,-0.019258,0.005688,-0.004593,0.001317,0,0.282921,-0.00338,0.011032
0.036796,0.038815,9.988388,-0.004598,-0.019258,0.005688,-0.003858,0.001312,0,0.296208,-0.003558,0.01155
0.036796,0.038815,9.988388,-0.004598,-0.019258,0.005688,-0.003117,0.001306,0,0.296412,-0.003563,0.011558
0.036796,0.038815,9.988388,-0.004598,-0.019258,0.005688,-0.002347,0.001301,0,0.310566,-0.003736,0.01211
0.036796,0.038815,9.988388,-0.004598,-0.019258,0.005688,-0.001569,0.001295,0,0.310749,-0.00374,0.012117
0.036796,0.038815,9.988388,-0.004598,-0.019258,0.005688,4.4E-05,0.001283,0,0.323749,-0.003873,0.012624
0.036796,0.038815,9.988388,-0.004598,-0.019258,0.005688,4.4E-05,0.001283,0,0.323749,-0.003873,0.012624
0.036796,0.038815,9.988388,-0.004598,-0.019258,0.005688,0.001717,0.001271,0,0.335596,-0.004012,0.013086
0.036796,0.038815,9.988388,-0.004598,-0.019258,0.005688,0.002584,0.001265,0,0.349264,-0.004194,0.013619
0.036796,0.038815,9.988388,-0.004598,-0.019258,0.005688,0.003459,0.001258,0,0.349481,-0.004197,0.013628
0.036796,0.038815,9.988388,-0.004598,-0.019258,0.005688,0.004363,0.001252,0,0.364459,-0.004357,0.014212
0.036796,0.038815,9.988388,-0.004598,-0.019258,0.005688,0.005276,0.001245,0,0.364653,-0.004358,0.014219
0.036796,0.038815,9.988388,-0.004598,-0.019258,0.005688,0.007162,0.001232,0,0.378391,-0.004473,0.014755
0.036796,0.038815,9.988388,-0.004598,-0.019258,0.005688,0.009112,0.001218,0,0.390932,-0.004617,0.015244
0.036796,0.038815,9.988388,-0.004598,-0.019258,0.005688,0.010118,0.001211,0,0.404669,-0.004817,0.01578
0.036796,0.038815,9.988388,-0.004598,-0.019258,0.005688,0.011131,0.001203,0,0.404878,-0.004822,0.015788
0.036796,0.038815,9.988388,-0.004598,-0.019258,0.005688,0.012173,0.001196,0,0.419432,-0.005004,0.016355
0.036796,0.038815,9.988388,-0.004598,-0.019258,0.005688,0.015383,0.001172,0,0.432967,-0.005134,0.016883
0.036796,0.038815,9.988388,-0.004598,-0.019258,0.005688,0.028455,0.00108,0,0.510319,-0.005992,0.019899
0.036796,0.038815,9.988388,-0.004598,-0.019258,0.005688,0.037868,0.001014,0,0.562478,-0.006702,0.021933
0.036796,0.038815,9.988388,-0.004598,-0.019258,0.005688,0.042191,0.000986,0,0.582975,-0.006513,0.022732
0.036796,0.038815,9.988388,-0.004598,-0.019258,0.005688,0.08626,0.000745,0,0.762548,-0.007281,0.029733
0.036796,0.038815,9.988388,-0.004598,-0.019258,0.005688,0.100032,0.000672,0,0.804938,-0.008206,0.031386
0.036796,0.038815,9.988388,-0.004598,-0.019258,0.005688,0.127553,0.000523,0,0.873463,-0.009392,0.034058
0.036796,0.038815,9.988388,-0.004598,-0.019258,0.005688,0.143566,0.000444,0,0.930016,-0.007725,0.036261
0.065683,0.039719,9.987936,0.22946,-0.01846,0.013628,0.162842,0.000344,0,0.976902,-0.008165,0.135097
0.065683,0.039719,9.987936,0.22946,-0.01846,0.013628,0.177908,0.000274,0,1.000428,-0.008115,0.13835
0.065683,0.039719,9.987936,0.22946,-0.01846,0.013628,0.188311,0.000219,0,1.037085,-0.008572,0.14342
0.065683,0.039719,9.987936,0.22946,-0.01846,0.013628,0.215345,8.7E-05,0,1.098267,-0.009275,0.151881
0.065683,0.039719,9.987936,0.22946,-0.01846,0.013628,0.327944,-0.000555,0,1.222244,-0.011731,0.169031
0.065683,0.039719,9.987936,0.22946,-0.01846,0.013628,0.373081,-0.000819,0,1.330113,-0.01277,0.183949
0.065683,0.039719,9.987936,0.22946,-0.01846,0.013628,0.397156,-0.000961,0,1.384686,-0.013694,0.191498
0.065683,0.039719,9.987936,0.22946,-0.01846,0.013628,0.461022,-0.001336,0,1.563033,-0.015236,0.216162
0.065683,0.039719,9.987936,0.22946,-0.01846,0.013628,0.468947,-0.001382,0,1.5862,-0.01544,0.219365
0.174712,0.037807,9.975142,0.616104,-0.070513,0.038164,0.481083,-0.001451,0,1.597077,-0.001482,0.278554
0.174712,0.037807,9.975142,0.616104,-0.070513,0.038164,0.509905,-0.001622,0,1.630804,-0.001568,0.288069
0.174712,0.037807,9.975142,0.616104,-0.070513,0.038164,0.535303,-0.001768,0,1.687986,-0.00125,0.294391
0.174712,0.037807,9.975142,0.616104,-0.070513,0.038164,0.552526,-0.001868,0,1.700528,-0.00167,0.296603
0.174712,0.037807,9.975142,0.616104,-0.070513,0.038164,0.587738,-0.002063,0,1.757947,-0.000836,0.306566
0.174712,0.037807,9.975142,0.616104,-0.070513,0.038164,0.592199,-0.002087,0,1.757628,-0.001012,0.30652
0.174712,0.037807,9.975142,0.616104,-0.070513,0.038164,0.596677,-0.002112,0,1.769212,-0.001303,0.308557
0.174712,0.037807,9.975142,0.616104,-0.070513,0.038164,0.60567,-0.002163,0,1.771823,-0.0013,0.309012
0.174712,0.037807,9.975142,0.616104,-0.070513,0.038164,0.614739,-0.002214,0,1.791463,-0.00122,0.312432
0.174712,0.037807,9.975142,0.616104,-0.070513,0.038164,0.656225,-0.002444,0,1.834892,-0.001952,0.320047
0.174712,0.037807,9.975142,0.616104,-0.070513,0.038164,0.708375,-0.002736,0,1.888597,-0.000742,0.329341
0.174712,0.037807,9.975142,0.616104,-0.070513,0.038164,0.732413,-0.002867,0,1.896723,-0.001192,0.330784
0.174712,0.037807,9.975142,0.616104,-0.070513,0.038164,0.761508,-0.003036,0,1.915286,-0.000412,0.333975
0.174712,0.037807,9.975142,0.616104,-0.070513,0.038164,0.805231,-0.003267,0,1.912289,-0.001074,0.333491
0.174712,0.037807,9.975142,0.616104,-0.070513,0.038164,0.829408,-0.003399,0,1.896232,-0.000995,0.330687
0.174712,0.037807,9.975142,0.616104,-0.070513,0.038164,0.891713,-0.003743,0,1.884511,-0.000887,0.328637
0.381587,0.016157,9.948649,1.048551,-0.136741,0.052921,0.944175,-0.004029,0,1.872044,-0.016609,0.344675
0.381587,0.016157,9.948649,1.048551,-0.136741,0.052921,0.977427,-0.004207,0,1.864835,-0.015852,0.343338
0.381587,0.016157,9.948649,1.048551,-0.136741,0.052921,1.015289,-0.004411,0,1.85753,-0.015431,0.341988
0.381587,0.016157,9.948649,1.048551,-0.136741,0.052921,1.09062,-0.004799,0,1.848621,-0.01487,0.340341
0.381587,0.016157,9.948649,1.048551,-0.136741,0.052921,1.118637,-0.004944,0,1.818889,-0.017572,0.334908
0.381587,0.016157,9.948649,1.048551,-0.136741,0.052921,1.155533,-0.005103,0,1.808812,-0.010404,0.332954
0.381587,0.016157,9.948649,1.048551,-0.136741,0.052921,1.169344,-0.005189,0,1.816793,-0.0194,0.334548
0.381587,0.016157,9.948649,1.048551,-0.136741,0.052921,1.182965,-0.005239,0,1.773082,-0.010053,0.326375
0.381587,0.016157,9.948649,1.048551,-0.136741,0.052921,1.219747,-0.005373,0,1.812274,-0.002814,0.333486
0.381587,0.016157,9.948649,1.048551,-0.136741,0.052921,1.247505,-0.005592,0,1.853767,-0.023348,0.341406
0.381587,0.016157,9.948649,1.048551,-0.136741,0.052921,1.275774,-0.005674,0,1.872446,-0.007155,0.344618
0.381587,0.016157,9.948649,1.048551,-0.136741,0.052921,1.29511,-0.005626,0,1.903726,-0.008732,0.350395
0.381587,0.016157,9.948649,1.048551,-0.136741,0.052921,1.314302,-0.005688,0,1.8763,-0.003646,0.345278
0.381587,0.016157,9.948649,1.048551,-0.136741,0.052921,1.367477,-0.005496,0,1.891414,-0.006954,0.348105
0.687709,-0.008937,9.902173,1.47326,-0.118378,0.087106,1.396248,-0.005624,0,1.884019,-0.027042,0.341986
0.687709,-0.008937,9.902173,1.47326,-0.118378,0.087106,1.429851,-0.005804,0,1.896868,-0.036314,0.34409
0.687709,-0.008937,9.902173,1.47326,-0.118378,0.087106,1.463629,-0.0059,0,1.906511,-0.034217,0.345897
0.687709,-0.008937,9.902173,1.47326,-0.118378,0.087106,1.483067,-0.005982,0,1.91637,-0.033698,0.347703
0.687709,-0.008937,9.902173,1.47326,-0.118378,0.087106,1.502617,-0.006035,0,1.925577,-0.021027,0.349697
0.687709,-0.008937,9.902173,1.47326,-0.118378,0.087106,1.552519,-0.006021,0,1.98425,-0.022868,0.360322
0.687709,-0.008937,9.902173,1.47326,-0.118378,0.087106,1.57798,-0.006,0,2.030373,-0.032319,0.368473
0.687709,-0.008937,9.902173,1.47326,-0.118378,0.087106,1.614114,-0.005832,0,2.046983,0.001004,0.372333
0.687709,-0.008937,9.902173,1.47326,-0.118378,0.087106,1.629731,-0.005625,0,2.042587,0.003899,0.371606
0.687709,-0.008937,9.902173,1.47326,-0.118378,0.087106,1.655746,-0.005426,0,2.035908,-0.019226,0.369809
0.687709,-0.008937,9.902173,1.47326,-0.118378,0.087106,1.671265,-0.005387,0,2.043257,-0.017392,0.371192
0.687709,-0.008937,9.902173,1.47326,-0.118378,0.087106,1.68683,-0.005276,0,2.03351,-0.009855,0.369609
0.687709,-0.008937,9.902173,1.47326,-0.118378,0.087106,1.697209,-0.005188,0,2.042294,-0.008507,0.371241
0.687709,-0.008937,9.902173,1.47326,-0.118378,0.087106,1.71274,-0.005082,0,2.027552,-0.016555,0.368357
0.687709,-0.008937,9.902173,1.47326,-0.118378,0.087106,1.758991,-0.004636,0,1.98925,-0.013096,0.361477
0.687709,-0.008937,9.902173,1.47326,-0.118378,0.087106,1.814892,-0.003894,0,1.997119,-0.000595,0.363223
1.100196,-0.014453,9.858315,1.904729,-0.02759,0.184261,1.893181,-0.002949,0,1.835579,-0.027319,0.337786
1.100196,-0.014453,9.858315,1.904729,-0.02759,0.184261,1.906993,-0.002809,0,1.801649,-0.020308,0.33181
1.100196,-0.014453,9.858315,1.904729,-0.02759,0.184261,1.916046,-0.002705,0,1.774109,-0.013976,0.326986
1.100196,-0.014453,9.858315,1.904729,-0.02759,0.184261,1.946793,-0.002214,0,1.686034,-0.022405,0.310377
1.100196,-0.014453,9.858315,1.904729,-0.02759,0.184261,1.963483,-0.002093,0,1.628642,-0.028968,0.299511
1.100196,-0.014453,9.858315,1.904729,-0.02759,0.184261,1.991187,-0.00192,0,1.513079,-0.023565,0.278396
1.100196,-0.014453,9.858315,1.904729,-0.02759,0.184261,2.020864,-0.001554,0,1.390897,-0.027389,0.25568
1.100196,-0.014453,9.858315,1.904729,-0.02759,0.184261,2.038055,-0.001316,0,1.334879,0.004026,0.246631
1.100196,-0.014453,9.858315,1.904729,-0.02759,0.184261,2.060044,-0.00116,0,1.163937,-0.031345,0.213612
1.100196,-0.014453,9.858315,1.904729,-0.02759,0.184261,2.077636,-0.000713,0,1.107533,-0.002207,0.204398
1.100196,-0.014453,9.858315,1.904729,-0.02759,0.184261,2.103145,-0.000254,0,1.087448,0.045361,0.202649
1.100196,-0.014453,9.858315,1.904729,-0.02759,0.184261,2.114734,0.000124,0,0.797332,-0.044477,0.145383
1.100196,-0.014453,9.858315,1.904729,-0.02759,0.184261,2.125341,-0.000607,0,0.440365,-0.063416,0.078694
1.100196,-0.014453,9.858315,1.904729,-0.02759,0.184261,2.140223,-0.002052,0,0.676496,-0.092577,0.121091
1.100196,-0.014453,9.858315,1.904729,-0.02759,0.184261,2.149265,-0.001411,0,0.774143,0.116875,0.147748
1.100196,-0.014453,9.858315,1.904729,-0.02759,0.184261,2.15823,0.000102,0,0.800245,0.110704,0.152314
1.100196,-0.014453,9.858315,1.904729,-0.02759,0.184261,2.162275,0.00074,0,0.800067,0.107752,0.152159
1.100196,-0.014453,9.858315,1.904729,-0.02759,0.184261,2.172218,0.002643,0,0.810051,0.117654,0.15441
1.100196,-0.014453,9.858315,1.904729,-0.02759,0.184261,2.176347,0.003346,0,0.815403,0.122949,0.155617
1.623277,0.008321,9.825973,2.336253,0.044181,0.319407,2.191775,0.006557,0,0.624785,0.154912,0.113266
1.623277,0.008321,9.825973,2.336253,0.044181,0.319407,2.198357,0.009037,0,0.413414,0.153737,0.074722
1.623277,0.008321,9.825973,2.336253,0.044181,0.319407,2.204466,0.011237,0,0.15498,-0.046276,0.028469
1.623277,0.008321,9.825973,2.336253,0.044181,0.319407,2.214846,0.005898,0,0.409817,-0.111284,0.075233
1.623277,0.008321,9.825973,2.336253,0.044181,0.319407,2.218864,0.004837,0,0.368784,-0.119529,0.067785
1.623277,0.008321,9.825973,2.336253,0.044181,0.319407,2.249011,0.006935,0,1.103515,0.327322,0.199818
1.623277,0.008321,9.825973,2.336253,0.044181,0.319407,2.267002,0.012698,0,1.236268,0.369488,0.223844
1.623277,0.008321,9.825973,2.336253,0.044181,0.319407,2.279934,0.016898,0,1.298877,0.394576,0.235152
1.623277,0.008321,9.825973,2.336253,0.044181,0.319407,2.30955,0.026956,0,1.158248,0.40364,0.209464
1.623277,0.008321,9.825973,2.336253,0.044181,0.319407,2.328678,0.035207,0,0.894008,0.386484,0.161348
1.623277,0.008321,9.825973,2.336253,0.044181,0.319407,2.344957,0.043193,0,0.740845,0.371931,0.133478
2.257023,0.034582,9.796749,2.750872,-0.23234,0.391839,2.357584,0.050148,0,0.76797,0.338325,0.110434
2.257023,0.034582,9.796749,2.750872,-0.23234,0.391839,2.361344,0.052237,0,0.79315,0.350447,0.113972
2.257023,0.034582,9.796749,2.750872,-0.23234,0.391839,2.373156,0.058814,0,0.842287,0.373009,0.120965
2.257023,0.034582,9.796749,2.750872,-0.23234,0.391839,2.385542,0.065831,0,0.777094,0.381824,0.108577
2.257023,0.034582,9.796749,2.750872,-0.23234,0.391839,2.392645,0.070336,0,0.729945,0.380569,0.100231
2.257023,0.034582,9.796749,2.750872,-0.23234,0.391839,2.404294,0.078137,0,0.67601,0.379643,0.090642
2.257023,0.034582,9.796749,2.750872,-0.23234,0.391839,2.415969,0.086245,0,0.756652,0.420135,0.10184
2.257023,0.034582,9.796749,2.750872,-0.23234,0.391839,2.427849,0.094177,0,0.881943,0.472498,0.120084
2.257023,0.034582,9.796749,2.750872,-0.23234,0.391839,2.436481,0.099901,0,0.917477,0.495528,0.124602
2.257023,0.034582,9.796749,2.750872,-0.23234,0.391839,2.444863,0.105679,0,0.833624,0.487359,0.110235
2.257023,0.034582,9.796749,2.750872,-0.23234,0.391839,2.450678,0.109913,0,0.810847,0.487595,0.106135
2.257023,0.034582,9.796749,2.750872,-0.23234,0.391839,2.45634,0.114135,0,0.792632,0.488097,0.102832
2.257023,0.034582,9.796749,2.750872,-0.23234,0.391839,2.47305,0.121609,0,0.799947,0.157006,0.130716
2.257023,0.034582,9.796749,2.750872,-0.23234,0.391839,2.481064,0.123519,0,0.807467,0.088714,0.137544
2.257023,0.034582,9.796749,2.750872,-0.23234,0.391839,2.483096,0.123896,0,0.811275,0.073841,0.13942
2.257023,0.034582,9.796749,2.750872,-0.23234,0.391839,2.494206,0.125252,0,0.913635,0.029182,0.161343
2.257023,0.034582,9.796749,2.750872,-0.23234,0.391839,2.505962,0.12688,0,0.936396,0.045905,0.164079
2.257023,0.034582,9.796749,2.750872,-0.23234,0.391839,2.517749,0.128641,0,0.942781,0.056557,0.164368
2.257023,0.034582,9.796749,2.750872,-0.23234,0.391839,2.539272,0.132308,0,0.945571,0.077853,0.163158
3.000889,0.039976,9.76668,3.105561,-0.760924,0.453177,2.551087,0.13446,0,0.946168,-0.065267,0.17176
3.000889,0.039976,9.76668,3.105561,-0.760924,0.453177,2.569945,0.138218,0,0.946947,-0.040566,0.172924
3.000889,0.039976,9.76668,3.105561,-0.760924,0.453177,2.586471,0.141889,0,0.959197,-0.020695,0.176003
3.000889,0.039976,9.76668,3.105561,-0.760924,0.453177,2.603206,0.145996,0,0.976072,-0.001471,0.179908
3.000889,0.039976,9.76668,3.105561,-0.760924,0.453177,2.619527,0.151164,0,0.957031,0.090881,0.180212
3.000889,0.039976,9.76668,3.105561,-0.760924,0.453177,2.628687,0.154578,0,0.956359,0.108721,0.180825
3.000889,0.039976,9.76668,3.105561,-0.760924,0.453177,2.633173,0.156517,0,0.94242,0.15975,0.180362
3.000889,0.039976,9.76668,3.105561,-0.760924,0.453177,2.63969,0.159686,0,0.922664,0.205584,0.178613
3.000889,0.039976,9.76668,3.105561,-0.760924,0.453177,2.669476,0.17977,0,0.834233,0.443075,0.172117
3.000889,0.039976,9.76668,3.105561,-0.760924,0.453177,2.681135,0.19192,0,0.773856,0.557158,0.165696
3.000889,0.039976,9.76668,3.105561,-0.760924,0.453177,2.69231,0.205431,0,0.816021,0.604658,0.175432
3.000889,0.039976,9.76668,3.105561,-0.760924,0.453177,2.71992,0.239702,0,0.816164,0.639789,0.17691
3.000889,0.039976,9.76668,3.105561,-0.760924,0.453177,2.734481,0.258511,0,0.81275,0.656833,0.176984
3.846715,0.099353,9.748601,3.424404,-1.013975,0.454102,2.752018,0.281984,0,0.891442,0.535806,0.237993
3.846715,0.099353,9.748601,3.424404,-1.013975,0.454102,2.761462,0.294991,0,0.891877,0.547282,0.239656
3.846715,0.099353,9.748601,3.424404,-1.013975,0.454102,2.77543,0.314741,0,0.887529,0.563328,0.241067
3.846715,0.099353,9.748601,3.424404,-1.013975,0.454102,2.781565,0.323608,0,0.885469,0.570063,0.241616
3.846715,0.099353,9.748601,3.424404,-1.013975,0.454102,2.79069,0.337015,0,0.876176,0.576114,0.240739
3.846715,0.099353,9.748601,3.424404,-1.013975,0.454102,2.792193,0.339244,0,0.875539,0.576035,0.240611
3.846715,0.099353,9.748601,3.424404,-1.013975,0.454102,2.79671,0.346005,0,0.880918,0.586916,0.243102
3.846715,0.099353,9.748601,3.424404,-1.013975,0.454102,2.808544,0.361212,0,0.970797,0.486623,0.245823
3.846715,0.099353,9.748601,3.424404,-1.013975,0.454102,2.833066,0.38557,0,1.067689,0.375885,0.248396
3.846715,0.099353,9.748601,3.424404,-1.013975,0.454102,2.85249,0.402442,0,1.063021,0.326655,0.24075
3.846715,0.099353,9.748601,3.424404,-1.013975,0.454102,2.877205,0.422823,0,1.08785,0.328734,0.245608
3.846715,0.099353,9.748601,3.424404,-1.013975,0.454102,2.890528,0.434039,0,1.083379,0.334116,0.245527
3.846715,0.099353,9.748601,3.424404,-1.013975,0.454102,2.905928,0.447249,0,1.075436,0.350862,0.246373
3.846715,0.099353,9.748601,3.424404,-1.013975,0.454102,2.914513,0.454827,0,1.056335,0.354251,0.243323
3.846715,0.099353,9.748601,3.424404,-1.013975,0.454102,2.918688,0.458529,0,1.063092,0.360767,0.245466
4.764295,0.278641,9.734307,3.72178,-1.127746,0.391706,2.953776,0.490539,0,1.013086,0.224101,0.220885
4.764295,0.278641,9.734307,3.72178,-1.127746,0.391706,2.964432,0.501822,0,0.951303,0.282953,0.219506
4.764295,0.278641,9.734307,3.72178,-1.127746,0.391706,2.968947,0.507478,0,0.89358,0.319437,0.215133
4.764295,0.278641,9.734307,3.72178,-1.127746,0.391706,2.971859,0.511278,0,0.870545,0.339845,0.214364
4.764295,0.278641,9.734307,3.72178,-1.127746,0.391706,2.988382,0.536796,0,0.770649,0.455411,0.215538
4.764295,0.278641,9.734307,3.72178,-1.127746,0.391706,2.990479,0.540884,0,0.754897,0.476827,0.216256
4.764295,0.278641,9.734307,3.72178,-1.127746,0.391706,2.993397,0.547124,0,0.732032,0.51038,0.217709
4.764295,0.278641,9.734307,3.72178,-1.127746,0.391706,3.002218,0.566734,0,0.804933,0.551441,0.237761
4.764295,0.278641,9.734307,3.72178,-1.127746,0.391706,3.008707,0.580743,0,0.809682,0.554445,0.239122
4.764295,0.278641,9.734307,3.72178,-1.127746,0.391706,3.012829,0.589887,0,0.793668,0.55624,0.236521
4.764295,0.278641,9.734307,3.72178,-1.127746,0.391706,3.013838,0.592159,0,0.789573,0.556161,0.235766
4.764295,0.278641,9.734307,3.72178,-1.127746,0.391706,3.013838,0.592159,0,0.789573,0.556161,0.235766
4.764295,0.278641,9.734307,3.72178,-1.127746,0.391706,3.014837,0.594424,0,0.785058,0.555843,0.234895
4.764295,0.278641,9.734307,3.72178,-1.127746,0.391706,3.018797,0.603492,0,0.798339,0.567324,0.239215
4.764295,0.278641,9.734307,3.72178,-1.127746,0.391706,3.029829,0.622208,0,1.000887,0.440824,0.254812
4.764295,0.278641,9.734307,3.72178,-1.127746,0.391706,3.051623,0.650903,0,0.946439,0.375447,0.234048
4.764295,0.278641,9.734307,3.72178,-1.127746,0.391706,3.075162,0.682963,0,0.943226,0.40235,0.237952
5.724912,0.590378,9.695025,4.001171,-1.142299,0.192155,3.08325,0.696002,0,0.897233,0.39213,0.208554
5.724912,0.590378,9.695025,4.001171,-1.142299,0.192155,3.089399,0.709601,0,0.847166,0.467193,0.214824
5.724912,0.590378,9.695025,4.001171,-1.142299,0.192155,3.092492,0.716737,0,0.892174,0.482399,0.224461
5.724912,0.590378,9.695025,4.001171,-1.142299,0.192155,3.101643,0.738042,0,0.884872,0.485306,0.22389
5.724912,0.590378,9.695025,4.001171,-1.142299,0.192155,3.111729,0.761853,0,0.88462,0.491811,0.225053
5.724912,0.590378,9.695025,4.001171,-1.142299,0.192155,3.115733,0.771415,0,0.884492,0.494606,0.22555
5.724912,0.590378,9.695025,4.001171,-1.142299,0.192155,3.121703,0.785796,0,0.883292,0.49857,0.226101
5.724912,0.590378,9.695025,4.001171,-1.142299,0.192155,3.123681,0.790597,0,0.905587,0.46173,0.221115
5.724912,0.590378,9.695025,4.001171,-1.142299,0.192155,3.134438,0.811597,0,0.948691,0.39838,0.217515
5.724912,0.590378,9.695025,4.001171,-1.142299,0.192155,3.138469,0.818407,0,0.96127,0.36818,0.213845
5.724912,0.590378,9.695025,4.001171,-1.142299,0.192155,3.143849,0.827469,0,0.961134,0.371624,0.214461
5.724912,0.590378,9.695025,4.001171,-1.142299,0.192155,3.147867,0.834278,0,0.960939,0.373267,0.214735
5.724912,0.590378,9.695025,4.001171,-1.142299,0.192155,3.155876,0.847956,0,0.961572,0.378604,0.215817
5.724912,0.590378,9.695025,4.001171,-1.142299,0.192155,3.161086,0.857164,0,0.94167,0.40033,0.216811
5.724912,0.590378,9.695025,4.001171,-1.142299,0.192155,3.165951,0.866356,0,0.922698,0.424216,0.218344
5.724912,0.590378,9.695025,4.001171,-1.142299,0.192155,3.165951,0.866356,0,0.922698,0.424216,0.218344
5.724912,0.590378,9.695025,4.001171,-1.142299,0.192155,3.168265,0.870995,0,0.914109,0.436282,0.21927
5.724912,0.590378,9.695025,4.001171,-1.142299,0.192155,3.169393,0.873328,0,0.910081,0.444586,0.220193
5.724912,0.590378,9.695025,4.001171,-1.142299,0.192155,3.170506,0.875667,0,0.906531,0.450167,0.220685
5.724912,0.590378,9.695025,4.001171,-1.142299,0.192155,3.170506,0.875667,0,0.906531,0.450167,0.220685
5.724912,0.590378,9.695025,4.001171,-1.142299,0.192155,3.171601,0.878011,0,0.902529,0.455837,0.221125
5.724912,0.590378,9.695025,4.001171,-1.142299,0.192155,3.185633,0.911345,0,0.869247,0.511895,0.226431
6.692644,1.028597,9.627065,4.215243,-0.97703,-0.262718,3.196144,0.937601,0,0.920603,0.415127,0.129242
6.692644,1.028597,9.627065,4.215243,-0.97703,-0.262718,3.204919,0.955969,0,0.950744,0.352372,0.119585
6.692644,1.028597,9.627065,4.215243,-0.97703,-0.262718,3.204919,0.955969,0,0.950744,0.352372,0.119585
6.692644,1.028597,9.627065,4.215243,-0.97703,-0.262718,3.216507,0.97859,0,0.927442,0.382489,0.123704
6.692644,1.028597,9.627065,4.215243,-0.97703,-0.262718,3.216507,0.97859,0,0.927442,0.382489,0.123704
6.692644,1.028597,9.627065,4.215243,-0.97703,-0.262718,3.216507,0.97859,0,0.927442,0.382489,0.123704
6.692644,1.028597,9.627065,4.215243,-0.97703,-0.262718,3.228119,1.006819,0,0.906655,0.470693,0.138536
6.692644,1.028597,9.627065,4.215243,-0.97703,-0.262718,3.244135,1.044551,0,0.927607,0.39279,0.125587
6.692644,1.028597,9.627065,4.215243,-0.97703,-0.262718,3.260587,1.085602,0,0.957985,0.397635,0.128241
6.692644,1.028597,9.627065,4.215243,-0.97703,-0.262718,3.279577,1.134,0,0.943457,0.49199,0.144558
6.692644,1.028597,9.627065,4.215243,-0.97703,-0.262718,3.29008,1.160715,0,0.929891,0.414293,0.129632
7.614935,1.55692,9.531131,3.996597,-0.646338,-1.010411,3.294077,1.170025,0,0.922348,0.409583,-0.022025
7.614935,1.55692,9.531131,3.996597,-0.646338,-1.010411,3.298563,1.182408,0,0.981144,0.486013,-0.013987
7.614935,1.55692,9.531131,3.996597,-0.646338,-1.010411,3.304037,1.198107,0,0.998636,0.50368,-0.012547
7.614935,1.55692,9.531131,3.996597,-0.646338,-1.010411,3.31334,1.222952,0,0.939606,0.429978,-0.020048
7.614935,1.55692,9.531131,3.996597,-0.646338,-1.010411,3.316077,1.230438,0,0.973873,0.486881,-0.013045
7.614935,1.55692,9.531131,3.996597,-0.646338,-1.010411,3.317928,1.235638,0,1.000115,0.49393,-0.014535
7.614935,1.55692,9.531131,3.996597,-0.646338,-1.010411,3.319783,1.240944,0,1.007189,0.507055,-0.012831
7.614935,1.55692,9.531131,3.996597,-0.646338,-1.010411,3.328906,1.266614,0,0.947678,0.475211,-0.012426
7.614935,1.55692,9.531131,3.996597,-0.646338,-1.010411,3.336339,1.287817,0,0.990456,0.502879,-0.01182
7.614935,1.55692,9.531131,3.996597,-0.646338,-1.010411,3.343848,1.308593,0,1.017233,0.512685,-0.012851
7.614935,1.55692,9.531131,3.996597,-0.646338,-1.010411,3.348586,1.322229,0,1.026435,0.510559,-0.014237
7.614935,1.55692,9.531131,3.996597,-0.646338,-1.010411,3.352395,1.332979,0,1.024602,0.515069,-0.013194
7.614935,1.55692,9.531131,3.996597,-0.646338,-1.010411,3.363442,1.365578,0,1.003281,0.522765,-0.009464
7.614935,1.55692,9.531131,3.996597,-0.646338,-1.010411,3.373216,1.395228,0,0.990378,0.524337,-0.007786
8.429094,2.121803,9.398249,3.567935,-0.29853,-1.293883,3.382672,1.424214,0,0.976012,0.493754,-0.075989
8.429094,2.121803,9.398249,3.567935,-0.29853,-1.293883,3.388585,1.442377,0,0.970391,0.493588,-0.07506
8.429094,2.121803,9.398249,3.567935,-0.29853,-1.293883,3.38942,1.444968,0,0.966942,0.494724,-0.074263
8.429094,2.121803,9.398249,3.567935,-0.29853,-1.293883,3.390254,1.44756,0,0.967324,0.495399,-0.074204
8.429094,2.121803,9.398249,3.567935,-0.29853,-1.293883,3.393587,1.457937,0,0.96696,0.497938,-0.073676
8.429094,2.121803,9.398249,3.567935,-0.29853,-1.293883,3.396065,1.465739,0,0.967237,0.501468,-0.073076
8.429094,2.121803,9.398249,3.567935,-0.29853,-1.293883,3.405108,1.494665,0,0.984299,0.514271,-0.073639
8.429094,2.121803,9.398249,3.567935,-0.29853,-1.293883,3.411005,1.513505,0,1.00477,0.524875,-0.075187
8.429094,2.121803,9.398249,3.567935,-0.29853,-1.293883,3.421958,1.54638,0,1.03501,0.473857,-0.089711
8.429094,2.121803,9.398249,3.567935,-0.29853,-1.293883,3.428736,1.564412,0,0.993372,0.451364,-0.086731
8.429094,2.121803,9.398249,3.567935,-0.29853,-1.293883,3.43339,1.576703,0,0.951815,0.429845,-0.083587
8.429094,2.121803,9.398249,3.567935,-0.29853,-1.293883,3.437087,1.586449,0,0.964018,0.43554,-0.084625
8.429094,2.121803,9.398249,3.567935,-0.29853,-1.293883,3.442509,1.60443,0,0.931134,0.524481,-0.06269
8.429094,2.121803,9.398249,3.567935,-0.29853,-1.293883,3.447524,1.621299,0,0.875175,0.418446,-0.072597
8.429094,2.121803,9.398249,3.567935,-0.29853,-1.293883,3.46115,1.663642,0,0.960811,0.561635,-0.060938
8.429094,2.121803,9.398249,3.567935,-0.29853,-1.293883,3.466257,1.683772,0,0.881342,0.522821,-0.054496
9.111525,2.701209,9.224103,3.102351,0.051102,-1.393164,3.473336,1.706499,0,0.94461,0.411493,-0.107201
9.111525,2.701209,9.224103,3.102351,0.051102,-1.393164,3.483057,1.733302,0,0.959874,0.460216,-0.101225
9.111525,2.701209,9.224103,3.102351,0.051102,-1.393164,3.486247,1.745945,0,0.890925,0.5251,-0.07601
9.111525,2.701209,9.224103,3.102351,0.051102,-1.393164,3.487975,1.753501,0,0.884255,0.5266,-0.074446
9.111525,2.701209,9.224103,3.102351,0.051102,-1.393164,3.497368,1.785365,0,0.908948,0.479503,-0.087848
9.111525,2.701209,9.224103,3.102351,0.051102,-1.393164,3.504274,1.809991,0,0.904829,0.480972,-0.086783
9.111525,2.701209,9.224103,3.102351,0.051102,-1.393164,3.507022,1.819779,0,0.879915,0.476949,-0.082704
9.111525,2.701209,9.224103,3.102351,0.051102,-1.393164,3.511165,1.836984,0,0.862318,0.527024,-0.070128
9.111525,2.701209,9.224103,3.102351,0.051102,-1.393164,3.515892,1.859101,0,0.850201,0.52564,-0.06804
9.111525,2.701209,9.224103,3.102351,0.051102,-1.393164,3.518448,1.871396,0,0.849183,0.527625,-0.067479
9.111525,2.701209,9.224103,3.102351,0.051102,-1.393164,3.525506,1.905075,0,0.815466,0.506918,-0.064755
9.111525,2.701209,9.224103,3.102351,0.051102,-1.393164,3.528387,1.919243,0,0.808562,0.506755,-0.063451
9.656971,3.274974,9.00812,2.673693,0.167215,-1.421114,3.535831,1.956869,0,0.82483,0.473707,-0.092324
9.656971,3.274974,9.00812,2.673693,0.167215,-1.421114,3.535831,1.956869,0,0.82483,0.473707,-0.092324
9.656971,3.274974,9.00812,2.673693,0.167215,-1.421114,3.535831,1.956869,0,0.82483,0.473707,-0.092324
9.656971,3.274974,9.00812,2.673693,0.167215,-1.421114,3.542076,1.98791,0,0.858209,0.493782,-0.095945
9.656971,3.274974,9.00812,2.673693,0.167215,-1.421114,3.54904,2.023179,0,0.901942,0.527287,-0.099772
9.656971,3.274974,9.00812,2.673693,0.167215,-1.421114,3.564854,2.107579,0,0.929565,0.549031,-0.102115
9.656971,3.274974,9.00812,2.673693,0.167215,-1.421114,3.56585,2.112961,0,0.93933,0.55239,-0.103494
9.656971,3.274974,9.00812,2.673693,0.167215,-1.421114,3.566356,2.115657,0,0.934874,0.551678,-0.10276
9.656971,3.274974,9.00812,2.673693,0.167215,-1.421114,3.567844,2.12373,0,0.942001,0.554082,-0.103773
9.656971,3.274974,9.00812,2.673693,0.167215,-1.421114,3.569845,2.134537,0,0.944996,0.555927,-0.104093
9.656971,3.274974,9.00812,2.673693,0.167215,-1.421114,3.57135,2.142668,0,0.948448,0.557704,-0.104505
9.656971,3.274974,9.00812,2.673693,0.167215,-1.421114,3.572363,2.148112,0,0.945648,0.558215,-0.103922
9.656971,3.274974,9.00812,2.673693,0.167215,-1.421114,3.575891,2.167215,0,0.955553,0.562686,-0.105186
10.076147,3.822632,8.759515,2.306793,0.447575,-1.33066,3.579147,2.183624,0,0.988317,0.507833,-0.06656
10.076147,3.822632,8.759515,2.306793,0.447575,-1.33066,3.581394,2.194583,0,0.995862,0.510057,-0.067325
10.076147,3.822632,8.759515,2.306793,0.447575,-1.33066,3.581941,2.197334,0,0.991661,0.520639,-0.065061
10.076147,3.822632,8.759515,2.306793,0.447575,-1.33066,3.583062,2.20284,0,1.000902,0.512957,-0.067616
10.076147,3.822632,8.759515,2.306793,0.447575,-1.33066,3.584245,2.20835,0,1.00251,0.502517,-0.069476
10.076147,3.822632,8.759515,2.306793,0.447575,-1.33066,3.584864,2.211065,0,0.996644,0.486686,-0.071073
10.076147,3.822632,8.759515,2.306793,0.447575,-1.33066,3.585475,2.213729,0,0.980508,0.479801,-0.069768
10.076147,3.822632,8.759515,2.306793,0.447575,-1.33066,3.5918,2.243619,0,0.928432,0.486663,-0.061034
10.076147,3.822632,8.759515,2.306793,0.447575,-1.33066,3.59434,2.256157,0,0.866703,0.436051,-0.059814
10.076147,3.822632,8.759515,2.306793,0.447575,-1.33066,3.597911,2.274988,0,0.885547,0.439431,-0.062063
10.076147,3.822632,8.759515,2.306793,0.447575,-1.33066,3.597911,2.274988,0,0.885547,0.439431,-0.062063
10.076147,3.822632,8.759515,2.306793,0.447575,-1.33066,3.6028,2.30089,0,0.83173,0.472017,-0.049073
10.076147,3.822632,8.759515,2.306793,0.447575,-1.33066,3.605736,2.31412,0,0.799266,0.39114,-0.056867
10.076147,3.822632,8.759515,2.306793,0.447575,-1.33066,3.609661,2.337323,0,0.853258,0.494083,-0.048812
10.076147,3.822632,8.759515,2.306793,0.447575,-1.33066,3.612114,2.353573,0,0.788949,0.462118,-0.044314
10.076147,3.822632,8.759515,2.306793,0.447575,-1.33066,3.616971,2.374592,0,0.769526,0.375127,-0.054978
10.076147,3.822632,8.759515,2.306793,0.447575,-1.33066,3.621758,2.401569,0,0.712075,0.430991,-0.037834
10.369759,4.355181,8.485702,1.994586,0.54003,-1.385818,3.623947,2.418054,0,0.713153,0.404569,-0.084332
10.369759,4.355181,8.485702,1.994586,0.54003,-1.385818,3.627673,2.436243,0,0.733368,0.367286,-0.089274
10.369759,4.355181,8.485702,1.994586,0.54003,-1.385818,3.630064,2.451049,0,0.754882,0.394652,-0.091024
10.369759,4.355181,8.485702,1.994586,0.54003,-1.385818,3.632386,2.465763,0,0.75442,0.416239,-0.089826
10.369759,4.355181,8.485702,1.994586,0.54003,-1.385818,3.633709,2.474645,0,0.795436,0.447658,-0.09425
10.369759,4.355181,8.485702,1.994586,0.54003,-1.385818,3.63461,2.481395,0,0.773264,0.437181,-0.091518
10.369759,4.355181,8.485702,1.994586,0.54003,-1.385818,3.636361,2.492172,0,0.759629,0.40171,-0.091357
10.369759,4.355181,8.485702,1.994586,0.54003,-1.385818,3.642034,2.527741,0,0.797929,0.396555,-0.097293
10.369759,4.355181,8.485702,1.994586,0.54003,-1.385818,3.645817,2.552725,0,0.805169,0.462724,-0.094901
10.369759,4.355181,8.485702,1.994586,0.54003,-1.385818,3.647582,2.566665,0,0.810056,0.469298,-0.09528
10.369759,4.355181,8.485702,1.994586,0.54003,-1.385818,3.649325,2.580832,0,0.825519,0.482158,-0.096895
10.369759,4.355181,8.485702,1.994586,0.54003,-1.385818,3.650771,2.592928,0,0.845335,0.497496,-0.099024
10.369759,4.355181,8.485702,1.994586,0.54003,-1.385818,3.652795,2.610461,0,0.875298,0.52058,-0.102248
10.369759,4.355181,8.485702,1.994586,0.54003,-1.385818,3.654802,2.62852,0,0.896103,0.537811,-0.104424
10.577828,4.839525,8.197477,1.605491,0.325805,-1.434121,3.65679,2.647023,0,0.924167,0.514602,-0.185131
10.577828,4.839525,8.197477,1.605491,0.325805,-1.434121,3.660024,2.676954,0,0.95921,0.530622,-0.191926
10.577828,4.839525,8.197477,1.605491,0.325805,-1.434121,3.662387,2.699395,0,0.973235,0.543361,-0.195053
10.577828,4.839525,8.197477,1.605491,0.325805,-1.434121,3.665362,2.730347,0,0.961848,0.552894,-0.193792
10.577828,4.839525,8.197477,1.605491,0.325805,-1.434121,3.666636,2.74436,0,0.960109,0.555019,-0.193643
10.577828,4.839525,8.197477,1.605491,0.325805,-1.434121,3.669063,2.772353,0,0.957742,0.559798,-0.19356
10.577828,4.839525,8.197477,1.605491,0.325805,-1.434121,3.671168,2.797675,0,0.9662,0.565245,-0.195302
10.577828,4.839525,8.197477,1.605491,0.325805,-1.434121,3.672584,2.814667,0,0.971701,0.564938,-0.196187
10.577828,4.839525,8.197477,1.605491,0.325805,-1.434121,3.678011,2.862754,0,1.001744,0.513808,-0.197843
10.577828,4.839525,8.197477,1.605491,0.325805,-1.434121,3.684523,2.908235,0,1.000805,0.510616,-0.197484
10.746655,5.234764,7.904961,1.435086,0.189692,-1.278996,3.688671,2.93665,0,0.901912,0.415755,-0.092986
10.746655,5.234764,7.904961,1.435086,0.189692,-1.278996,3.690239,2.951634,0,0.892317,0.503819,-0.095565
10.746655,5.234764,7.904961,1.435086,0.189692,-1.278996,3.691438,2.969956,0,0.887859,0.462239,-0.09358
10.746655,5.234764,7.904961,1.435086,0.189692,-1.278996,3.69228,2.97724,0,0.855505,0.43529,-0.08978
10.746655,5.234764,7.904961,1.435086,0.189692,-1.278996,3.692961,2.986635,0,0.800022,0.472098,-0.086467
10.746655,5.234764,7.904961,1.435086,0.189692,-1.278996,3.69354,2.99157,0,0.896027,0.441536,-0.093478
10.746655,5.234764,7.904961,1.435086,0.189692,-1.278996,3.694435,2.999131,0,0.886616,0.450352,-0.093016
10.746655,5.234764,7.904961,1.435086,0.189692,-1.278996,3.695311,3.009008,0,0.868727,0.471452,-0.092304
10.746655,5.234764,7.904961,1.435086,0.189692,-1.278996,3.696259,3.01877,0,0.882914,0.46561,-0.093289
10.746655,5.234764,7.904961,1.435086,0.189692,-1.278996,3.69657,3.021302,0,0.909747,0.452783,-0.095083
10.746655,5.234764,7.904961,1.435086,0.189692,-1.278996,3.698343,3.041378,0,0.864747,0.480688,-0.09232
10.746655,5.234764,7.904961,1.435086,0.189692,-1.278996,3.699794,3.059241,0,0.882721,0.491368,-0.094266
10.746655,5.234764,7.904961,1.435086,0.189692,-1.278996,3.700513,3.074603,0,0.871058,0.514286,-0.094155
10.746655,5.234764,7.904961,1.435086,0.189692,-1.278996,3.700813,3.079743,0,0.894595,0.50488,-0.0958
10.746655,5.234764,7.904961,1.435086,0.189692,-1.278996,3.702011,3.105542,0,0.873517,0.515969,-0.09443
10.746655,5.234764,7.904961,1.435086,0.189692,-1.278996,3.703234,3.136484,0,0.887594,0.54476,-0.096742
10.746655,5.234764,7.904961,1.435086,0.189692,-1.278996,3.703555,3.141629,0,0.876885,0.505394,-0.094309
10.746655,5.234764,7.904961,1.435086,0.189692,-1.278996,3.704462,3.159631,0,0.890763,0.531332,-0.096494
10.746655,5.234764,7.904961,1.435086,0.189692,-1.278996,3.705378,3.182941,0,0.891599,0.485762,-0.094807
10.899023,5.559161,7.61134,1.092729,-0.160506,-1.280801,3.706172,3.203424,0,0.880555,0.500225,-0.183726
10.899023,5.559161,7.61134,1.092729,-0.160506,-1.280801,3.70668,3.21374,0,0.891228,0.494801,-0.184541
10.899023,5.559161,7.61134,1.092729,-0.160506,-1.280801,3.706962,3.224113,0,0.889136,0.50104,-0.185018
10.899023,5.559161,7.61134,1.092729,-0.160506,-1.280801,3.707605,3.245369,0,0.926782,0.514779,-0.191933
10.899023,5.559161,7.61134,1.092729,-0.160506,-1.280801,3.708177,3.256322,0,0.970231,0.4973,-0.195817
10.899023,5.559161,7.61134,1.092729,-0.160506,-1.280801,3.709399,3.278871,0,1.020121,0.541291,-0.20815
10.899023,5.559161,7.61134,1.092729,-0.160506,-1.280801,3.71032,3.296861,0,1.064873,0.566038,-0.217404
10.899023,5.559161,7.61134,1.092729,-0.160506,-1.280801,3.711069,3.312346,0,1.037273,0.556176,-0.21236
10.899023,5.559161,7.61134,1.092729,-0.160506,-1.280801,3.711475,3.321609,0,1.072249,0.580134,-0.22016
10.899023,5.559161,7.61134,1.092729,-0.160506,-1.280801,3.711984,3.333997,0,1.071324,0.584191,-0.22053
10.899023,5.559161,7.61134,1.092729,-0.160506,-1.280801,3.712223,3.340191,0,1.069894,0.585878,-0.220539
10.899023,5.559161,7.61134,1.092729,-0.160506,-1.280801,3.713001,3.362197,0,1.099239,0.608128,-0.227348
10.899023,5.559161,7.61134,1.092729,-0.160506,-1.280801,3.715325,3.406833,0,1.209106,0.655856,-0.248466
10.899023,5.559161,7.61134,1.092729,-0.160506,-1.280801,3.715802,3.439043,0,0.991625,0.582335,-0.209237
11.05842,5.773018,7.325458,0.670458,-0.569876,-1.128606,3.716501,3.476355,0,0.964134,0.549708,-0.201411
11.05842,5.773018,7.325458,0.670458,-0.569876,-1.128606,3.718205,3.515731,0,1.013221,0.466656,-0.247073
11.05842,5.773018,7.325458,0.670458,-0.569876,-1.128606,3.719371,3.549376,0,0.79156,0.431701,-0.203747
11.05842,5.773018,7.325458,0.670458,-0.569876,-1.128606,3.719421,3.561211,0,0.792002,0.43127,-0.203753
11.05842,5.773018,7.325458,0.670458,-0.569876,-1.128606,3.719675,3.572872,0,0.831027,0.409272,-0.206883
11.05842,5.773018,7.325458,0.670458,-0.569876,-1.128606,3.720928,3.585415,0,0.957512,0.363166,-0.221054
11.05842,5.773018,7.325458,0.670458,-0.569876,-1.128606,3.720928,3.585415,0,0.957512,0.363166,-0.221054
11.05842,5.773018,7.325458,0.670458,-0.569876,-1.128606,3.72538,3.610623,0,1.10618,0.359084,-0.245715
11.05842,5.773018,7.325458,0.670458,-0.569876,-1.128606,3.72538,3.610623,0,1.10618,0.359084,-0.245715
11.05842,5.773018,7.325458,0.670458,-0.569876,-1.128606,3.727567,3.64944,0,0.910433,0.462218,-0.228863
11.05842,5.773018,7.325458,0.670458,-0.569876,-1.128606,3.730107,3.666806,0,1.169137,0.351901,-0.255286
11.05842,5.773018,7.325458,0.670458,-0.569876,-1.128606,3.733482,3.682502,0,1.229564,0.357034,-0.266395
11.05842,5.773018,7.325458,0.670458,-0.569876,-1.128606,3.738556,3.70536,0,1.282511,0.363688,-0.276473
11.05842,5.773018,7.325458,0.670458,-0.569876,-1.128606,3.739303,3.708621,0,1.282434,0.363563,-0.27644
11.05842,5.773018,7.325458,0.670458,-0.569876,-1.128606,3.741439,3.723342,0,1.046845,0.464823,-0.252505
11.240528,5.850481,7.048438,0.374895,-0.922553,-0.962439,3.742901,3.741192,0,0.906443,0.467419,-0.169188
11.240528,5.850481,7.048438,0.374895,-0.922553,-0.962439,3.745363,3.756402,0,1.063106,0.335351,-0.164664
11.240528,5.850481,7.048438,0.374895,-0.922553,-0.962439,3.74672,3.761978,0,1.101528,0.3047,-0.16383
11.240528,5.850481,7.048438,0.374895,-0.922553,-0.962439,3.748225,3.767646,0,1.128789,0.295437,-0.165219
11.240528,5.850481,7.048438,0.374895,-0.922553,-0.962439,3.751359,3.77927,0,1.167698,0.300301,-0.17007
11.240528,5.850481,7.048438,0.374895,-0.922553,-0.962439,3.753809,3.788194,0,1.192191,0.301502,-0.172828
11.240528,5.850481,7.048438,0.374895,-0.922553,-0.962439,3.756342,3.797273,0,1.213847,0.3017,-0.17513
11.240528,5.850481,7.048438,0.374895,-0.922553,-0.962439,3.758072,3.803393,0,1.224488,0.300633,-0.176077
11.240528,5.850481,7.048438,0.374895,-0.922553,-0.962439,3.76072,3.812633,0,1.235073,0.297931,-0.176758
11.240528,5.850481,7.048438,0.374895,-0.922553,-0.962439,3.765124,3.827416,0,1.167005,0.264779,-0.164362
11.240528,5.850481,7.048438,0.374895,-0.922553,-0.962439,3.76834,3.845294,0,0.884271,0.400602,-0.156264
11.240528,5.850481,7.048438,0.374895,-0.922553,-0.962439,3.769534,3.861818,0,0.8113,0.394873,-0.147704
11.240528,5.850481,7.048438,0.374895,-0.922553,-0.962439,3.770109,3.870827,0,0.789618,0.387001,-0.144182
11.240528,5.850481,7.048438,0.374895,-0.922553,-0.962439,3.776221,3.908198,0,0.849755,0.21131,-0.122617
11.240528,5.850481,7.048438,0.374895,-0.922553,-0.962439,3.778945,3.916923,0,0.906806,0.180983,-0.123788
11.240528,5.850481,7.048438,0.374895,-0.922553,-0.962439,3.781371,3.923705,0,0.954008,0.155559,-0.124703
11.240528,5.850481,7.048438,0.374895,-0.922553,-0.962439,3.785077,3.933116,0,1.015155,0.140959,-0.128799
11.240528,5.850481,7.048438,0.374895,-0.922553,-0.962439,3.787033,3.938015,0,1.044284,0.143924,-0.132323
11.240528,5.850481,7.048438,0.374895,-0.922553,-0.962439,3.79213,3.950949,0,1.129425,0.189499,-0.14848
11.240528,5.850481,7.048438,0.374895,-0.922553,-0.962439,3.79213,3.950949,0,1.129425,0.189499,-0.14848
11.240528,5.850481,7.048438,0.374895,-0.922553,-0.962439,3.79399,3.95658,0,1.161177,0.246455,-0.160844
11.240528,5.850481,7.048438,0.374895,-0.922553,-0.962439,3.794851,3.959512,0,1.178585,0.277471,-0.16759
11.240528,5.850481,7.048438,0.374895,-0.922553,-0.962439,3.798523,3.971737,0,1.257163,0.255986,-0.17242
11.240528,5.850481,7.048438,0.374895,-0.922553,-0.962439,3.80071,3.977885,0,1.27894,0.215118,-0.16822
11.240528,5.850481,7.048438,0.374895,-0.922553,-0.962439,3.803043,3.983695,0,1.177561,0.14164,-0.145935
11.240528,5.850481,7.048438,0.374895,-0.922553,-0.962439,3.806533,3.991811,0,1.159134,0.128636,-0.14194
11.463824,5.818559,6.779427,0.220318,-1.264905,-0.828673,3.813707,4.009813,0,1.03401,0.21703,-0.149377
11.463824,5.818559,6.779427,0.220318,-1.264905,-0.828673,3.81767,4.019407,0,1.002882,0.192656,-0.141896
11.463824,5.818559,6.779427,0.220318,-1.264905,-0.828673,3.820804,4.026406,0,0.995901,0.165301,-0.136557
11.463824,5.818559,6.779427,0.220318,-1.264905,-0.828673,3.827204,4.040168,0,0.988298,0.151141,-0.133357
11.463824,5.818559,6.779427,0.220318,-1.264905,-0.828673,3.828271,4.042453,0,0.988345,0.151163,-0.133366
11.463824,5.818559,6.779427,0.220318,-1.264905,-0.828673,3.83414,4.055208,0,1.183822,0.193108,-0.161759
11.463824,5.818559,6.779427,0.220318,-1.264905,-0.828673,3.839281,4.066388,0,1.216978,0.190558,-0.164958
11.463824,5.818559,6.779427,0.220318,-1.264905,-0.828673,3.841927,4.072076,0,1.232883,0.189251,-0.166478
11.463824,5.818559,6.779427,0.220318,-1.264905,-0.828673,3.845986,4.080716,0,1.254313,0.186579,-0.168375
11.463824,5.818559,6.779427,0.220318,-1.264905,-0.828673,3.848748,4.086534,0,1.266349,0.184239,-0.1693
11.463824,5.818559,6.779427,0.220318,-1.264905,-0.828673,3.854399,4.098291,0,1.288943,0.179015,-0.170897
11.463824,5.818559,6.779427,0.220318,-1.264905,-0.828673,3.858744,4.107199,0,1.302462,0.174236,-0.171576
11.463824,5.818559,6.779427,0.220318,-1.264905,-0.828673,3.863085,4.116166,0,1.304947,0.181873,-0.173125
11.463824,5.818559,6.779427,0.220318,-1.264905,-0.828673,3.865961,4.122153,0,1.304361,0.185106,-0.173602
11.463824,5.818559,6.779427,0.220318,-1.264905,-0.828673,3.871724,4.133874,0,1.261593,0.153066,-0.163565
11.463824,5.818559,6.779427,0.220318,-1.264905,-0.828673,3.877445,4.144828,0,1.212527,0.127714,-0.153959
11.463824,5.818559,6.779427,0.220318,-1.264905,-0.828673,3.887358,4.163405,0,1.16105,0.107795,-0.144998
11.463824,5.818559,6.779427,0.220318,-1.264905,-0.828673,3.901927,4.190029,0,1.20981,0.102193,-0.149393
11.463824,5.818559,6.779427,0.220318,-1.264905,-0.828673,3.907865,4.200746,0,1.214195,0.10008,-0.149519
11.463824,5.818559,6.779427,0.220318,-1.264905,-0.828673,3.91382,4.211466,0,1.204837,0.084084,-0.14582
11.463824,5.818559,6.779427,0.220318,-1.264905,-0.828673,3.925727,4.232621,0,1.203708,0.080295,-0.145063
11.463824,5.818559,6.779427,0.220318,-1.264905,-0.828673,3.928818,4.237931,0,1.216664,0.080291,-0.146479
11.463824,5.818559,6.779427,0.220318,-1.264905,-0.828673,3.931948,4.243289,0,1.229243,0.077571,-0.1474
11.463824,5.818559,6.779427,0.220318,-1.264905,-0.828673,3.941548,4.25939,0,1.23785,0.066252,-0.146447
11.463824,5.818559,6.779427,0.220318,-1.264905,-0.828673,3.949352,4.272832,0,1.224423,0.083075,-0.147793
11.727383,5.673846,6.524794,0.022973,-1.627406,-0.705433,3.966373,4.302972,0,1.237642,0.198353,-0.166131
11.727383,5.673846,6.524794,0.022973,-1.627406,-0.705433,3.975305,4.319661,0,1.205236,0.2489,-0.170952
11.727383,5.673846,6.524794,0.022973,-1.627406,-0.705433,3.983652,4.336488,0,1.233015,0.264038,-0.176439
11.727383,5.673846,6.524794,0.022973,-1.627406,-0.705433,3.996871,4.362231,0,1.247528,0.262263,-0.177713
11.727383,5.673846,6.524794,0.022973,-1.627406,-0.705433,4.002328,4.373754,0,1.215278,0.307916,-0.181746
11.727383,5.673846,6.524794,0.022973,-1.627406,-0.705433,4.024572,4.423364,0,1.238492,0.32837,-0.187615
11.727383,5.673846,6.524794,0.022973,-1.627406,-0.705433,4.039536,4.455727,0,1.260202,0.298116,-0.184979
11.727383,5.673846,6.524794,0.022973,-1.627406,-0.705433,4.062221,4.502642,0,1.262021,0.28867,-0.183621
11.727383,5.673846,6.524794,0.022973,-1.627406,-0.705433,4.081853,4.540244,0,1.255918,0.222578,-0.172088
12.025067,5.419743,6.280825,0.193246,-1.823228,-0.817279,4.088183,4.551319,0,1.229928,0.334218,0.020974
12.025067,5.419743,6.280825,0.193246,-1.823228,-0.817279,4.089818,4.554069,0,1.238136,0.322567,0.0217
12.025067,5.419743,6.280825,0.193246,-1.823228,-0.817279,4.094878,4.562304,0,1.258244,0.299518,0.023249
12.025067,5.419743,6.280825,0.193246,-1.823228,-0.817279,4.10893,4.583086,0,1.256129,0.202031,0.02731
12.025067,5.419743,6.280825,0.193246,-1.823228,-0.817279,4.12049,4.598088,0,1.203543,0.132955,0.028729
12.025067,5.419743,6.280825,0.193246,-1.823228,-0.817279,4.150951,4.635515,0,1.042254,0.103943,0.025352
12.025067,5.419743,6.280825,0.193246,-1.823228,-0.817279,4.166005,4.652741,0,0.981163,0.053963,0.025722
12.025067,5.419743,6.280825,0.193246,-1.823228,-0.817279,4.169273,4.65632,0,0.96356,0.048299,0.025459
12.025067,5.419743,6.280825,0.193246,-1.823228,-0.817279,4.192756,4.680987,0,0.866551,0.011458,0.024248
12.025067,5.419743,6.280825,0.193246,-1.823228,-0.817279,4.212438,4.700327,0,0.853076,-0.01415,0.024946
12.025067,5.419743,6.280825,0.193246,-1.823228,-0.817279,4.221676,4.70904,0,0.858257,-0.023812,0.025502
12.025067,5.419743,6.280825,0.193246,-1.823228,-0.817279,4.226395,4.713424,0,0.861294,-0.027792,0.025757
12.025067,5.419743,6.280825,0.193246,-1.823228,-0.817279,4.258408,4.742346,0,1.047767,-0.05814,0.032362
12.349978,5.152916,6.043006,0.479991,-1.601765,-1.002439,4.287749,4.767999,0,1.298848,-0.005172,0.074893
12.349978,5.152916,6.043006,0.479991,-1.601765,-1.002439,4.312769,4.789209,0,1.277632,-0.020681,0.072656
12.349978,5.152916,6.043006,0.479991,-1.601765,-1.002439,4.31769,4.793337,0,1.275184,-0.025346,0.07221
12.349978,5.152916,6.043006,0.479991,-1.601765,-1.002439,4.327515,4.801442,0,1.248956,-0.051711,0.068976
12.349978,5.152916,6.043006,0.479991,-1.601765,-1.002439,4.339394,4.81134,0,1.245803,0.007129,0.072621
12.349978,5.152916,6.043006,0.479991,-1.601765,-1.002439,4.360338,4.83023,0,1.260519,-6.1E-05,0.073006
12.349978,5.152916,6.043006,0.479991,-1.601765,-1.002439,4.380751,4.846925,0,1.344728,-0.046488,0.074863
12.349978,5.152916,6.043006,0.479991,-1.601765,-1.002439,4.396533,4.859843,0,1.350943,-0.063094,0.074143
12.349978,5.152916,6.043006,0.479991,-1.601765,-1.002439,4.413522,4.873286,0,1.48425,-0.068181,0.081533
12.349978,5.152916,6.043006,0.479991,-1.601765,-1.002439,4.419581,4.877845,0,1.505253,-0.098145,0.080801
12.349978,5.152916,6.043006,0.479991,-1.601765,-1.002439,4.425814,4.882455,0,1.541215,-0.121947,0.081335
12.349978,5.152916,6.043006,0.479991,-1.601765,-1.002439,4.435516,4.889573,0,1.60687,-0.136575,0.084187
12.349978,5.152916,6.043006,0.479991,-1.601765,-1.002439,4.448864,4.899341,0,1.680424,-0.144211,0.08795
12.349978,5.152916,6.043006,0.479991,-1.601765,-1.002439,4.466209,4.9119,0,1.7224,-0.151502,0.089907
12.349978,5.152916,6.043006,0.479991,-1.601765,-1.002439,4.480398,4.922061,0,1.738757,-0.178263,0.089114
12.349978,5.152916,6.043006,0.479991,-1.601765,-1.002439,4.501959,4.93704,0,1.746022,-0.201426,0.088028
12.349978,5.152916,6.043006,0.479991,-1.601765,-1.002439,4.512847,4.944467,0,1.740518,-0.208924,0.087222
12.349978,5.152916,6.043006,0.479991,-1.601765,-1.002439,4.523768,4.9518,0,1.735809,-0.223366,0.086009
12.677828,4.928352,5.794867,0.669093,-1.47371,-1.002277,4.531077,4.956652,0,1.758008,-0.069734,0.042774
12.677828,4.928352,5.794867,0.669093,-1.47371,-1.002277,4.545786,4.966282,0,1.750319,-0.083678,0.042209
12.677828,4.928352,5.794867,0.669093,-1.47371,-1.002277,4.567694,4.980268,0,1.715169,-0.105924,0.040726
12.677828,4.928352,5.794867,0.669093,-1.47371,-1.002277,4.585802,4.991489,0,1.688937,-0.123678,0.039588
12.677828,4.928352,5.794867,0.669093,-1.47371,-1.002277,4.635685,5.021057,0,1.617882,-0.164648,0.036696
12.677828,4.928352,5.794867,0.669093,-1.47371,-1.002277,4.667056,5.038968,0,1.580139,-0.169965,0.035597
12.677828,4.928352,5.794867,0.669093,-1.47371,-1.002277,4.670503,5.040925,0,1.576056,-0.170707,0.035474
12.677828,4.928352,5.794867,0.669093,-1.47371,-1.002277,4.694499,5.054448,0,1.551095,-0.171223,0.034826
12.677828,4.928352,5.794867,0.669093,-1.47371,-1.002277,4.711422,5.064023,0,1.543335,-0.171784,0.034615
12.677828,4.928352,5.794867,0.669093,-1.47371,-1.002277,4.748196,5.08494,0,1.527403,-0.16282,0.034448
12.677828,4.928352,5.794867,0.669093,-1.47371,-1.002277,4.782061,5.103918,0,1.558874,-0.192494,0.034459
12.677828,4.928352,5.794867,0.669093,-1.47371,-1.002277,4.8031,5.115118,0,1.58163,-0.229611,0.034051
12.677828,4.928352,5.794867,0.669093,-1.47371,-1.002277,4.821025,5.124167,0,1.58871,-0.264912,0.033293
12.677828,4.928352,5.794867,0.669093,-1.47371,-1.002277,4.839255,5.132881,0,1.591693,-0.302182,0.032379
12.677828,4.928352,5.794867,0.669093,-1.47371,-1.002277,4.857789,5.141197,0,1.589744,-0.342541,0.031258
12.677828,4.928352,5.794867,0.669093,-1.47371,-1.002277,4.880331,5.15063,0,1.581453,-0.388923,0.029815
13.00764,4.719819,5.538206,0.87674,-1.318756,-1.03207,4.903027,5.159579,0,1.601638,-0.198398,0.026437
13.00764,4.719819,5.538206,0.87674,-1.318756,-1.03207,4.925505,5.168202,0,1.585274,-0.204364,0.025941
13.00764,4.719819,5.538206,0.87674,-1.318756,-1.03207,4.96292,5.181832,0,1.578228,-0.246627,0.024604
13.00764,4.719819,5.538206,0.87674,-1.318756,-1.03207,4.970409,5.184422,0,1.554047,-0.255741,0.023862
13.00764,4.719819,5.538206,0.87674,-1.318756,-1.03207,4.996439,5.193353,0,1.548979,-0.269614,0.023368
13.00764,4.719819,5.538206,0.87674,-1.318756,-1.03207,5.026319,5.203004,0,1.539414,-0.287574,0.022668
13.00764,4.719819,5.538206,0.87674,-1.318756,-1.03207,5.037474,5.206513,0,1.534686,-0.288519,0.022547
13.00764,4.719819,5.538206,0.87674,-1.318756,-1.03207,5.081252,5.220326,0,1.487587,-0.278282,0.021894
13.00764,4.719819,5.538206,0.87674,-1.318756,-1.03207,5.109873,5.229473,0,1.465858,-0.268358,0.02174
13.00764,4.719819,5.538206,0.87674,-1.318756,-1.03207,5.134747,5.23749,0,1.472057,-0.2691,0.021843
13.00764,4.719819,5.538206,0.87674,-1.318756,-1.03207,5.145391,5.240943,0,1.46787,-0.271394,0.021694
13.00764,4.719819,5.538206,0.87674,-1.318756,-1.03207,5.156092,5.244404,0,1.473539,-0.27337,0.021752
13.00764,4.719819,5.538206,0.87674,-1.318756,-1.03207,5.174035,5.250158,0,1.483746,-0.279309,0.021788
13.00764,4.719819,5.538206,0.87674,-1.318756,-1.03207,5.188585,5.254754,0,1.499638,-0.288828,0.021837
13.00764,4.719819,5.538206,0.87674,-1.318756,-1.03207,5.210841,5.261501,0,1.526407,-0.315787,0.021609
13.00764,4.719819,5.538206,0.87674,-1.318756,-1.03207,5.22206,5.264785,0,1.520951,-0.317349,0.021456
13.340089,4.528708,5.277358,1.074072,-1.115112,-1.026188,5.260008,5.274981,0,1.560903,-0.172211,0.01416
13.340089,4.528708,5.277358,1.074072,-1.115112,-1.026188,5.302204,5.284765,0,1.555297,-0.251342,0.011929
13.340089,4.528708,5.277358,1.074072,-1.115112,-1.026188,5.344768,5.292317,0,1.524546,-0.318396,0.009723
13.340089,4.528708,5.277358,1.074072,-1.115112,-1.026188,5.401476,5.299876,0,1.453833,-0.370747,0.007437
13.340089,4.528708,5.277358,1.074072,-1.115112,-1.026188,5.430525,5.303151,0,1.415219,-0.388218,0.006492
13.340089,4.528708,5.277358,1.074072,-1.115112,-1.026188,5.486737,5.308467,0,1.346663,-0.423479,0.004699
13.340089,4.528708,5.277358,1.074072,-1.115112,-1.026188,5.514849,5.309846,0,1.273402,-0.43343,0.003541
13.340089,4.528708,5.277358,1.074072,-1.115112,-1.026188,5.554177,5.315573,0,1.118262,-0.113555,0.010413
13.340089,4.528708,5.277358,1.074072,-1.115112,-1.026188,5.576663,5.321882,0,1.036223,-0.098053,0.009846
13.340089,4.528708,5.277358,1.074072,-1.115112,-1.026188,5.593973,5.326655,0,0.945753,-0.090961,0.008946
13.67125,4.356787,5.021348,1.20694,-0.915445,-1.01349,5.607114,5.330773,0,0.914015,0.060545,0.00049
13.67125,4.356787,5.021348,1.20694,-0.915445,-1.01349,5.613875,5.332613,0,0.951618,0.03418,-8E-05
13.67125,4.356787,5.021348,1.20694,-0.915445,-1.01349,5.616088,5.333234,0,0.918323,0.044003,0.000148
13.67125,4.356787,5.021348,1.20694,-0.915445,-1.01349,5.620349,5.334448,0,0.914455,0.039375,5.7E-05
13.67125,4.356787,5.021348,1.20694,-0.915445,-1.01349,5.626936,5.336117,0,0.920262,0.018407,-0.000376
13.67125,4.356787,5.021348,1.20694,-0.915445,-1.01349,5.635579,5.33827,0,0.907172,3.4E-05,-0.000741
13.67125,4.356787,5.021348,1.20694,-0.915445,-1.01349,5.644667,5.340005,0,0.938855,-0.040853,-0.001602
13.67125,4.356787,5.021348,1.20694,-0.915445,-1.01349,5.667841,5.342877,0,0.966137,-0.146796,-0.003788
13.67125,4.356787,5.021348,1.20694,-0.915445,-1.01349,5.692446,5.341618,0,1.141602,-0.418515,-0.009482
13.67125,4.356787,5.021348,1.20694,-0.915445,-1.01349,5.725076,5.336969,0,1.040502,-0.430794,-0.00965
13.67125,4.356787,5.021348,1.20694,-0.915445,-1.01349,5.736818,5.334992,0,1.143729,-0.471854,-0.010573
13.67125,4.356787,5.021348,1.20694,-0.915445,-1.01349,5.765086,5.329688,0,1.05109,-0.478933,-0.010642
13.67125,4.356787,5.021348,1.20694,-0.915445,-1.01349,5.798703,5.322516,0,0.989681,-0.495807,-0.010937
13.67125,4.356787,5.021348,1.20694,-0.915445,-1.01349,5.821683,5.316871,0,1.011542,-0.531451,-0.011683
13.67125,4.356787,5.021348,1.20694,-0.915445,-1.01349,5.836988,5.313481,0,0.938773,-0.382335,-0.008577
13.67125,4.356787,5.021348,1.20694,-0.915445,-1.01349,5.846539,5.312384,0,0.88357,-0.277301,-0.006387
13.988336,4.209035,4.765906,1.241628,-0.492901,-1.043615,5.870174,5.313272,0,0.69697,-0.024533,0.000459
13.988336,4.209035,4.765906,1.241628,-0.492901,-1.043615,5.89538,5.315405,0,0.713195,-0.009409,0.00197
13.988336,4.209035,4.765906,1.241628,-0.492901,-1.043615,5.89538,5.315405,0,0.713195,-0.009409,0.00197
13.988336,4.209035,4.765906,1.241628,-0.492901,-1.043615,5.89538,5.315405,0,0.713195,-0.009409,0.00197
13.988336,4.209035,4.765906,1.241628,-0.492901,-1.043615,5.913098,5.316393,0,0.725955,-0.035171,-0.000442
13.988336,4.209035,4.765906,1.241628,-0.492901,-1.043615,5.92033,5.316588,0,0.749231,-0.054339,-0.00218
13.988336,4.209035,4.765906,1.241628,-0.492901,-1.043615,5.922172,5.316618,0,0.735059,-0.054154,-0.00222
13.988336,4.209035,4.765906,1.241628,-0.492901,-1.043615,5.931745,5.316504,0,0.776733,-0.093699,-0.005832
13.988336,4.209035,4.765906,1.241628,-0.492901,-1.043615,5.935759,5.316326,0,0.794272,-0.10632,-0.006968
13.988336,4.209035,4.765906,1.241628,-0.492901,-1.043615,5.941887,5.316085,0,0.81397,-0.112943,-0.007522
13.988336,4.209035,4.765906,1.241628,-0.492901,-1.043615,5.96424,5.313345,0,0.926542,-0.230606,-0.018318
13.988336,4.209035,4.765906,1.241628,-0.492901,-1.043615,5.989962,5.306563,0,1.02344,-0.442967,-0.038229
13.988336,4.209035,4.765906,1.241628,-0.492901,-1.043615,6.008351,5.299515,0,0.972664,-0.533272,-0.047066
13.988336,4.209035,4.765906,1.241628,-0.492901,-1.043615,6.026306,5.290829,0,0.993783,-0.60637,-0.053969
13.988336,4.209035,4.765906,1.241628,-0.492901,-1.043615,6.028859,5.289529,0,0.979393,-0.611389,-0.054507
13.988336,4.209035,4.765906,1.241628,-0.492901,-1.043615,6.0314,5.288226,0,0.965641,-0.607919,-0.05423
13.988336,4.209035,4.765906,1.241628,-0.492901,-1.043615,6.03896,5.284313,0,0.966368,-0.608623,-0.054295
13.988336,4.209035,4.765906,1.241628,-0.492901,-1.043615,6.043998,5.28165,0,0.951023,-0.617298,-0.055186
13.988336,4.209035,4.765906,1.241628,-0.492901,-1.043615,6.043998,5.28165,0,0.951023,-0.617298,-0.055186
13.988336,4.209035,4.765906,1.241628,-0.492901,-1.043615,6.051375,5.277712,0,0.923787,-0.607531,-0.054362
13.988336,4.209035,4.765906,1.241628,-0.492901,-1.043615,6.056256,5.275028,0,0.920296,-0.618825,-0.055455
13.988336,4.209035,4.765906,1.241628,-0.492901,-1.043615,6.058702,5.273671,0,0.925808,-0.625844,-0.056104
13.988336,4.209035,4.765906,1.241628,-0.492901,-1.043615,6.063615,5.270927,0,0.928598,-0.633208,-0.056797
14.297263,4.125741,4.506887,1.398604,0.03784,-0.943035,6.080334,5.261316,0,0.977321,-0.515033,-0.038629
14.297263,4.125741,4.506887,1.398604,0.03784,-0.943035,6.092228,5.254207,0,0.973492,-0.528849,-0.040857
14.297263,4.125741,4.506887,1.398604,0.03784,-0.943035,6.106178,5.245566,0,0.940096,-0.533088,-0.042819
14.297263,4.125741,4.506887,1.398604,0.03784,-0.943035,6.112947,5.241243,0,0.921797,-0.533045,-0.043538
14.297263,4.125741,4.506887,1.398604,0.03784,-0.943035,6.141049,5.222664,0,0.877749,-0.545402,-0.047141
14.297263,4.125741,4.506887,1.398604,0.03784,-0.943035,6.153842,5.213647,0,0.880968,-0.566752,-0.050222
14.297263,4.125741,4.506887,1.398604,0.03784,-0.943035,6.1665,5.2046,0,0.862073,-0.551293,-0.048648
14.297263,4.125741,4.506887,1.398604,0.03784,-0.943035,6.189092,5.188996,0,0.83934,-0.515564,-0.044181
14.297263,4.125741,4.506887,1.398604,0.03784,-0.943035,6.201305,5.180796,0,0.838106,-0.504754,-0.042606
14.297263,4.125741,4.506887,1.398604,0.03784,-0.943035,6.2279,5.163408,0,0.846291,-0.488499,-0.039839
14.297263,4.125741,4.506887,1.398604,0.03784,-0.943035,6.26105,5.141996,0,0.850153,-0.514623,-0.043611
14.616123,4.135769,4.253343,1.129009,0.658555,-0.992201,6.281411,5.127601,0,0.829151,-0.558689,-0.051065
14.616123,4.135769,4.253343,1.129009,0.658555,-0.992201,6.312878,5.101512,0,0.863397,-0.535382,-0.179521
14.616123,4.135769,4.253343,1.129009,0.658555,-0.992201,6.342644,5.072077,0,0.858011,-0.57831,-0.186405
14.616123,4.135769,4.253343,1.129009,0.658555,-0.992201,6.357273,5.057007,0,0.850518,-0.586997,-0.187153
14.616123,4.135769,4.253343,1.129009,0.658555,-0.992201,6.371748,5.041721,0,0.849756,-0.606755,-0.190494
14.616123,4.135769,4.253343,1.129009,0.658555,-0.992201,6.389544,5.022346,0,0.834739,-0.616877,-0.190734
14.616123,4.135769,4.253343,1.129009,0.658555,-0.992201,6.408934,5.000617,0,0.83069,-0.632925,-0.193102
14.616123,4.135769,4.253343,1.129009,0.658555,-0.992201,6.440609,4.964139,0,0.833559,-0.656754,-0.197512
14.616123,4.135769,4.253343,1.129009,0.658555,-0.992201,6.463964,4.937132,0,0.869032,-0.663822,-0.202306
14.889857,4.249845,4.001952,0.707558,0.853944,-1.070355,6.513884,4.884419,0,1.00233,-0.467558,-0.099669
14.889857,4.249845,4.001952,0.707558,0.853944,-1.070355,6.535599,4.863037,0,0.996733,-0.477858,-0.098928
14.889857,4.249845,4.001952,0.707558,0.853944,-1.070355,6.553714,4.845802,0,1.007408,-0.468108,-0.1002
14.889857,4.249845,4.001952,0.707558,0.853944,-1.070355,6.584316,4.817077,0,1.012898,-0.470961,-0.100742
14.889857,4.249845,4.001952,0.707558,0.853944,-1.070355,6.604602,4.797652,0,1.011165,-0.481222,-0.100411
14.889857,4.249845,4.001952,0.707558,0.853944,-1.070355,6.628624,4.773798,0,1.006536,-0.503188,-0.099606
14.889857,4.249845,4.001952,0.707558,0.853944,-1.070355,6.649932,4.750947,0,0.98652,-0.561872,-0.096642
15.095891,4.388357,3.747802,0.427035,0.739223,-1.053539,6.664726,4.733379,0,1.049664,-0.477833,-0.03081
15.095891,4.388357,3.747802,0.427035,0.739223,-1.053539,6.678685,4.714692,0,1.037728,-0.552199,-0.025966
15.095891,4.388357,3.747802,0.427035,0.739223,-1.053539,6.685439,4.705139,0,1.0252,-0.558144,-0.024943
15.095891,4.388357,3.747802,0.427035,0.739223,-1.053539,6.703711,4.678884,0,1.015337,-0.571044,-0.023674
15.095891,4.388357,3.747802,0.427035,0.739223,-1.053539,6.713537,4.664465,0,1.006263,-0.574839,-0.022962
15.095891,4.388357,3.747802,0.427035,0.739223,-1.053539,6.729864,4.640099,0,1.012063,-0.584978,-0.02271
15.095891,4.388357,3.747802,0.427035,0.739223,-1.053539,6.746124,4.615368,0,1.021377,-0.605304,-0.022077
15.095891,4.388357,3.747802,0.427035,0.739223,-1.053539,6.755873,4.600376,0,1.024572,-0.610508,-0.02196
15.095891,4.388357,3.747802,0.427035,0.739223,-1.053539,6.77381,4.572733,0,1.033771,-0.609195,-0.02254
15.095891,4.388357,3.747802,0.427035,0.739223,-1.053539,6.783823,4.557799,0,1.042959,-0.585488,-0.02438
15.095891,4.388357,3.747802,0.427035,0.739223,-1.053539,6.794353,4.543284,0,1.064049,-0.531588,-0.028574
15.095891,4.388357,3.747802,0.427035,0.739223,-1.053539,6.819842,4.512564,0,1.028527,-0.458317,-0.030747
15.095891,4.388357,3.747802,0.427035,0.739223,-1.053539,6.828447,4.499593,0,0.983181,-0.479756,-0.027046
15.252003,4.512042,3.490756,0.345212,0.572081,-1.057334,6.831889,4.497422,0,1.063525,-0.345011,0.049979
15.252003,4.512042,3.490756,0.345212,0.572081,-1.057334,6.877345,4.441988,0,1.048226,-0.347029,0.050014
15.252003,4.512042,3.490756,0.345212,0.572081,-1.057334,6.913414,4.395968,0,1.055509,-0.376302,0.053263
15.252003,4.512042,3.490756,0.345212,0.572081,-1.057334,6.935047,4.366669,0,1.038316,-0.400801,0.055703
15.252003,4.512042,3.490756,0.345212,0.572081,-1.057334,6.9543,4.339542,0,1.02012,-0.421645,0.057737
15.252003,4.512042,3.490756,0.345212,0.572081,-1.057334,6.969551,4.316533,0,1.002597,-0.458173,0.061473
15.252003,4.512042,3.490756,0.345212,0.572081,-1.057334,6.989174,4.283107,0,0.974394,-0.532187,0.069129
15.376465,4.587768,3.232304,0.487236,0.207246,-0.996639,7.002042,4.258518,0,0.999396,-0.432355,0.16631
15.376465,4.587768,3.232304,0.487236,0.207246,-0.996639,7.019865,4.224066,0,1.00233,-0.48702,0.175452
15.376465,4.587768,3.232304,0.487236,0.207246,-0.996639,7.02233,4.219131,0,0.974587,-0.474838,0.170806
15.376465,4.587768,3.232304,0.487236,0.207246,-0.996639,7.038826,4.187268,0,1.021982,-0.487136,0.177363
15.376465,4.587768,3.232304,0.487236,0.207246,-0.996639,7.057733,4.149082,0,0.995254,-0.479189,0.173502
15.376465,4.587768,3.232304,0.487236,0.207246,-0.996639,7.080725,4.102625,0,1.06032,-0.466568,0.177722
15.376465,4.587768,3.232304,0.487236,0.207246,-0.996639,7.084981,4.094928,0,1.059011,-0.463144,0.177041
15.376465,4.587768,3.232304,0.487236,0.207246,-0.996639,7.089165,4.087248,0,1.053151,-0.465118,0.176797
15.376465,4.587768,3.232304,0.487236,0.207246,-0.996639,7.090549,4.084691,0,1.050648,-0.466201,0.176731
15.376465,4.587768,3.232304,0.487236,0.207246,-0.996639,7.094646,4.077032,0,1.039512,-0.471458,0.176511
15.376465,4.587768,3.232304,0.487236,0.207246,-0.996639,7.095986,4.074485,0,1.034061,-0.473559,0.176326
15.376465,4.587768,3.232304,0.487236,0.207246,-0.996639,7.103353,4.061669,0,1.091346,-0.437915,0.176066
15.376465,4.587768,3.232304,0.487236,0.207246,-0.996639,7.107856,4.053979,0,1.087449,-0.4426,0.17645
15.376465,4.587768,3.232304,0.487236,0.207246,-0.996639,7.112297,4.046225,0,1.103004,-0.448694,0.178936
15.376465,4.587768,3.232304,0.487236,0.207246,-0.996639,7.122897,4.027861,0,1.115837,-0.458036,0.181685
15.474885,4.565648,2.972677,0.680808,-0.119852,-0.930858,7.132022,4.011863,0,1.145296,-0.421027,0.162746
15.474885,4.565648,2.972677,0.680808,-0.119852,-0.930858,7.141086,3.995771,0,1.141938,-0.418065,0.162054
15.474885,4.565648,2.972677,0.680808,-0.119852,-0.930858,7.146981,3.985328,0,1.129867,-0.41375,0.160354
15.474885,4.565648,2.972677,0.680808,-0.119852,-0.930858,7.155223,3.970227,0,1.048507,-0.415482,0.152717
15.474885,4.565648,2.972677,0.680808,-0.119852,-0.930858,7.159853,3.959924,0,1.001803,-0.496572,0.158265
15.474885,4.565648,2.972677,0.680808,-0.119852,-0.930858,7.165822,3.947127,0,1.025201,-0.409902,0.149775
15.474885,4.565648,2.972677,0.680808,-0.119852,-0.930858,7.172501,3.935082,0,1.015818,-0.378985,0.145036
15.474885,4.565648,2.972677,0.680808,-0.119852,-0.930858,7.182242,3.914593,0,1.008577,-0.517762,0.161546
15.474885,4.565648,2.972677,0.680808,-0.119852,-0.930858,7.186605,3.903946,0,1.013385,-0.526926,0.163147
15.474885,4.565648,2.972677,0.680808,-0.119852,-0.930858,7.194646,3.886448,0,0.982635,-0.401553,0.144632
15.474885,4.565648,2.972677,0.680808,-0.119852,-0.930858,7.199595,3.877103,0,0.948182,-0.396328,0.140659
15.474885,4.565648,2.972677,0.680808,-0.119852,-0.930858,7.201798,3.872341,0,0.951979,-0.460328,0.148962
15.474885,4.565648,2.972677,0.680808,-0.119852,-0.930858,7.20389,3.867394,0,0.950759,-0.49099,0.152646
15.474885,4.565648,2.972677,0.680808,-0.119852,-0.930858,7.204906,3.864874,0,0.952545,-0.500209,0.153962
15.474885,4.565648,2.972677,0.680808,-0.119852,-0.930858,7.20592,3.862343,0,0.954748,-0.504184,0.154667
15.474885,4.565648,2.972677,0.680808,-0.119852,-0.930858,7.206935,3.859802,0,0.957592,-0.506761,0.155261
15.474885,4.565648,2.972677,0.680808,-0.119852,-0.930858,7.215199,3.839176,0,0.985704,-0.52911,0.160746
15.474885,4.565648,2.972677,0.680808,-0.119852,-0.930858,7.23934,3.776369,0,0.93378,-0.51959,0.154554
15.563157,4.44575,2.713338,0.990719,-0.399613,-0.821766,7.25251,3.741293,0,0.95502,-0.462401,0.196999
15.563157,4.44575,2.713338,0.990719,-0.399613,-0.821766,7.257109,3.728557,0,0.942266,-0.467178,0.195918
15.563157,4.44575,2.713338,0.990719,-0.399613,-0.821766,7.26625,3.703092,0,0.953311,-0.483346,0.199727
15.563157,4.44575,2.713338,0.990719,-0.399613,-0.821766,7.277169,3.672252,0,0.948997,-0.489737,0.200037
15.563157,4.44575,2.713338,0.990719,-0.399613,-0.821766,7.291142,3.633688,0,0.983768,-0.435289,0.197125
15.563157,4.44575,2.713338,0.990719,-0.399613,-0.821766,7.30768,3.591389,0,0.930967,-0.416454,0.187185
15.563157,4.44575,2.713338,0.990719,-0.399613,-0.821766,7.314182,3.576688,0,0.963581,-0.393965,0.188497
15.563157,4.44575,2.713338,0.990719,-0.399613,-0.821766,7.325932,3.549881,0,0.967465,-0.404106,0.190467
15.563157,4.44575,2.713338,0.990719,-0.399613,-0.821766,7.336664,3.525198,0,0.979952,-0.414691,0.193685
15.656335,4.221362,2.454329,1.335749,-0.464992,-0.794865,7.369444,3.433306,0,0.99143,-0.532301,0.152503
15.656335,4.221362,2.454329,1.335749,-0.464992,-0.794865,7.374237,3.416883,0,0.992555,-0.537025,0.152722
15.656335,4.221362,2.454329,1.335749,-0.464992,-0.794865,7.376611,3.408655,0,0.994396,-0.541165,0.15304
15.656335,4.221362,2.454329,1.335749,-0.464992,-0.794865,7.381337,3.392189,0,0.993801,-0.543477,0.152978
15.656335,4.221362,2.454329,1.335749,-0.464992,-0.794865,7.387868,3.370605,0,0.987698,-0.51478,0.151756
15.656335,4.221362,2.454329,1.335749,-0.464992,-0.794865,7.395265,3.344724,0,0.920721,-0.518416,0.141895
15.656335,4.221362,2.454329,1.335749,-0.464992,-0.794865,7.400252,3.327028,0,0.899777,-0.512675,0.138734
15.656335,4.221362,2.454329,1.335749,-0.464992,-0.794865,7.404432,3.312111,0,0.886581,-0.491047,0.136542
15.656335,4.221362,2.454329,1.335749,-0.464992,-0.794865,7.410441,3.289535,0,0.880686,-0.491864,0.13568
15.656335,4.221362,2.454329,1.335749,-0.464992,-0.794865,7.415036,3.272046,0,0.879039,-0.50121,0.135541
15.656335,4.221362,2.454329,1.335749,-0.464992,-0.794865,7.416369,3.267122,0,0.888112,-0.486991,0.136724
15.656335,4.221362,2.454329,1.335749,-0.464992,-0.794865,7.418693,3.259857,0,0.904904,-0.437702,0.138657
15.656335,4.221362,2.454329,1.335749,-0.464992,-0.794865,7.420702,3.252421,0,0.884162,-0.507752,0.136371
15.792227,3.94487,2.201207,1.331508,-0.189548,-1.013103,7.431691,3.212768,0,0.934675,-0.401934,-0.048148
15.792227,3.94487,2.201207,1.331508,-0.189548,-1.013103,7.438538,3.187649,0,0.928348,-0.488592,-0.053414
15.792227,3.94487,2.201207,1.331508,-0.189548,-1.013103,7.439168,3.185098,0,0.928516,-0.489797,-0.053494
15.792227,3.94487,2.201207,1.331508,-0.189548,-1.013103,7.443403,3.170564,0,0.913128,-0.393699,-0.047103
15.792227,3.94487,2.201207,1.331508,-0.189548,-1.013103,7.444993,3.165847,0,0.918558,-0.395643,-0.047358
15.792227,3.94487,2.201207,1.331508,-0.189548,-1.013103,7.446554,3.161165,0,0.907073,-0.390362,-0.046745
15.792227,3.94487,2.201207,1.331508,-0.189548,-1.013103,7.447334,3.158827,0,0.904921,-0.388355,-0.046566
15.792227,3.94487,2.201207,1.331508,-0.189548,-1.013103,7.449687,3.151647,0,0.922663,-0.403893,-0.047975
15.792227,3.94487,2.201207,1.331508,-0.189548,-1.013103,7.452793,3.142056,0,0.921082,-0.404889,-0.047998
15.792227,3.94487,2.201207,1.331508,-0.189548,-1.013103,7.454324,3.137394,0,0.897521,-0.390088,-0.046493
15.792227,3.94487,2.201207,1.331508,-0.189548,-1.013103,7.455088,3.135074,0,0.894962,-0.388723,-0.046344
15.792227,3.94487,2.201207,1.331508,-0.189548,-1.013103,7.456574,3.130481,0,0.872977,-0.389608,-0.045859
15.792227,3.94487,2.201207,1.331508,-0.189548,-1.013103,7.458823,3.12352,0,0.892344,-0.394526,-0.046643
15.792227,3.94487,2.201207,1.331508,-0.189548,-1.013103,7.460294,3.118916,0,0.871405,-0.38795,-0.045716
15.792227,3.94487,2.201207,1.331508,-0.189548,-1.013103,7.462454,3.112062,0,0.878303,-0.385453,-0.04573
15.792227,3.94487,2.201207,1.331508,-0.189548,-1.013103,7.468573,3.091067,0,0.87636,-0.405564,-0.04694
15.792227,3.94487,2.201207,1.331508,-0.189548,-1.013103,7.471451,3.081917,0,0.876986,-0.390497,-0.046013
15.792227,3.94487,2.201207,1.331508,-0.189548,-1.013103,7.475834,3.068095,0,0.888309,-0.399501,-0.046855
15.792227,3.94487,2.201207,1.331508,-0.189548,-1.013103,7.477976,3.061045,0,0.903364,-0.40863,-0.047796
15.792227,3.94487,2.201207,1.331508,-0.189548,-1.013103,7.477976,3.061045,0,0.903364,-0.40863,-0.047796
15.792227,3.94487,2.201207,1.331508,-0.189548,-1.013103,7.484964,3.037436,0,0.908766,-0.435345,-0.049601
15.792227,3.94487,2.201207,1.331508,-0.189548,-1.013103,7.48839,3.025599,0,0.861849,-0.428874,-0.048042
15.937619,3.691644,1.94959,1.086548,-0.341011,-1.045991,7.492546,3.01101,0,0.928115,-0.423228,-0.045078
15.937619,3.691644,1.94959,1.086548,-0.341011,-1.045991,7.495719,2.998601,0,0.928076,-0.456289,-0.041993
15.937619,3.691644,1.94959,1.086548,-0.341011,-1.045991,7.498346,2.988393,0,0.957313,-0.454839,-0.04479
15.937619,3.691644,1.94959,1.086548,-0.341011,-1.045991,7.49961,2.983349,0,0.92915,-0.451324,-0.042553
15.937619,3.691644,1.94959,1.086548,-0.341011,-1.045991,7.501427,2.97583,0,0.918256,-0.466716,-0.040126
15.937619,3.691644,1.94959,1.086548,-0.341011,-1.045991,7.502561,2.970737,0,0.927174,-0.477217,-0.03996
15.937619,3.691644,1.94959,1.086548,-0.341011,-1.045991,7.510737,2.934568,0,0.936075,-0.481399,-0.04038
15.937619,3.691644,1.94959,1.086548,-0.341011,-1.045991,7.518014,2.901147,0,0.922519,-0.486401,-0.03868
15.937619,3.691644,1.94959,1.086548,-0.341011,-1.045991,7.521832,2.883074,0,0.9321,-0.495555,-0.038699
15.937619,3.691644,1.94959,1.086548,-0.341011,-1.045991,7.525608,2.864909,0,0.944432,-0.499683,-0.039437
15.937619,3.691644,1.94959,1.086548,-0.341011,-1.045991,7.529372,2.846549,0,0.948,-0.51128,-0.038681
15.937619,3.691644,1.94959,1.086548,-0.341011,-1.045991,7.529911,2.843917,0,0.946612,-0.507438,-0.038913
15.937619,3.691644,1.94959,1.086548,-0.341011,-1.045991,7.531508,2.83599,0,0.952154,-0.514662,-0.038744
15.937619,3.691644,1.94959,1.086548,-0.341011,-1.045991,7.533126,2.827993,0,0.952771,-0.517843,-0.038504
15.937619,3.691644,1.94959,1.086548,-0.341011,-1.045991,7.535799,2.814574,0,0.96322,-0.525066,-0.038782
15.937619,3.691644,1.94959,1.086548,-0.341011,-1.045991,7.537407,2.806478,0,0.966527,-0.527534,-0.038854
15.937619,3.691644,1.94959,1.086548,-0.341011,-1.045991,7.540707,2.790253,0,0.977884,-0.525714,-0.040058
15.937619,3.691644,1.94959,1.086548,-0.341011,-1.045991,7.542886,2.779375,0,0.975404,-0.527072,-0.039705
15.937619,3.691644,1.94959,1.086548,-0.341011,-1.045991,7.546705,2.760296,0,0.978248,-0.529575,-0.039731
16.007515,3.440773,1.696054,0.884305,-0.694411,-0.949615,7.551349,2.738513,0,1.010861,-0.47037,0.003066
16.007515,3.440773,1.696054,0.884305,-0.694411,-0.949615,7.557109,2.715097,0,0.936619,-0.40425,-0.002193
16.007515,3.440773,1.696054,0.884305,-0.694411,-0.949615,7.560114,2.702984,0,0.908877,-0.399077,-0.001043
16.007515,3.440773,1.696054,0.884305,-0.694411,-0.949615,7.566422,2.671835,0,0.895949,-0.465777,0.01051
16.007515,3.440773,1.696054,0.884305,-0.694411,-0.949615,7.567955,2.664202,0,0.950617,-0.453422,0.004651
16.007515,3.440773,1.696054,0.884305,-0.694411,-0.949615,7.56849,2.661846,0,0.878292,-0.407253,0.002436
16.007515,3.440773,1.696054,0.884305,-0.694411,-0.949615,7.56849,2.661846,0,0.878292,-0.407253,0.002436
16.007515,3.440773,1.696054,0.884305,-0.694411,-0.949615,7.569014,2.659554,0,0.877522,-0.383048,-0.001368
16.007515,3.440773,1.696054,0.884305,-0.694411,-0.949615,7.569014,2.659554,0,0.877522,-0.383048,-0.001368
16.007515,3.440773,1.696054,0.884305,-0.694411,-0.949615,7.569578,2.657254,0,0.86565,-0.384282,-0.000327
16.007515,3.440773,1.696054,0.884305,-0.694411,-0.949615,7.571029,2.650408,0,0.830221,-0.414548,0.007019
16.007515,3.440773,1.696054,0.884305,-0.694411,-0.949615,7.571509,2.648166,0,0.827047,-0.396486,0.004366
16.007515,3.440773,1.696054,0.884305,-0.694411,-0.949615,7.57202,2.645937,0,0.830714,-0.383506,0.002035
16.007515,3.440773,1.696054,0.884305,-0.694411,-0.949615,7.574088,2.63708,0,0.815902,-0.390402,0.004189
16.007515,3.440773,1.696054,0.884305,-0.694411,-0.949615,7.57456,2.634862,0,0.817307,-0.39299,0.004501
16.007515,3.440773,1.696054,0.884305,-0.694411,-0.949615,7.575499,2.630418,0,0.818582,-0.395572,0.004822
16.007515,3.440773,1.696054,0.884305,-0.694411,-0.949615,7.577098,2.623507,0,0.894549,-0.397114,-0.000337
16.007515,3.440773,1.696054,0.884305,-0.694411,-0.949615,7.580458,2.608953,0,0.87777,-0.445688,0.008601
16.007515,3.440773,1.696054,0.884305,-0.694411,-0.949615,7.582907,2.596985,0,0.902897,-0.404586,0.00026
16.007515,3.440773,1.696054,0.884305,-0.694411,-0.949615,7.584023,2.592205,0,0.89237,-0.408744,0.001672
16.007515,3.440773,1.696054,0.884305,-0.694411,-0.949615,7.584573,2.589806,0,0.893747,-0.412808,0.002222
16.007515,3.440773,1.696054,0.884305,-0.694411,-0.949615,7.585092,2.58742,0,0.882084,-0.419443,0.00411
16.007515,3.440773,1.696054,0.884305,-0.694411,-0.949615,7.5856,2.585017,0,0.884664,-0.426708,0.005084
16.007515,3.440773,1.696054,0.884305,-0.694411,-0.949615,7.586146,2.582635,0,0.887434,-0.409998,0.002223
16.007515,3.440773,1.696054,0.884305,-0.694411,-0.949615,7.587275,2.577821,0,0.895511,-0.407224,0.001206
16.007515,3.440773,1.696054,0.884305,-0.694411,-0.949615,7.588439,2.572891,0,0.929849,-0.421821,0.00109
16.007515,3.440773,1.696054,0.884305,-0.694411,-0.949615,7.594111,2.548559,0,0.907529,-0.415611,0.001688
16.007515,3.440773,1.696054,0.884305,-0.694411,-0.949615,7.596945,2.536317,0,0.918794,-0.432986,0.003657
16.007515,3.440773,1.696054,0.884305,-0.694411,-0.949615,7.600761,2.518932,0,0.924899,-0.438344,0.004077
15.976507,3.163595,1.442043,0.806341,-1.025894,-0.879115,7.611108,2.471452,0,0.938527,-0.425848,0.028327
15.976507,3.163595,1.442043,0.806341,-1.025894,-0.879115,7.617367,2.438568,0,0.93116,-0.448484,0.031586
15.976507,3.163595,1.442043,0.806341,-1.025894,-0.879115,7.621285,2.41307,0,0.892896,-0.460944,0.034426
15.976507,3.163595,1.442043,0.806341,-1.025894,-0.879115,7.626613,2.377719,0,0.903737,-0.473721,0.035806
15.976507,3.163595,1.442043,0.806341,-1.025894,-0.879115,7.629397,2.357348,0,0.912336,-0.487336,0.037367
15.976507,3.163595,1.442043,0.806341,-1.025894,-0.879115,7.631935,2.339517,0,0.917682,-0.501196,0.039061
15.976507,3.163595,1.442043,0.806341,-1.025894,-0.879115,7.634583,2.318964,0,0.923303,-0.503459,0.039192
15.976507,3.163595,1.442043,0.806341,-1.025894,-0.879115,7.636497,2.303232,0,0.921441,-0.499036,0.038656
15.976507,3.163595,1.442043,0.806341,-1.025894,-0.879115,7.638721,2.284749,0,0.945029,-0.503648,0.038552
15.976507,3.163595,1.442043,0.806341,-1.025894,-0.879115,7.639713,2.276721,0,0.948523,-0.530935,0.042101
15.976507,3.163595,1.442043,0.806341,-1.025894,-0.879115,7.64093,2.265904,0,0.960682,-0.534789,0.042245
15.976507,3.163595,1.442043,0.806341,-1.025894,-0.879115,7.641535,2.260438,0,0.956804,-0.537092,0.042673
15.976507,3.163595,1.442043,0.806341,-1.025894,-0.879115,7.642511,2.252218,0,0.960653,-0.527602,0.041283
15.870378,2.854946,1.190743,0.833683,-1.08612,-0.951499,7.643423,2.243877,0,0.994453,-0.524797,0.012629
15.870378,2.854946,1.190743,0.833683,-1.08612,-0.951499,7.645611,2.224331,0,0.997815,-0.528197,0.012673
15.870378,2.854946,1.190743,0.833683,-1.08612,-0.951499,7.647668,2.207412,0,1.015032,-0.513421,0.012869
15.870378,2.854946,1.190743,0.833683,-1.08612,-0.951499,7.648773,2.198907,0,1.020237,-0.515293,0.012934
15.870378,2.854946,1.190743,0.833683,-1.08612,-0.951499,7.652959,2.170642,0,1.036206,-0.491182,0.013105
15.870378,2.854946,1.190743,0.833683,-1.08612,-0.951499,7.658296,2.139526,0,1.045838,-0.471436,0.013203
15.870378,2.854946,1.190743,0.833683,-1.08612,-0.951499,7.662119,2.116879,0,1.050792,-0.47604,0.013268
15.870378,2.854946,1.190743,0.833683,-1.08612,-0.951499,7.666829,2.085682,0,1.034907,-0.472284,0.013071
15.870378,2.854946,1.190743,0.833683,-1.08612,-0.951499,7.669976,2.069365,0,1.002367,-0.449918,0.012652
15.870378,2.854946,1.190743,0.833683,-1.08612,-0.951499,7.673263,2.048042,0,0.998644,-0.460114,0.012617
15.870378,2.854946,1.190743,0.833683,-1.08612,-0.951499,7.675716,2.031814,0,0.979036,-0.444394,0.012363
15.870378,2.854946,1.190743,0.833683,-1.08612,-0.951499,7.676844,2.023962,0,0.946591,-0.465085,0.011988
15.870378,2.854946,1.190743,0.833683,-1.08612,-0.951499,7.682656,1.97579,0,0.937556,-0.508672,0.01192
15.75542,2.531949,0.944772,0.955857,-0.943032,-0.96561,7.6873,1.923109,0,0.935572,-0.477227,0.011199
15.75542,2.531949,0.944772,0.955857,-0.943032,-0.96561,7.68953,1.899646,0,0.940954,-0.481222,0.01005
15.75542,2.531949,0.944772,0.955857,-0.943032,-0.96561,7.691288,1.878921,0,0.921997,-0.445081,0.010883
15.75542,2.531949,0.944772,0.955857,-0.943032,-0.96561,7.692945,1.855326,0,0.936581,-0.486368,0.009714
15.75542,2.531949,0.944772,0.955857,-0.943032,-0.96561,7.694731,1.834402,0,0.951517,-0.495612,0.009811
15.75542,2.531949,0.944772,0.955857,-0.943032,-0.96561,7.697159,1.802321,0,0.939192,-0.430956,0.011964
15.75542,2.531949,0.944772,0.955857,-0.943032,-0.96561,7.698712,1.784078,0,0.982913,-0.504025,0.010446
15.75542,2.531949,0.944772,0.955857,-0.943032,-0.96561,7.700182,1.759283,0,0.983217,-0.520154,0.009823
15.75542,2.531949,0.944772,0.955857,-0.943032,-0.96561,7.702806,1.727056,0,0.972937,-0.520641,0.009488
15.675142,2.201691,0.69757,1.117455,-0.710395,-0.966872,7.704259,1.70268,0,0.937892,-0.438569,0.012228
15.675142,2.201691,0.69757,1.117455,-0.710395,-0.966872,7.705769,1.685988,0,1.018448,-0.471529,0.013571
15.675142,2.201691,0.69757,1.117455,-0.710395,-0.966872,7.706808,1.658902,0,1.044792,-0.499933,0.012913
15.675142,2.201691,0.69757,1.117455,-0.710395,-0.966872,7.708086,1.620181,0,0.948819,-0.504909,0.008557
15.675142,2.201691,0.69757,1.117455,-0.710395,-0.966872,7.709089,1.591941,0,0.882717,-0.436993,0.01
15.675142,2.201691,0.69757,1.117455,-0.710395,-0.966872,7.711048,1.571575,0,0.92168,-0.407346,0.013489
15.675142,2.201691,0.69757,1.117455,-0.710395,-0.966872,7.712051,1.554139,0,0.886198,-0.440018,0.009958
15.675142,2.201691,0.69757,1.117455,-0.710395,-0.966872,7.713141,1.523424,0,0.919211,-0.481314,0.008779
15.675142,2.201691,0.69757,1.117455,-0.710395,-0.966872,7.713199,1.52083,0,0.919349,-0.482585,0.008705
15.675142,2.201691,0.69757,1.117455,-0.710395,-0.966872,7.713357,1.512992,0,0.923729,-0.489243,0.008475
15.675142,2.201691,0.69757,1.117455,-0.710395,-0.966872,7.713509,1.502543,0,0.922982,-0.495715,0.008041
15.675142,2.201691,0.69757,1.117455,-0.710395,-0.966872,7.71362,1.489399,0,0.922916,-0.505105,0.007453
15.675142,2.201691,0.69757,1.117455,-0.710395,-0.966872,7.713813,1.460262,0,0.918594,-0.513222,0.006766
15.675142,2.201691,0.69757,1.117455,-0.710395,-0.966872,7.713793,1.455083,0,0.922069,-0.508103,0.007231
15.684528,1.944653,0.660397,0.896144,-0.312298,0.025862,7.714837,1.390812,0,0.86431,-0.409158,-0.004524
15.684528,1.944653,0.660397,0.896144,-0.312298,0.025862,7.714941,1.37128,0,0.871186,-0.459943,-0.005142
15.684528,1.944653,0.660397,0.896144,-0.312298,0.025862,7.71483,1.356443,0,0.873971,-0.471013,-0.005276
15.684528,1.944653,0.660397,0.896144,-0.312298,0.025862,7.714582,1.34141,0,0.88787,-0.488946,-0.005488
15.684528,1.944653,0.660397,0.896144,-0.312298,0.025862,7.714029,1.320934,0,0.88402,-0.496849,-0.005587
15.684528,1.944653,0.660397,0.896144,-0.312298,0.025862,7.712926,1.27858,0,0.869502,-0.475541,-0.005334
15.684528,1.944653,0.660397,0.896144,-0.312298,0.025862,7.709849,1.190608,0,1.112058,-0.649835,-0.007332
15.712278,1.702886,0.678455,1.047704,-0.327777,-0.02057,7.709389,1.180831,0,1.155035,-0.611674,-0.011418
