8.782793,-0.57392,-0.027115,-0.015527,6.92
8.903432,1.300315,-0.037976,-0.027003,6.93
8.89502,0.637542,-0.0383,-0.04992,6.94
8.894986,0.529076,-0.037835,-0.150749,6.95
8.894994,0.519149,-0.038709,2.203917,6.96
8.895639,0.523417,-0.037895,0.16139,6.97
8.895279,0.484314,-0.038253,0.073361,6.98
8.895243,0.751198,-0.03812,0.040986,6.99
8.960123,0.472816,-0.062781,0.017233,7
9.043779,0.463413,-0.060995,0.015934,7.01
9.068968,0.460438,-0.060817,0.015865,7.02
8.99984,0.455564,-0.060806,0.01587,7.03
9.008613,0.461131,-0.060809,0.01587,7.04
9.031447,0.443566,-0.060827,0.01587,7.05
9.006269,0.448557,-0.060826,0.01587,7.06
9.153965,0.447256,-0.036061,0.015859,7.07
9.126794,0.44523,-0.032248,0.015864,7.08
9.123938,0.421634,-0.0327,0.015864,7.09
9.123594,0.460054,-0.032673,0.015861,7.1
9.123701,0.454406,-0.032634,0.01585,7.11
9.122644,0.453066,-0.032413,0.015156,7.12
9.210421,0.452921,-0.042558,0.016162,7.13
9.211057,0.45349,-0.044811,0.016035,7.14
9.211124,0.456482,-0.045062,0.016047,7.15
9.211134,0.446008,-0.045024,0.015993,7.16
9.211126,0.449774,-0.044965,0.015921,7.17
9.211049,0.450503,-0.04508,0.015896,7.18
9.21105,0.450795,-0.045117,0.015905,7.19
9.255331,0.451172,-0.036563,0.015902,7.2
9.270622,0.450801,-0.035607,0.015895,7.21
9.270563,0.45107,-0.035736,0.015893,7.22
9.274234,0.451078,-0.035776,0.01589,7.23
9.272907,0.451088,-0.035808,0.015891,7.24
9.273712,0.451092,-0.035773,0.015881,7.25
9.274525,0.451093,-0.035838,0.015878,7.26
9.280046,0.451403,-0.03579,0.015876,7.27
9.277829,0.451133,-0.035764,0.015875,7.28
9.767277,0.449168,-0.060358,0.016083,7.29
9.491422,0.447409,-0.056601,0.015898,7.3
9.493303,0.412777,-0.056072,0.015888,7.31
9.139733,0.436799,-0.056542,0.015881,7.32
9.398349,0.449322,-0.056239,0.015891,7.33
9.417146,0.450173,-0.056175,0.015987,7.34
9.453896,0.447548,-0.058198,0.015883,7.35
9.53065,0.445931,-0.058043,0.015881,7.36
9.51369,0.441086,-0.058864,0.015869,7.37
9.519879,0.501386,-0.057947,0.015865,7.38
9.520847,0.457348,-0.058034,0.015801,7.39
9.516826,0.453791,-0.058053,0.015877,7.4
9.557336,0.748304,-0.060124,0.886219,7.41
9.550743,0.670277,-0.060618,-0.083312,7.42
9.554288,0.268396,-0.060655,-0.048973,7.43
9.578635,6.721797,-0.060671,-0.043311,7.44
9.561313,1.675681,-0.060664,-0.039875,7.45
9.557726,1.76999,-0.060654,-0.042531,7.46
9.557933,1.610029,-0.060663,-0.047138,7.47
9.553,1.57843,-0.060649,-0.049722,7.48
9.475259,1.581516,-0.060664,-0.045179,7.49
9.553157,1.369795,-0.060675,-0.068345,7.5
9.551855,1.234111,-0.060674,0.043468,7.51
9.55203,1.135838,-0.060675,-0.013334,7.52
9.553299,1.110421,-0.060664,-0.017454,7.53
9.579088,1.097089,-0.060674,-0.022611,7.54
9.777459,1.14494,-0.036819,-0.028165,7.55
9.767161,0.538215,-0.038491,-0.028827,7.56
9.744083,1.003324,-0.039332,-0.030042,7.57
9.756408,1.0138,-0.039296,-0.03053,7.58
9.757557,1.011418,-0.039134,-0.020205,7.59
9.758483,1.019879,-0.039237,-0.030886,7.6
9.761021,0.976132,-0.039053,-0.030859,7.61
9.770412,1.646542,-0.039261,-0.03082,7.62
9.837802,1.135613,-0.02975,-0.030767,7.63
9.835044,1.09785,-0.028542,-0.030889,7.64
9.834089,1.190307,-0.028637,-0.030533,7.65
9.833634,0.231156,-0.028413,-0.03062,7.66
9.834269,0.971646,-0.028503,-0.030626,7.67
9.833309,0.927603,-0.028519,-0.030625,7.68
9.833645,0.822433,-0.028439,-0.030622,7.69
9.861921,0.965331,-0.064635,-0.030618,7.7
9.838179,0.993193,-0.067462,-0.030642,7.71
9.861328,1.038537,-0.067541,-0.03063,7.72
9.857453,1.041694,-0.067524,-0.030628,7.73
9.866774,1.096721,-0.067561,-0.030419,7.74
9.861742,1.077926,-0.067782,-0.030741,7.75
9.864317,1.071428,-0.067479,-0.030733,7.76
9.882336,1.067882,-0.067541,-0.030723,7.77
10.000112,1.068446,-0.065812,-0.030723,7.78
10.051288,1.068476,-0.06492,-0.030717,7.79
10.06429,1.068755,-0.065361,-0.030715,7.8
10.062377,1.066642,-0.065316,-0.030712,7.81
10.06569,1.064491,-0.065353,-0.03071,7.82
10.05641,1.064812,-0.065453,-0.03071,7.83
10.064556,1.06472,-0.06378,-0.0307,7.84
10.068872,1.064444,-0.065192,-0.030705,7.85
10.063666,1.064302,-0.064066,-0.030692,7.86
10.138889,1.064388,-0.066302,-0.030718,7.87
10.118998,1.082372,-0.066296,-0.030714,7.88
10.131559,1.060379,-0.066252,-0.030718,7.89
10.132396,1.062547,-0.066286,-0.030717,7.9
10.133451,1.062944,-0.066284,-0.030717,7.91
10.143282,1.049621,-0.085864,-0.026435,7.92
10.143464,1.281375,-0.080612,-0.023433,7.93
10.143803,1.193327,-0.080328,-0.015196,7.94
10.153171,1.210608,-0.08029,-0.021406,7.95
10.142601,1.214421,-0.080345,-0.021224,7.96
10.143671,1.197085,-0.080292,-0.02064,7.97
10.143576,-3.177419,-0.080337,-0.023002,7.98
10.142981,1.126341,-0.080351,-0.022571,7.99
10.130625,1.156551,-0.085416,-0.021773,8
10.133541,1.153418,-0.086199,-0.022125,8.01
10.133185,1.158116,-0.086406,-0.022198,8.02
10.131735,1.158082,-0.086355,-0.02218,8.03
10.138351,1.156915,-0.086452,-0.022166,8.04
10.097456,1.15991,-0.086291,-0.022174,8.05
10.131165,1.16394,-0.08733,-0.022175,8.06
10.13177,1.161734,-0.086261,-0.022175,8.07
10.132579,1.238277,-0.08642,-0.022175,8.08
10.131118,1.160923,-0.08646,-0.022175,8.09
10.32464,1.160849,-0.088213,-0.022176,8.1
10.341991,1.160731,-0.088247,-0.022176,8.11
10.342541,1.161077,-0.088278,-0.022175,8.12
10.363049,1.161491,-0.088245,-0.022175,8.13
10.35704,1.163392,-0.088267,-0.022175,8.14
10.343752,1.16236,-0.088228,-0.022174,8.15
10.342882,1.162422,-0.088253,-0.022174,8.16
10.339551,1.161974,-0.088247,-0.022171,8.17
10.339653,1.161573,-0.088262,-0.022219,8.18
10.393707,1.161247,-0.088859,-0.022165,8.19
10.400842,1.16125,-0.088894,-0.02217,8.2
10.401552,1.161161,-0.088821,-0.022171,8.21
10.399631,1.164654,-0.08888,-0.022166,8.22
10.401738,1.161639,-0.088868,-0.022169,8.23
10.400568,1.161624,-0.088927,-0.02217,8.24
10.182431,1.162593,-0.088884,-0.022171,8.25
10.398258,1.159579,-0.088888,-0.022171,8.26
10.367682,1.160612,-0.088891,-0.022172,8.27
10.366056,1.162582,-0.089206,-0.022176,8.28
10.365464,1.161734,-0.088945,-0.022176,8.29
10.365235,1.161456,-0.088646,-0.022175,8.3
10.365339,1.161142,-0.088871,-0.022175,8.31
10.35899,1.161062,-0.088904,-0.022175,8.32
10.362911,1.161144,-0.089029,-0.022172,8.33
10.352024,1.161262,-0.088807,-0.022172,8.34
10.364391,1.161297,-0.088779,-0.022097,8.35
10.523306,1.161001,-0.088575,-0.02209,8.36
10.607459,1.161004,-0.091762,-0.022262,8.37
10.620213,1.161053,-0.090021,-0.022215,8.38
10.622972,1.162338,-0.089848,-0.022193,8.39
10.619142,1.161481,-0.089766,-0.022181,8.4
10.617154,1.161519,-0.089721,-0.022176,8.41
10.620766,1.161514,-0.089902,-0.022176,8.42
10.61764,1.16225,-0.089954,-0.022177,8.43
10.647778,1.024171,-0.092764,-0.046579,8.44
10.64816,1.042748,-0.093015,-0.042551,8.45
10.644979,1.048555,-0.092987,-0.039166,8.46
10.646844,1.027269,-0.093028,-0.044786,8.47
10.648407,1.05295,-0.093055,-0.031187,8.48
10.648784,1.052001,-0.092984,-0.032274,8.49
10.649199,1.052461,-0.093041,-0.027769,8.5
10.647934,1.048671,-0.093027,0.008222,8.51
10.650868,1.049854,-0.093028,-0.049848,8.52
10.640074,1.049954,-0.093133,-0.041153,8.53
11.54214,1.051275,-0.107514,-0.039091,8.54
11.488281,1.051268,-0.099751,-0.038399,8.55
11.499881,1.051236,-0.101128,-0.038172,8.56
11.500549,1.051125,-0.101344,-0.038149,8.57
11.501504,1.051087,-0.101894,-0.037881,8.58
11.499574,1.051438,-0.101033,-0.037512,8.59
11.499624,1.051372,-0.101338,-0.037376,8.6
11.500966,1.052139,-0.101354,-0.0373,8.61
11.400137,1.051197,-0.103427,-0.037136,8.62
11.371899,1.051211,-0.103801,-0.037192,8.63
11.376438,1.051075,-0.103223,-0.037187,8.64
11.37634,1.050976,-0.103138,-0.037186,8.65
11.378118,1.050873,-0.10365,-0.037188,8.66
11.391462,1.050517,-0.10364,-0.037187,8.67
11.383274,1.050265,-0.104906,-0.037186,8.68
11.37538,1.05036,-0.103467,-0.037187,8.69
10.910852,1.048758,-0.106831,-0.037188,8.7
10.884257,1.050412,-0.10684,-0.037186,8.71
10.892748,1.050405,-0.106838,-0.037187,8.72
10.892309,1.050392,-0.106835,-0.037191,8.73
10.893182,1.050413,-0.106849,-0.037175,8.74
10.893902,1.050735,-0.10684,-0.037175,8.75
10.891942,1.048238,-0.106838,-0.037176,8.76
10.893903,1.04975,-0.106838,-0.037179,8.77
10.892246,1.05041,-0.10684,-0.037177,8.78
10.892945,1.050352,-0.106845,-0.037179,8.79
11.336053,1.012076,-0.113615,-0.037168,8.8
18.980296,1.312862,-0.114066,-0.037169,8.81
13.119067,1.061855,-0.114167,-0.037171,8.82
12.510173,1.052693,-0.113978,-0.037166,8.83
12.539517,1.054203,-0.114096,-0.037163,8.84
12.320464,1.053707,-0.114102,-0.037161,8.85
12.300861,1.053237,-0.114217,-0.037155,8.86
12.296672,1.053596,-0.114363,-0.037132,8.87
11.851161,1.054657,-0.114881,-0.037219,8.88
11.82525,1.056465,-0.114826,-0.037202,8.89
11.822244,1.059361,-0.11483,-0.037195,8.9
11.822128,1.073584,-0.114886,-0.03719,8.91
11.816512,1.020862,-0.114885,-0.037187,8.92
11.822202,1.041789,-0.11489,-0.037186,8.93
11.824534,1.045255,-0.115,-0.037172,8.94
11.820776,1.047367,-0.114886,-0.037168,8.95
11.824204,1.048346,-0.1149,-0.037175,8.96
11.823632,1.048788,-0.115113,-0.037174,8.97
11.824086,1.04911,-0.114873,-0.037182,8.98
11.822064,1.049408,-0.114894,-0.037181,8.99
11.250001,0.418595,-0.116241,-0.037064,9
11.313582,6.900055,-0.116205,-0.036729,9.01
11.317274,2.693808,-0.116045,-0.034642,9.02
11.28223,2.366256,-0.116188,-0.031426,9.03
11.310136,2.371938,-0.116211,-0.022165,9.04
11.311848,2.376654,-0.116197,0.031292,9.05
11.307975,2.495396,-0.116021,-0.107902,9.06
11.569844,2.958091,-0.11291,-0.047552,9.07
11.635188,3.064369,-0.113596,-0.045424,9.08
11.626784,2.963117,-0.112639,-0.044594,9.09
11.632059,2.543549,-0.112488,-0.044797,9.1
11.634454,2.433962,-0.111747,-0.044786,9.11
11.635807,2.223447,-0.112442,-0.044837,9.12
11.713764,1.789505,-0.11287,-0.044849,9.13
11.714964,1.906073,-0.11288,-0.044829,9.14
11.715835,1.193252,-0.112887,-0.045029,9.15
11.676985,1.825355,-0.113002,-0.044915,9.16
11.712556,2.413657,-0.112929,-0.044908,9.17
11.717487,1.894465,-0.112885,-0.044957,9.18
11.706174,1.869845,-0.112854,-0.044951,9.19
11.48345,1.864537,-0.118237,-0.044906,9.2
11.475549,1.863634,-0.118209,-0.0449,9.21
11.485327,1.863521,-0.118208,-0.044897,9.22
11.47847,1.863407,-0.11824,-0.044898,9.23
11.475575,1.863554,-0.118028,-0.044869,9.24
11.474907,1.863443,-0.118208,-0.044869,9.25
11.478071,1.863442,-0.118192,-0.044861,9.26
11.476705,1.86344,-0.118208,-0.04486,9.27
11.480141,1.863464,-0.118204,-0.04486,9.28
11.475554,1.863452,-0.118222,-0.044861,9.29
11.221065,1.863524,-0.111904,-0.045089,9.3
11.248187,1.863483,-0.092657,-0.045046,9.31
11.248938,1.863474,-0.092939,-0.044961,9.32
11.253483,1.863407,-0.092517,-0.044961,9.33
11.253781,1.863378,-0.091805,-0.044947,9.34
11.243761,1.863366,-0.091681,-0.04494,9.35
11.45061,1.863781,-0.096336,-0.044918,9.36
11.449339,1.863739,-0.096122,-0.044909,9.37
11.449754,1.863719,-0.095991,-0.044953,9.38
11.449562,1.864546,-0.096077,-0.04469,9.39
11.44885,1.864377,-0.096025,-0.044824,9.4
11.44892,1.864971,-0.096101,-0.044838,9.41
11.448431,1.859281,-0.095949,-0.044831,9.42
11.443584,0.306045,-0.109485,-0.059148,9.43
11.443768,0.297322,-0.110223,-0.14484,9.44
11.443046,0.296719,-0.110368,0.221682,9.45
11.443829,0.296658,-0.109892,0.069894,9.46
11.443806,0.296665,-0.110322,0.059267,9.47
11.443971,0.296667,-0.110264,0.067003,9.48
11.44385,0.296667,-0.110779,0.047182,9.49
11.444149,0.296668,-0.110321,0.055221,9.5
11.432001,0.296694,-0.121038,-0.016586,9.51
11.429999,0.296595,-0.121346,0.003057,9.52
11.420257,0.296638,-0.121339,0.003859,9.53
11.421181,0.296642,-0.1213,0.005296,9.54
11.420396,0.296665,-0.121365,0.004942,9.55
11.608945,0.29738,-0.108206,0.004977,9.56
11.67993,0.297194,-0.106147,0.005264,9.57
11.832278,0.29618,-0.105931,0.018415,9.58
11.741462,0.296542,-0.105926,0.004013,9.59
11.744869,0.296009,-0.105934,0.004387,9.6
11.731955,0.297024,-0.105932,0.004527,9.61
11.763849,0.296236,-0.105935,0.004547,9.62
11.718097,0.296734,-0.105935,0.004563,9.63
11.720832,0.296708,-0.105929,0.004611,9.64
11.726437,0.296649,-0.105924,0.004612,9.65
11.835666,0.29658,-0.108353,0.004726,9.66
11.835583,0.296605,-0.108197,0.004665,9.67
11.836435,0.296644,-0.108209,0.004719,9.68
11.836517,0.296671,-0.108201,0.004638,9.69
11.836386,0.296667,-0.108209,0.004602,9.7
11.836513,0.29685,-0.108213,0.004681,9.71
11.836405,0.296658,-0.108201,0.00469,9.72
11.672532,0.296878,-0.083917,0.004691,9.73
11.680871,0.296871,-0.086542,0.004682,9.74
11.680762,0.296872,-0.086803,0.004673,9.75
11.680928,0.297018,-0.086827,0.004669,9.76
11.681336,0.29726,-0.086857,0.004665,9.77
11.681166,0.298473,-0.086841,0.004662,9.78
11.681092,0.294068,-0.08684,0.004659,9.79
12.032689,0.248117,-0.099459,0.004549,9.8
12.029187,0.28957,-0.101157,0.004608,9.81
12.023626,0.293326,-0.101263,0.004625,9.82
12.0242,0.294652,-0.101265,0.004627,9.83
12.023909,0.295109,-0.10129,0.004622,9.84
12.023831,0.295382,-0.101296,0.004852,9.85
12.023973,0.295491,-0.101316,0.004678,9.86
12.023927,0.295593,-0.101284,0.004666,9.87
12.023868,0.295531,-0.101297,0.004664,9.88
12.024203,0.29569,-0.10129,0.004659,9.89
12.070827,-3.172341,-0.114994,0.009448,9.9
12.070841,1.537932,-0.115474,0.016524,9.91
12.069155,1.062955,-0.114,0.044678,9.92
12.070159,0.990074,-0.113622,-0.286997,9.93
11.999853,0.469564,-0.120928,0.013645,9.94
12.001934,0.709252,-0.121453,0.005453,9.95
12.001787,0.707789,-0.121459,0.001443,9.96
12.00128,0.567222,-0.12146,0.000818,9.97
12.004709,-6.209272,-0.121459,0.008441,9.98
12.025671,1.078877,-0.121461,-0.018157,9.99
11.949119,1.1398,-0.12267,-0.013172,10
11.953222,1.105442,-0.123296,-0.01126,10.01
11.953835,1.036907,-0.123392,-0.009942,10.02
11.955562,1.091228,-0.12341,-0.010368,10.03
11.95453,1.249507,-0.123345,-0.010667,10.04
11.952625,1.39144,-0.123402,-0.01075,10.05
11.954173,1.647508,-0.123344,-0.009346,10.06
11.982972,-243.495537,-0.123399,-0.007856,10.07
12.185449,0.950314,-0.109339,-0.006139,10.08
12.192186,0.845335,-0.105518,0.002863,10.09
12.192222,0.814542,-0.105293,-0.003199,10.1
12.193158,0.811175,-0.105281,-0.002885,10.11
12.192431,0.809662,-0.105265,-0.003416,10.12
12.192454,0.810311,-0.105268,-0.003911,10.13
12.187704,0.809897,-0.105264,-0.00406,10.14
13.06257,0.821907,-0.111307,-0.004218,10.15
12.285195,0.816708,-0.111666,-0.004308,10.16
12.260099,0.817684,-0.11167,-0.001859,10.17
12.264024,0.822776,-0.111699,-0.004573,10.18
12.263315,0.858819,-0.111687,-0.004498,10.19
12.261489,0.753995,-0.111704,-0.004579,10.2
12.262489,0.787688,-0.111649,-0.004122,10.21
12.314822,0.796319,-0.117568,-0.004353,10.22
12.32332,0.803565,-0.114743,-0.004668,10.23
12.322837,0.805079,-0.116347,-0.004572,10.24
12.32355,0.807446,-0.116499,-0.004534,10.25
12.323103,0.806871,-0.116513,-0.004488,10.26
12.323021,0.806734,-0.116507,-0.004468,10.27
12.476572,0.8072,-0.009135,-0.002736,10.28
12.473955,0.808397,-0.14677,-0.000649,10.29
12.477149,0.80849,-0.108352,-0.000314,10.3
12.468807,0.80868,-0.105675,0.001787,10.31
12.469002,0.809151,-0.105129,0.011859,10.32
12.423992,0.811135,-0.102491,-0.016087,10.33
12.488535,0.810618,-0.102675,0.001228,10.34
12.49725,0.8104,-0.102727,-0.001757,10.35
12.495788,0.810619,-0.102807,-0.002682,10.36
12.501769,0.811465,-0.102742,-0.002381,10.37
12.502899,0.814783,-0.102735,-0.002275,10.38
12.492987,0.857249,-0.102726,-0.007515,10.39
12.551328,0.896528,-0.109852,-0.0052,10.4
12.558215,0.886351,-0.110389,0.026719,10.41
12.559254,0.889357,-0.110444,-0.001944,10.42
12.518472,0.888957,-0.110439,0.016323,10.43
12.56212,0.889309,-0.110341,-0.005346,10.44
12.55754,0.889852,-0.110465,-0.001416,10.45
12.560181,0.890532,-0.110444,-0.002997,10.46
12.559744,0.890939,-0.110471,-0.03404,10.47
12.560237,0.890944,-0.110445,-0.003964,10.48
12.612438,0.892425,-0.068033,-0.002595,10.49
12.629085,0.892164,-0.119061,-0.002988,10.5
12.630093,0.892375,-0.120211,-0.003972,10.51
12.628249,0.891991,-0.12036,0.00004,10.52
12.630298,0.891484,-0.120361,-0.003241,10.53
12.630126,0.891456,-0.120357,-0.003443,10.54
12.627986,0.891557,-0.120359,-0.003503,10.55
12.631144,0.891528,-0.120361,-0.003487,10.56
12.640885,0.891231,-0.106361,-0.003439,10.57
12.639427,0.891204,-0.109669,-0.003484,10.58
12.641871,0.891191,-0.109394,-0.00348,10.59
12.642998,0.891192,-0.109392,-0.003441,10.6
12.639501,0.891193,-0.10939,-0.003539,10.61
12.619892,0.891182,-0.109389,-0.00351,10.62
12.640328,0.891212,-0.109391,-0.003498,10.63
12.63863,0.891192,-0.109391,-0.003488,10.64
12.851352,0.886263,-0.11389,-0.003461,10.65
12.781609,0.886729,-0.113561,-0.003459,10.66
12.782717,0.896076,-0.113501,-0.003456,10.67
12.782506,0.892667,-0.113509,-0.003446,10.68
12.782484,0.892668,-0.113506,-0.003431,10.69
12.782348,0.892165,-0.113503,-0.0034,10.7
13.074357,0.891482,-0.125996,-0.003721,10.71
13.056585,0.892119,-0.127251,-0.004129,10.72
13.064668,0.894354,-0.129585,-0.004386,10.73
13.06365,0.889756,-0.129724,-0.004727,10.74
13.065123,0.890728,-0.129722,-0.005307,10.75
13.065385,0.890892,-0.129721,-0.007467,10.76
13.064872,0.890911,-0.129751,0.018349,10.77
13.062151,0.890863,-0.129716,-0.000629,10.78
12.998556,0.890628,-0.114955,-0.002759,10.79
12.997039,0.890312,-0.114638,-0.003142,10.8
12.997013,0.899709,-0.114707,-0.00322,10.81
12.997522,0.891994,-0.114708,-0.00321,10.82
12.99768,0.891788,-0.114707,-0.003252,10.83
12.997687,0.891578,-0.114706,-0.003162,10.84
12.996935,0.891521,-0.114711,-0.003096,10.85
12.997805,0.891579,-0.114707,-0.003078,10.86
13.052672,0.891914,-0.11442,-0.00303,10.87
13.055325,0.89322,-0.114452,-0.004315,10.88
13.057109,0.88607,-0.114445,-0.003611,10.89
13.054458,0.889788,-0.114445,-0.003589,10.9
13.055786,0.890301,-0.114445,-0.00431,10.91
13.056168,0.89058,-0.114443,-0.003315,10.92
13.057455,0.890759,-0.114443,-0.003441,10.93
13.054235,0.890683,-0.114443,-0.003466,10.94
13.056385,0.890706,-0.114443,-0.003486,10.95
13.206049,0.886391,-0.125307,-0.004143,10.96
13.212097,0.883453,-0.12524,-0.003949,10.97
13.21215,0.889764,-0.125242,-0.004177,10.98
13.20943,0.907755,-0.125242,0.009244,10.99
13.210247,0.916041,-0.125267,0.126244,11
13.211845,0.925402,-0.125211,-0.058758,11.01
13.21216,0.94833,-0.125186,-0.036224,11.02
13.208607,0.946283,-0.125233,-0.026342,11.03
13.225172,0.933257,-0.125217,-0.022603,11.04
13.16477,0.853492,-0.125238,-0.020434,11.05
13.204522,0.678398,-0.125241,-0.020574,11.06
13.207587,1.109258,-0.11091,-0.025805,11.07
13.206364,1.080851,-0.107677,0.051312,11.08
13.20655,1.057093,-0.108616,-0.008087,11.09
13.206317,1.037002,-0.10814,-0.01259,11.1
13.217359,1.035689,-0.108258,-0.012692,11.11
13.211817,1.035567,-0.108223,-0.010705,11.12
13.206612,1.071486,-0.108289,0.030044,11.13
13.207212,1.014994,-0.108195,-0.02171,11.14
13.371919,1.100828,-0.119635,-0.019092,11.15
13.363965,1.037756,-0.118806,-0.018932,11.16
13.363645,1.034195,-0.118649,-0.018702,11.17
13.347214,1.039969,-0.118782,-0.017731,11.18
13.363498,1.042063,-0.118769,-0.017025,11.19
13.361558,1.055515,-0.118738,-0.016741,11.2
13.371969,1.305128,-0.118639,-0.016322,11.21
13.436001,1.068637,-0.127162,-0.016241,11.22
13.471632,1.045053,-0.127861,-0.016622,11.23
13.488053,1.037904,-0.127818,-0.014235,11.24
13.488082,1.070145,-0.127882,-0.015045,11.25
13.486835,1.003099,-0.127905,-0.015158,11.26
13.481536,1.019065,-0.127903,-0.015124,11.27
13.490175,1.015384,-0.128498,-0.015124,11.28
13.492931,1.01581,-0.127973,-0.014987,11.29
13.532093,1.023449,-0.120092,-0.015185,11.3
13.555424,1.024911,-0.114222,-0.015198,11.31
13.529777,1.023159,-0.113156,-0.015332,11.32
13.536798,1.022445,-0.113307,-0.015404,11.33
13.527826,1.020454,-0.113331,-0.015418,11.34
13.537785,1.022547,-0.113324,-0.015423,11.35
13.538615,1.022323,-0.113341,-0.015445,11.36
13.539597,1.025256,-0.113339,-0.015451,11.37
13.661503,1.023771,-0.127995,-0.015464,11.38
13.664911,1.023683,-0.127896,-0.015444,11.39
13.656451,1.020433,-0.12779,-0.015516,11.4
13.665367,1.014379,-0.127784,-0.015466,11.41
13.664898,1.00795,-0.127797,-0.015463,11.42
13.66601,0.955137,-0.127814,-0.015463,11.43
13.664857,1.071816,-0.127785,-0.015461,11.44
13.660135,1.064045,-0.127791,-0.015461,11.45
13.665551,1.046269,-0.127732,-0.015472,11.46
13.667949,1.040697,-0.127812,-0.015473,11.47
13.787881,0.986989,-0.111045,-0.017856,11.48
13.78848,1.361438,-0.13901,-0.019634,11.49
13.789135,1.192068,-0.137755,-0.02089,11.5
13.78272,1.160846,-0.137739,-0.021183,11.51
13.789172,1.159798,-0.13767,-0.021689,11.52
13.788942,1.157328,-0.137737,-0.021542,11.53
13.788888,1.162733,-0.13772,-0.025303,11.54
13.788952,1.1554,-0.13775,-0.02275,11.55
13.863386,1.1829,-0.121698,-0.022725,11.56
13.867708,1.160287,-0.122091,-0.021504,11.57
13.871413,1.150784,-0.122121,-0.022042,11.58
13.867604,1.145377,-0.122285,-0.022107,11.59
13.870918,1.143445,-0.122338,-0.022173,11.6
13.877729,1.143925,-0.122105,-0.022166,11.61
13.872341,1.14297,-0.12214,-0.022191,11.62
13.973776,1.143297,-0.130311,-0.022119,11.63
13.971348,1.142844,-0.130163,-0.022584,11.64
13.963501,1.147489,-0.130159,-0.022278,11.65
13.961303,1.139272,-0.130145,-0.022249,11.66
13.96235,1.140242,-0.130164,-0.022235,11.67
13.962578,1.141181,-0.130173,-0.022226,11.68
13.95521,1.141356,-0.130125,-0.022217,11.69
13.953227,1.14135,-0.130159,-0.022217,11.7
13.959485,1.141037,-0.130149,-0.022216,11.71
13.960657,1.141695,-0.130175,-0.022218,11.72
14.101064,1.141232,-0.09846,-0.022552,11.73
14.093563,1.141312,-0.148277,-0.022739,11.74
14.079443,1.141653,-0.147532,-0.022407,11.75
14.08234,1.141559,-0.147332,-0.022415,11.76
14.082624,1.14154,-0.147332,-0.022615,11.77
14.059768,1.141558,-0.147239,-0.021214,11.78
14.079179,1.141528,-0.147323,-0.021916,11.79
14.167495,1.141557,-0.129356,-0.022017,11.8
14.170988,1.141556,-0.130172,-0.021503,11.81
14.171096,1.142332,-0.129982,-0.021329,11.82
14.169107,1.141196,-0.130106,-0.022899,11.83
14.172985,1.141444,-0.130125,-0.023167,11.84
14.170769,1.141443,-0.130047,-0.022341,11.85
14.173637,1.141525,-0.130151,-0.022221,11.86
14.170133,1.141497,-0.130151,-0.022215,11.87
14.171825,1.141583,-0.136091,-0.022218,11.88
14.17054,1.141436,-0.129784,-0.022217,11.89
14.239963,1.117098,-0.134551,-0.020253,11.9
14.242247,1.090253,-0.133555,-0.022505,11.91
14.242313,1.091719,-0.133594,-0.024162,11.92
14.242264,1.085337,-0.133587,-0.038216,11.93
14.239842,1.090601,-0.133688,-0.092814,11.94
14.242256,1.097829,-0.133922,0.148331,11.95
14.237301,1.12293,-0.133571,0.02831,11.96
14.240804,0.653683,-0.133585,0.010104,11.97
14.243155,1.018753,-0.133581,0.009289,11.98
14.241192,1.034093,-0.133588,0.020726,11.99
14.242092,1.040752,-0.133563,0.037212,12
14.236547,1.048316,-0.133546,0.058841,12.01
14.470393,1.043929,-0.125732,0.032287,12.02
14.46383,1.035125,-0.125282,0.010951,12.03
14.465063,0.908741,-0.125297,0.00195,12.04
14.466589,1.110073,-0.125288,-0.00146,12.05
14.466422,1.086797,-0.125288,-0.004025,12.06
14.466754,1.079531,-0.125282,-0.000183,12.07
14.467158,1.07852,-0.125286,0.004035,12.08
14.474117,1.078138,-0.125285,0.005115,12.09
14.58963,0.9777,-0.132874,0.001866,12.1
14.537673,1.053461,-0.132424,-0.000611,12.11
14.531963,1.06017,-0.132453,-0.002434,12.12
14.5346,1.061745,-0.132441,-0.005073,12.13
14.534416,1.078384,-0.132445,-0.007072,12.14
14.534671,1.065247,-0.132452,-0.008383,12.15
14.532174,1.064648,-0.132458,-0.009234,12.16
14.527547,1.064123,-0.132456,-0.009349,12.17
14.535599,1.06395,-0.132448,-0.009066,12.18
14.534669,1.063943,-0.132453,-0.008947,12.19
14.559424,1.063959,-0.141119,-0.00916,12.2
14.557495,1.063955,-0.141513,-0.009251,12.21
14.555641,1.063929,-0.141507,-0.009551,12.22
14.556937,1.063921,-0.14151,-0.010065,12.23
14.553123,1.063862,-0.141507,-0.01053,12.24
14.55366,1.063653,-0.141376,-0.010838,12.25
14.554956,1.063837,-0.141508,-0.010975,12.26
14.555733,1.063847,-0.141632,-0.010737,12.27
14.555804,1.063851,-0.141536,-0.010296,12.28
14.700567,1.064427,-0.131959,-0.011794,12.29
14.73865,1.065905,-0.132971,-0.011677,12.3
14.748261,1.06262,-0.133084,-0.011766,12.31
14.748561,1.063654,-0.133073,-0.012994,12.32
14.792034,1.065666,-0.133093,-0.011495,12.33
14.753259,1.066868,-0.1331,-0.011595,12.34
14.794869,1.060753,-0.134955,-0.011606,12.35
14.798075,1.062794,-0.135217,-0.010713,12.36
14.799658,1.063515,-0.135206,-0.011646,12.37
14.798965,1.063689,-0.135274,-0.01164,12.38
14.798161,1.06441,-0.135183,-0.011637,12.39
14.799068,1.063944,-0.135218,-0.011637,12.4
14.806454,1.070167,-0.146954,-0.011726,12.41
14.806749,1.111492,-0.146431,-0.011777,12.42
14.811884,1.120861,-0.146493,-0.011861,12.43
14.807537,1.131877,-0.146497,-0.012657,12.44
14.804355,1.139106,-0.1465,-0.002041,12.45
14.807648,1.151639,-0.146485,-0.009495,12.46
14.811198,1.159042,-0.1465,-0.01028,12.47
14.807086,1.159083,-0.146487,-0.010177,12.48
14.767558,1.161169,-0.146505,-0.00825,12.49
14.790489,1.16905,-0.158206,-0.009226,12.5
14.792459,1.189715,-0.155132,-0.009796,12.51
14.740197,1.179977,-0.155182,-0.010097,12.52
14.795851,1.178549,-0.155182,-0.010389,12.53
14.792137,1.178349,-0.155182,-0.010333,12.54
14.790342,1.178253,-0.155182,-0.010212,12.55
14.943406,1.177995,-0.146467,-0.010187,12.56
14.956343,1.177972,-0.142774,-0.010515,12.57
14.955679,1.180679,-0.141721,-0.010325,12.58
14.955379,1.178529,-0.141762,-0.010421,12.59
14.958492,1.178379,-0.141842,-0.010465,12.6
14.958144,1.178443,-0.141831,-0.010626,12.61
15.017453,1.179058,-0.144289,-0.010694,12.62
15.012326,1.176384,-0.145146,-0.010745,12.63
15.009349,1.177648,-0.145107,-0.010783,12.64
15.010879,1.177916,-0.145073,-0.010776,12.65
15.007819,1.178003,-0.14502,-0.010767,12.66
15.012069,1.178024,-0.145056,-0.010722,12.67
14.655868,1.179301,-0.145092,-0.010587,12.68
15.000542,1.178507,-0.145071,-0.011319,12.69
15.014334,1.178347,-0.146167,-0.010741,12.7
15.027521,1.178114,-0.146135,-0.010772,12.71
15.020604,1.178153,-0.146134,-0.010787,12.72
15.026793,1.17819,-0.14614,-0.0108,12.73
15.030848,1.17822,-0.146136,-0.010795,12.74
15.03515,1.178259,-0.146136,-0.010804,12.75
15.032066,1.178243,-0.146163,-0.01081,12.76
15.020756,1.178201,-0.146133,-0.010777,12.77
15.026096,1.178309,-0.146151,-0.010835,12.78
15.026061,1.178213,-0.14614,-0.010828,12.79
15.188108,1.178046,-0.137129,-0.01088,12.8
15.186051,1.177879,-0.137295,-0.010801,12.81
15.1807,1.177971,-0.137289,-0.010815,12.82
15.18202,1.177839,-0.137319,-0.01082,12.83
15.188666,1.177099,-0.137286,-0.01082,12.84
15.175353,1.177773,-0.137288,-0.010817,12.85
15.180169,1.177842,-0.137333,-0.010774,12.86
15.176476,1.178102,-0.137287,-0.010873,12.87
15.18057,1.177981,-0.137297,-0.010838,12.88
15.231401,1.111909,-0.13555,-0.008617,12.89
15.235623,1.223794,-0.141599,-0.007554,12.9
15.22508,1.641986,-0.142292,-0.007451,12.91
15.23618,0.426433,-0.142352,-0.007477,12.92
15.242121,0.747954,-0.142354,-0.008543,12.93
15.23651,0.752609,-0.142346,-0.004921,12.94
15.235851,0.575403,-0.14235,-0.006032,12.95
15.230207,1.23107,-0.142339,-0.006001,12.96
15.240314,1.013269,-0.142346,-0.006142,12.97
15.26139,0.959135,-0.163593,-0.006842,12.98
15.261054,0.929083,-0.152954,-0.006799,12.99
15.261748,0.92685,-0.150813,-0.006802,13
15.266999,0.927199,-0.150705,-0.006805,13.01
15.26849,0.927232,-0.150033,-0.006805,13.02
15.262242,0.927228,-0.150284,-0.006805,13.03
15.26524,0.927198,-0.15028,-0.006806,13.04
15.264823,0.927227,-0.150299,-0.006805,13.05
15.305004,0.927177,-0.150325,-0.006805,13.06
15.29609,0.927132,-0.150357,-0.006805,13.07
15.296054,0.927206,-0.150347,-0.006805,13.08
15.255963,0.927216,-0.150337,-0.006805,13.09
15.514037,0.927325,-0.148804,-0.006797,13.1
15.483857,0.92771,-0.147734,-0.006619,13.11
15.492559,0.927714,-0.147751,-0.006814,13.12
15.494515,0.927639,-0.147724,-0.006807,13.13
15.491755,0.927509,-0.147749,-0.006806,13.14
15.492337,0.927449,-0.147754,-0.006806,13.15
15.492287,0.927392,-0.147731,-0.006806,13.16
15.557809,0.927166,-0.149266,-0.006802,13.17
15.562682,0.927195,-0.149418,-0.006802,13.18
15.536263,0.926711,-0.149451,-0.0068,13.19
15.560143,0.92686,-0.149404,-0.006837,13.2
15.551595,0.926892,-0.149444,-0.006808,13.21
15.562059,0.926994,-0.149769,-0.006787,13.22
15.549888,0.926878,-0.148084,-0.006941,13.23
15.547413,0.926891,-0.148479,-0.006892,13.24
15.549259,0.926928,-0.148475,-0.006997,13.25
15.545208,0.927193,-0.148465,-0.005958,13.26
15.547203,0.927183,-0.148468,-0.006661,13.27
15.547505,0.92717,-0.148469,-0.006742,13.28
15.548994,0.926964,-0.148468,-0.006776,13.29
15.68925,0.927214,-0.141499,-0.006791,13.3
15.671735,0.927228,-0.138062,-0.006803,13.31
15.683397,0.927228,-0.139027,-0.006799,13.32
15.681949,0.927228,-0.138572,-0.0068,13.33
15.684251,0.927228,-0.138564,-0.006801,13.34
15.683249,0.927228,-0.138526,-0.006802,13.35
15.682575,0.927228,-0.138516,-0.006804,13.36
15.683111,0.927228,-0.138557,-0.006806,13.37
15.682527,0.927228,-0.138552,-0.006805,13.38
15.719042,0.974998,-0.139789,-0.004941,13.39
15.716551,1.03166,-0.140751,-0.004627,13.4
15.722887,0.978761,-0.140364,-0.004479,13.41
15.721606,0.977377,-0.140375,-0.004393,13.42
15.720299,1.011974,-0.140397,-0.004403,13.43
15.723516,0.976522,-0.140399,-0.004446,13.44
15.726818,0.976727,-0.140398,-0.004614,13.45
15.721794,0.976772,-0.140387,-0.004744,13.46
15.723056,0.976309,-0.140398,-0.005369,13.47
15.715602,0.976938,-0.140398,-0.002837,13.48
15.720549,0.976943,-0.140402,-0.003908,13.49
15.724401,0.976907,0.043876,-0.003408,13.5
15.726972,0.976908,-0.145671,-0.004217,13.51
15.716111,0.976907,-0.111781,-0.004121,13.52
15.72562,0.976908,-0.139936,-0.004218,13.53
15.727153,0.976908,-0.142026,-0.004215,13.54
15.723421,0.976908,-0.143278,-0.004215,13.55
15.726754,0.976908,-0.143046,-0.004213,13.56
15.727459,0.976908,-0.142122,-0.004214,13.57
15.729486,0.976908,-0.142688,-0.004213,13.58
15.724611,0.976908,-0.142711,-0.004213,13.59
15.815295,0.976919,-0.136144,-0.004215,13.6
15.856549,0.976917,-0.135597,-0.004204,13.61
15.778573,0.974536,-0.134811,-0.00421,13.62
15.839068,1.051727,-0.134282,-0.004211,13.63
15.857309,0.970996,-0.134226,-0.00421,13.64
15.860646,0.973804,-0.134222,-0.004211,13.65
15.861799,0.974557,-0.134293,-0.004211,13.66
15.860401,0.975225,-0.134245,-0.004211,13.67
15.872973,0.975883,-0.134203,-0.004212,13.68
15.9046,0.977122,-0.134215,-0.004212,13.69
15.930905,0.976779,-0.138498,-0.004186,13.7
15.9303,0.97685,-0.138451,-0.004131,13.71
15.930168,0.976909,-0.138451,-0.004296,13.72
15.929884,0.976992,-0.138451,-0.00424,13.73
15.928827,0.977307,-0.138451,-0.00423,13.74
15.930902,0.977418,-0.13845,-0.004235,13.75
15.930376,0.97715,-0.138453,-0.004305,13.76
16.086631,0.976947,-0.130288,-0.004256,13.77
16.046891,0.976837,-0.127967,-0.004205,13.78
16.073344,0.976898,-0.128701,-0.004205,13.79
16.06843,0.976905,-0.129091,-0.00421,13.8
16.069714,0.976911,-0.129061,-0.004211,13.81
16.068597,0.976913,-0.129062,-0.004212,13.82
16.066281,0.976907,-0.129037,-0.004212,13.83
16.145191,0.976874,-0.133179,-0.004205,13.84
16.144348,0.976862,-0.132181,-0.004209,13.85
16.144983,0.976847,-0.1321,-0.004211,13.86
16.143923,0.976835,-0.132102,-0.004211,13.87
16.144329,0.976846,-0.132111,-0.004211,13.88
16.143721,0.976799,-0.132096,-0.004212,13.89
16.145446,0.976414,-0.132095,-0.004213,13.9
16.144406,0.978844,-0.132086,-0.004213,13.91
16.142514,0.976724,-0.132107,-0.004213,13.92
16.144388,0.976829,-0.132114,-0.004213,13.93
16.143745,0.976721,-0.132092,-0.004191,13.94
16.143819,0.976728,-0.132131,-0.004213,13.95
16.189791,0.96217,-0.137011,0.005873,13.96
16.190903,0.95031,-0.13761,0.005986,13.97
16.189423,0.947993,-0.137524,0.006037,13.98
16.189389,0.945885,-0.13807,0.006032,13.99
16.188901,0.944092,-0.137578,0.006032,14
16.18904,0.943934,-0.137515,0.006032,14.01
16.189414,0.943217,-0.137485,0.006032,14.02
16.336722,0.970248,-0.129034,0.006032,14.03
16.320786,0.941862,-0.129209,0.006029,14.04
16.336043,0.941144,-0.129178,0.006017,14.05
16.320694,0.941012,-0.129177,0.006054,14.06
16.32007,0.941587,-0.129194,0.006038,14.07
16.32049,0.941004,-0.129175,0.006035,14.08
16.320704,0.940149,-0.129191,0.006034,14.09
16.399092,0.940343,-0.131872,0.006024,14.1
16.393856,0.938667,-0.131458,0.006008,14.11
16.393356,1.237387,-0.132058,0.005994,14.12
16.394809,0.948336,-0.132562,0.006004,14.13
16.395595,0.945686,-0.132512,0.006009,14.14
16.394943,0.944697,-0.132501,0.006011,14.15
16.395566,0.944413,-0.13252,0.006016,14.16
16.395525,0.944088,-0.132453,0.006019,14.17
16.394843,0.943873,-0.132533,0.006022,14.18
16.395276,0.943745,-0.132505,0.006022,14.19
16.419958,0.944026,-0.134823,0.006007,14.2
16.424128,0.944065,-0.134586,0.005992,14.21
16.427245,0.944236,-0.13459,0.006203,14.22
16.427478,0.944721,-0.134594,0.00606,14.23
16.427518,0.940639,-0.134594,0.006051,14.24
16.429041,0.942888,-0.13459,0.006047,14.25
16.431611,0.943231,-0.134591,0.006043,14.26
16.551616,0.942735,-0.129199,0.005938,14.27
16.574554,0.941437,-0.129381,0.006014,14.28
16.576103,0.945898,-0.129367,0.006027,14.29
16.570754,0.944181,-0.129371,0.006029,14.3
16.575988,0.943674,-0.129377,0.00603,14.31
16.571414,0.943545,-0.129376,0.006031,14.32
16.539316,0.943438,-0.129376,0.006031,14.33
16.628995,0.943494,-0.129739,0.006018,14.34
16.634183,0.943428,-0.129462,0.006024,14.35
16.64102,0.943454,-0.129465,0.006028,14.36
16.635346,0.943437,-0.129468,0.006029,14.37
16.635603,0.943432,-0.129464,0.006028,14.38
16.636894,0.943431,-0.129465,0.006027,14.39
16.640525,0.943437,-0.129465,0.006018,14.4
16.659694,0.983007,-0.131009,0.005254,14.41
16.658158,0.970086,-0.130704,0.005499,14.42
16.659304,0.968394,-0.130696,0.005545,14.43
16.660305,0.967076,-0.130699,0.005553,14.44
16.660333,0.965513,-0.130692,0.00556,14.45
16.658218,0.965774,-0.130695,0.005551,14.46
16.658998,0.965819,-0.130695,0.005525,14.47
16.659456,0.965821,-0.130695,0.00528,14.48
16.657771,0.965831,-0.130698,0.005674,14.49
16.673829,0.965829,-0.134528,0.005576,14.5
16.672241,0.965836,-0.13664,0.005558,14.51
16.674666,0.965804,-0.135647,0.005578,14.52
16.674933,0.965843,-0.138771,0.005581,14.53
16.676509,0.965826,-0.136032,0.005585,14.54
16.676059,0.965803,-0.134884,0.005581,14.55
16.674571,0.965743,-0.134935,0.005581,14.56
16.668666,0.965633,-0.135051,0.005581,14.57
16.670541,0.965148,-0.135103,0.005581,14.58
16.671678,0.973145,-0.135219,0.00558,14.59
16.675658,0.966415,-0.135087,0.005581,14.6
16.863355,0.976898,-0.129859,0.005577,14.61
16.819656,0.974699,-0.129834,0.005578,14.62
16.818668,0.971231,-0.129832,0.005576,14.63
16.818455,0.969211,-0.129835,0.005582,14.64
16.819284,0.968308,-0.129833,0.005581,14.65
16.818234,0.967401,-0.129834,0.005582,14.66
16.818637,0.967019,-0.129834,0.005582,14.67
16.818694,0.966554,-0.129834,0.005582,14.68
16.818264,0.966446,-0.129834,0.005582,14.69
16.876725,0.966095,-0.124886,0.005596,14.7
16.87724,0.966054,-0.130214,0.005588,14.71
16.886385,0.966035,-0.130852,0.005501,14.72
16.866535,0.966104,-0.131643,0.005564,14.73
16.884046,0.96618,-0.133104,0.005599,14.74
16.881589,0.966225,-0.134273,0.005575,14.75
16.883993,0.966471,-0.132968,0.005586,14.76
16.88362,0.966877,-0.133032,0.005576,14.77
16.882775,0.96466,-0.133029,0.005577,14.78
16.883841,0.965468,-0.133015,0.005579,14.79
17.026461,0.965772,-0.130065,0.005578,14.8
17.042004,0.965781,-0.12977,0.005578,14.81
17.043717,0.965813,-0.129816,0.005578,14.82
17.039478,0.965811,-0.129818,0.005578,14.83
17.045059,0.965838,-0.129714,0.005576,14.84
17.044322,0.96585,-0.129798,0.005587,14.85
17.041668,0.965839,-0.129816,0.005582,14.86
17.047585,0.965751,-0.129806,0.005582,14.87
17.041536,0.965799,-0.12998,0.005584,14.88
17.041624,0.965815,-0.129814,0.005583,14.89
17.043311,0.965826,-0.129762,0.005581,14.9
17.04463,0.965835,-0.129789,0.005581,14.91
17.122836,0.769746,-0.129538,0.00488,14.92
17.099655,1.113053,-0.129512,-0.004424,14.93
17.094038,0.926791,-0.129562,0.000435,14.94
17.100598,0.885381,-0.129548,0.001064,14.95
17.099724,0.897874,-0.129547,0.001581,14.96
17.095146,0.81431,-0.129454,0.001705,14.97
17.100518,0.857633,-0.128979,0.001799,14.98
17.099031,0.87259,-0.1132,0.002536,14.99
17.095371,0.875104,-0.129839,0.017255,15
17.098775,0.8758,-0.129651,0.002058,15.01
17.197644,0.876111,-0.12705,0.003699,15.02
17.260048,0.876016,-0.126416,0.001549,15.03
17.266782,0.876076,-0.126339,0.001724,15.04
17.2662,0.87608,-0.126337,0.001768,15.05
17.267936,0.876079,-0.126333,0.00178,15.06
17.270259,0.876079,-0.126338,0.001795,15.07
17.42851,0.876048,-0.126838,0.001829,15.08
17.345626,0.876081,-0.126768,0.001823,15.09
17.31861,0.87608,-0.126768,0.001821,15.1
17.312262,0.876082,-0.126773,0.00182,15.11
17.320316,0.876079,-0.126774,0.001816,15.12
17.325055,0.876079,-0.126772,0.001818,15.13
17.330662,0.876079,-0.129178,0.001818,15.14
17.332579,0.876093,-0.12884,0.001818,15.15
17.328363,0.876137,-0.128905,0.001818,15.16
17.332424,0.876099,-0.128925,0.001818,15.17
17.328711,0.877087,-0.128913,0.001818,15.18
17.328834,0.875651,-0.128913,0.001818,15.19
17.362996,0.877105,-0.129707,0.001818,15.2
17.320101,0.876369,-0.129717,0.001826,15.21
17.320544,0.87616,-0.129706,0.001828,15.22
17.320689,0.876094,-0.129706,0.001829,15.23
17.32137,0.876084,-0.129706,0.001824,15.24
17.322307,0.876105,-0.129706,0.001827,15.25
17.320527,0.87607,-0.129706,0.001837,15.26
17.321408,0.87608,-0.129706,0.002014,15.27
17.323141,0.876094,-0.129706,0.001797,15.28
17.494588,0.876033,-0.12736,0.001826,15.29
17.48694,0.875853,-0.12712,0.001824,15.3
17.487392,0.876107,-0.127133,0.001758,15.31
17.488041,0.876088,-0.127134,0.001814,15.32
17.488448,0.876085,-0.12713,0.001816,15.33
17.485686,0.876046,-0.127135,0.001811,15.34
17.488644,0.876118,-0.127131,0.001752,15.35
17.537463,0.875604,-0.126562,0.00186,15.36
17.535128,0.875931,-0.126523,0.001832,15.37
17.534354,0.875995,-0.126527,0.001827,15.38
17.532043,0.876059,-0.126532,0.001824,15.39
17.54552,1.925148,-0.128489,0.002861,15.4
17.545456,0.991927,-0.128385,-0.002401,15.41
17.549397,0.955941,-0.12799,0.009584,15.42
17.546165,0.94972,-0.128344,0.006938,15.43
17.5454,0.947052,-0.128386,0.005657,15.44
17.545485,0.949464,-0.128384,0.005166,15.45
17.539967,0.945511,-0.128384,0.004942,15.46
17.545545,0.942315,-0.128384,0.004827,15.47
17.545731,0.941157,-0.128382,0.004779,15.48
17.545807,0.943818,-0.128386,0.004771,15.49
17.545617,0.936893,-0.128384,0.004741,15.5
17.545452,0.938802,-0.128322,0.004719,15.51
17.545545,0.939299,-0.128381,0.004697,15.52
17.545642,0.93937,-0.128344,0.004708,15.53
17.545661,0.939424,-0.128386,0.00471,15.54
17.728203,0.939276,-0.12312,0.004714,15.55
17.705617,0.939427,-0.123044,0.004684,15.56
17.690538,0.93965,-0.12304,0.004675,15.57
17.702788,0.93965,-0.123048,0.004675,15.58
17.697293,0.939767,-0.123043,0.004672,15.59
17.707064,0.939395,-0.123044,0.004668,15.6
17.698786,0.939639,-0.123042,0.004668,15.61
17.729369,0.939286,-0.123044,0.004667,15.62
17.698488,0.939659,-0.123043,0.004667,15.63
17.704824,0.939928,-0.123042,0.004668,15.64
17.699556,0.939567,-0.123043,0.004683,15.65
17.754463,0.939583,-0.123315,0.004665,15.66
17.773869,0.939569,-0.123464,0.004665,15.67
17.759469,0.939565,-0.123437,0.004665,15.68
17.857225,0.939644,-0.123434,0.004667,15.69
17.742436,0.939587,-0.123442,0.004667,15.7
17.752303,0.939573,-0.12345,0.004667,15.71
17.757246,0.939614,-0.123445,0.004667,15.72
17.752036,0.939567,-0.123433,0.004666,15.73
17.752172,0.939541,-0.123467,0.004667,15.74
17.751627,0.939461,-0.12346,0.004667,15.75
17.751704,0.939583,-0.123437,0.004666,15.76
17.769965,0.939479,-0.128785,0.004107,15.77
17.77315,0.939382,-0.132183,0.004067,15.78
17.768494,0.937476,-0.128894,0.004455,15.79
17.773723,0.953437,-0.128839,0.00361,15.8
17.773109,0.941304,-0.128838,0.00511,15.81
17.773159,0.940615,-0.12884,0.004839,15.82
17.771196,0.940626,-0.128841,0.004721,15.83
17.773274,0.940217,-0.12884,0.004704,15.84
17.772174,0.940296,-0.12884,0.004693,15.85
17.774287,0.940156,-0.128841,0.004675,15.86
17.933186,0.940235,-0.128551,0.004689,15.87
17.934655,0.940173,-0.127277,0.004681,15.88
17.934393,0.94027,-0.127616,0.00468,15.89
17.934547,0.940138,-0.127739,0.004676,15.9
17.934622,0.942178,-0.127677,0.004677,15.91
17.934537,0.938173,-0.127656,0.004676,15.92
17.934883,0.939091,-0.127682,0.004675,15.93
17.934792,0.939342,-0.127657,0.004672,15.94
17.934582,0.939232,-0.127702,0.004678,15.95
17.93474,0.938222,-0.127669,0.004682,15.96
17.934474,0.93993,-0.127654,0.006984,15.97
17.934758,0.939721,-0.12766,0.004652,15.98
17.934644,0.939629,-0.127666,0.004659,15.99
17.996281,0.906057,-0.130976,0.002731,16
17.996653,0.892497,-0.13189,0.003337,16.01
17.996753,0.885812,-0.131781,0.006882,16.02
17.996755,0.876528,-0.131655,-0.428753,16.03
17.996647,0.868523,-0.131788,-0.005694,16.04
17.996702,0.868661,-0.131784,-0.002746,16.05
17.996702,0.86962,-0.131782,-0.001598,16.06
17.996437,0.871166,-0.131785,-0.000799,16.07
17.99668,0.881819,-0.131783,-0.00037,16.08
17.996706,0.617926,-0.131783,0.000114,16.09
18.147707,0.865024,-0.126154,0.00008,16.1
18.177676,0.863307,-0.131795,0.001482,16.11
18.174752,0.861429,-0.130876,0.000675,16.12
18.174725,0.853146,-0.130397,0.000606,16.13
18.172748,0.855775,-0.13058,0.000615,16.14
18.17386,0.85654,-0.130522,0.000562,16.15
18.176803,0.856937,-0.130518,0.000539,16.16
18.167105,0.857181,-0.130518,0.000517,16.17
18.237643,0.857148,-0.133826,0.000553,16.18
18.238675,0.857186,-0.135292,0.000526,16.19
18.238377,0.856971,-0.135203,0.000514,16.2
18.238694,0.857202,-0.135196,0.000512,16.21
18.238711,0.85712,-0.135197,0.000513,16.22
18.238121,0.857215,-0.135196,0.000507,16.23
18.238667,0.857173,-0.135196,0.000503,16.24
18.238746,0.85714,-0.135197,0.000499,16.25
18.414427,0.847009,-0.133949,0.00048,16.26
18.424458,0.855845,-0.134253,0.00049,16.27
18.424156,0.85662,-0.134319,0.000492,16.28
18.4247,0.856753,-0.134315,0.000492,16.29
18.424491,0.855184,-0.134316,0.000491,16.3
18.425898,0.857609,-0.134315,0.000491,16.31
18.424726,0.85757,-0.134306,0.00049,16.32
18.424238,0.856314,-0.134322,0.000481,16.33
18.424369,0.856867,-0.134315,0.000514,16.34
18.481669,0.856904,-0.137173,0.000295,16.35
18.487286,0.856934,-0.137811,0.000336,16.36
18.47964,0.856936,-0.137805,0.000403,16.37
18.488169,0.857032,-0.137805,0.000441,16.38
18.489161,0.857111,-0.137805,0.000447,16.39
18.488442,0.857121,-0.137805,0.000479,16.4
18.487766,0.857009,-0.137805,0.000484,16.41
18.487396,0.857091,-0.137805,0.000491,16.42
18.49062,0.85725,-0.137804,0.000492,16.43
18.505247,1.059866,-0.140577,-0.001898,16.44
18.498187,1.028041,-0.14337,-0.006662,16.45
18.507578,1.02445,-0.14325,-0.006923,16.46
18.509532,-0.022666,-0.143274,-0.004534,16.47
18.509049,0.990154,-0.143241,-0.004741,16.48
18.5081,1.003522,-0.143222,-0.000961,16.49
18.509047,1.00966,-0.143231,0.002901,16.5
18.505926,1.009517,-0.143271,0.005885,16.51
18.509319,1.008359,-0.143321,-0.181931,16.52
18.506351,1.006206,-0.143283,-0.026747,16.53
18.621975,0.981071,-0.141476,-0.02169,16.54
18.671443,1.008581,-0.14101,-0.018082,16.55
18.67841,1.008241,-0.141117,-0.017117,16.56
18.681252,1.006314,-0.141073,-0.016744,16.57
18.685096,1.002651,-0.141082,-0.014676,16.58
18.685731,1.007621,-0.141112,-0.013353,16.59
18.679685,1.008192,-0.141115,-0.012673,16.6
18.731347,1.01116,-0.143112,-0.01161,16.61
18.733595,1.004984,-0.14366,-0.0119,16.62
18.733663,1.006331,-0.143585,-0.011986,16.63
18.80413,1.010832,-0.143527,-0.011996,16.64
18.802735,1.033099,-0.143579,-0.011955,16.65
18.72034,1.034255,-0.143605,-0.011954,16.66
18.733901,1.035111,-0.143595,-0.011957,16.67
18.732782,1.071073,-0.143614,-0.011962,16.68
18.711433,5.869545,-0.143605,-0.011963,16.69
18.757389,1.047853,-0.148282,-0.011954,16.7
18.754344,1.020608,-0.149647,-0.011959,16.71
18.758822,1.011369,-0.149833,-0.011964,16.72
18.759282,1.010165,-0.149814,-0.011963,16.73
18.76653,1.008869,-0.149818,-0.011963,16.74
18.759062,1.008554,-0.149829,-0.011963,16.75
18.770136,1.008167,-0.15428,-0.011952,16.76
18.769337,1.008047,-0.154453,-0.011936,16.77
18.771255,1.007968,-0.15445,-0.012044,16.78
18.769641,1.007909,-0.154447,-0.011975,16.79
18.76835,1.007952,-0.154451,-0.011971,16.8
18.770679,1.007888,-0.154453,-0.01197,16.81
18.769803,1.008119,-0.154463,-0.011968,16.82
18.762343,1.007794,-0.15445,-0.011967,16.83
18.912414,1.008088,-0.148063,-0.011956,16.84
18.91508,1.00639,-0.14815,-0.01195,16.85
18.914064,1.006386,-0.148148,-0.011916,16.86
18.914548,1.006432,-0.148148,-0.011996,16.87
18.91509,1.006663,-0.148138,-0.011983,16.88
18.914958,1.006805,-0.14815,-0.011975,16.89
18.914602,1.01146,-0.148148,-0.011974,16.9
18.915009,1.007301,-0.148153,-0.011973,16.91
18.914794,1.007125,-0.148664,-0.011955,16.92
18.91508,1.007119,-0.148144,-0.011949,16.93
18.914613,1.007044,-0.148154,-0.011824,16.94
18.914823,1.007029,-0.148151,-0.011973,16.95
18.91483,1.007031,-0.148197,-0.011941,16.96
18.914812,1.007016,-0.148148,-0.01195,16.97
18.91486,1.007004,-0.148145,-0.011954,16.98
18.917033,1.00685,-0.148151,-0.011956,16.99
18.975686,0.982264,-0.153147,-0.013111,17
18.98265,0.94,-0.154019,-0.014522,17.01
18.982307,0.941212,-0.154004,-0.012447,17.02
18.983465,0.947843,-0.154068,-0.034165,17.03
18.981876,0.935905,-0.153997,-0.020027,17.04
18.98303,0.895002,-0.154005,-0.018268,17.05
18.982141,0.908889,-0.153996,-0.01909,17.06
18.98206,0.91088,-0.15399,-0.002885,17.07
18.982841,0.913175,-0.153972,-0.015695,17.08
18.983726,0.913593,-0.154012,-0.015872,17.09
19.170236,0.914204,-0.150091,-0.015411,17.1
19.168852,0.913879,-0.150061,-0.015387,17.11
19.169202,0.914446,-0.150065,-0.015653,17.12
19.169104,0.914404,-0.150063,-0.016564,17.13
19.168775,0.914519,-0.150063,-0.015985,17.14
19.168975,0.91464,-0.150064,-0.012879,17.15
19.1687,0.914693,-0.150063,-0.020316,17.16
19.16881,0.914835,-0.150056,-0.01854,17.17
19.169006,0.914864,-0.150064,-0.018004,17.18
19.169392,0.914889,-0.150062,-0.011938,17.19
19.24334,0.914805,-0.159249,-0.018252,17.2
19.23372,0.914795,-0.159204,-0.017547,17.21
19.229608,0.914843,-0.159204,-0.017451,17.22
19.229479,0.914842,-0.159204,-0.017388,17.23
19.232147,0.914865,-0.159204,-0.017349,17.24
19.223738,0.915026,-0.159207,-0.017312,17.25
19.231419,0.915052,-0.159204,-0.017293,17.26
19.231743,0.915044,-0.159205,-0.017288,17.27
19.386815,0.910288,-0.145574,-0.017321,17.28
19.38665,0.910103,-0.144444,-0.017315,17.29
19.386646,0.907779,-0.144514,-0.017308,17.3
19.386648,0.904762,-0.144686,-0.017283,17.31
19.386646,0.950744,-0.145177,-0.01726,17.32
19.386642,0.921726,-0.144653,-0.017268,17.33
19.443265,0.934162,-0.141371,-0.01728,17.34
19.44355,0.888643,-0.141453,-0.017279,17.35
19.44355,0.907532,-0.141463,-0.017273,17.36
19.443337,0.910089,-0.141414,-0.017341,17.37
19.443514,0.911791,-0.141476,-0.027359,17.38
19.443571,0.912959,-0.141473,-0.017038,17.39
19.443562,0.913518,-0.141469,-0.01711,17.4
19.46698,0.922428,-0.141515,0.004766,17.41
19.46458,0.954209,-0.141515,0.001766,17.42
19.470008,0.944993,-0.141514,0.001384,17.43
19.471381,0.944993,-0.141514,0.001205,17.44
19.468813,0.904491,-0.141514,0.001142,17.45
19.467247,0.691403,-0.141514,0.001152,17.46
19.473771,1.184009,-0.141514,0.001153,17.47
19.467215,1.08879,-0.141514,0.001153,17.48
19.464914,1.064508,-0.141514,0.001153,17.49
19.461958,1.04864,-0.141514,0.001153,17.5
19.458919,1.027662,-0.141514,0.001153,17.51
19.474361,1.016305,-0.14239,0.001151,17.52
19.474009,1.010015,-0.142323,0.001152,17.53
19.47083,1.007196,-0.142324,0.001143,17.54
19.471435,1.004679,-0.142324,0.001156,17.55
19.47169,1.003083,-0.142323,0.001154,17.56
19.471499,1.002376,-0.142322,0.001154,17.57
19.472425,1.002869,-0.14225,0.001176,17.58
19.472052,1.003351,-0.142321,0.001314,17.59
19.470542,1.00967,-0.142321,0.00112,17.6
19.47161,0.992202,-0.142323,0.001136,17.61
19.473185,0.996852,-0.142334,0.001137,17.62
19.609865,0.999571,-0.11821,0.001173,17.63
19.612511,1.000067,-0.121067,0.001156,17.64
19.61272,0.999563,-0.120739,0.001154,17.65
19.612423,1.001409,-0.120705,0.001153,17.66
19.612966,1.000688,-0.120703,0.001153,17.67
19.612471,1.000663,-0.1207,0.001152,17.68
19.612419,0.999747,-0.120705,0.001153,17.69
19.696661,1.000365,-0.126998,0.00117,17.7
19.709022,1.000375,-0.127829,0.001175,17.71
19.710625,1.000374,-0.127796,0.001247,17.72
19.719621,1.000362,-0.127793,0.001119,17.73
19.254653,0.996938,-0.127795,0.001138,17.74
19.694757,0.999537,-0.127794,0.001143,17.75
19.707892,0.999319,-0.127594,0.00113,17.76
19.822528,1.001115,-0.08801,-0.00081,17.77
19.837524,1.001236,-0.089559,0.003217,17.78
19.836811,1.000922,-0.089266,0.002038,17.79
19.837134,1.000696,-0.089244,0.001352,17.8
19.836937,1.000535,-0.089197,0.001193,17.81
19.838438,1.000498,-0.089192,0.001184,17.82
19.837908,1.000421,-0.089195,0.001131,17.83
19.836396,1.000345,-0.089192,0.001149,17.84
19.837062,1.000349,-0.08919,0.001148,17.85
19.836525,1.000284,-0.08919,0.001155,17.86
19.836592,1.000158,-0.089192,0.001151,17.87
19.837735,1.000704,-0.089189,0.001153,17.88
19.941421,0.929075,-0.091865,0.005114,17.89
19.945043,0.90104,-0.090965,-0.011674,17.9
19.946761,0.890525,-0.091269,-0.041793,17.91
19.947288,0.887056,-0.091374,-0.088994,17.92
19.945061,0.885613,-0.09185,-0.387101,17.93
19.946904,0.880152,-0.092794,0.467568,17.94
19.947194,0.877522,-0.091116,0.209471,17.95
20.075087,0.876459,-0.165063,2.148137,17.96
20.082987,0.875925,-0.122404,-0.105577,17.97
20.082432,0.881049,-0.109432,0.001592,17.98
20.083194,0.865295,-0.104756,0.027675,17.99
20.082918,0.870794,-0.107211,0.04625,18
20.081612,0.871526,-0.106792,0.05339,18.01
20.083012,0.872303,-0.106644,0.051082,18.02
20.083136,0.872544,-0.106687,0.055501,18.03
20.038113,0.872731,-0.078798,0.051114,18.04
20.043832,0.872701,-0.010814,-0.006573,18.05
20.041075,0.872771,-0.003338,0.081038,18.06
20.042051,0.872823,-0.006411,0.069958,18.07
20.043923,0.872833,-0.020195,0.050748,18.08
20.043345,0.873071,-0.019063,0.060908,18.09
20.041553,0.872674,0.0025,0.063627,18.1
20.051287,0.872727,0.003645,0.063283,18.11
20.03909,0.872714,0.004501,0.063224,18.12
20.04656,0.872758,0.004447,0.063168,18.13
20.045139,0.872762,0.004707,0.063177,18.14
20.04773,0.872773,0.004385,0.063181,18.15
20.045106,0.872774,0.004544,0.063181,18.16
20.045417,0.872769,0.004605,0.063177,18.17
20.051607,0.872779,0.004483,0.063178,18.18
20.04874,0.872717,0.004706,0.063179,18.19
20.050435,0.8728,0.004339,0.063179,18.2
20.031476,0.872572,0.004619,0.063179,18.21
20.045414,0.872055,0.004565,0.063179,18.22
20.048502,0.873258,0.0044,0.063179,18.23
20.049691,0.873062,0.004216,0.063179,18.24
20.044762,0.872892,0.004481,0.063179,18.25
20.043462,0.872804,0.004559,0.063179,18.26
20.051358,0.872736,0.004656,0.06318,18.27
20.058964,0.87372,0.004475,0.063179,18.28
20.052438,0.869541,0.004468,0.063179,18.29
20.02912,0.872112,0.005111,0.063177,18.3
20.047778,0.872543,-0.000767,0.063164,18.31
20.03989,0.872542,0.004281,0.063177,18.32
20.047432,0.8726,0.004723,0.06319,18.33
20.066892,0.87267,0.004616,0.06318,18.34
20.051908,0.872755,0.004569,0.063179,18.35
20.055918,0.872814,0.004418,0.063179,18.36
20.055803,0.872811,0.004573,0.063179,18.37
20.040539,0.872756,0.002672,0.06317,18.38
20.046858,0.87276,0.004452,0.063176,18.39
20.048685,0.872743,0.005013,0.063179,18.4
20.047136,0.872802,0.003365,0.06318,18.41
20.043045,0.872299,0.003739,0.063181,18.42
20.044192,0.872768,0.004555,0.063182,18.43
20.047609,0.872772,0.004685,0.063178,18.44
20.048278,0.872818,0.004545,0.063179,18.45
20.043282,0.872701,0.00443,0.063178,18.46
20.04471,0.872748,0.004591,0.063179,18.47
20.054403,0.872791,0.004956,0.063179,18.48
20.043915,0.872829,0.004875,0.063176,18.49
20.054906,0.8729,0.004338,0.063177,18.5
20.024096,0.872627,0.004552,0.06318,18.51
20.045192,0.872711,0.004798,0.063178,18.52
20.047386,0.872749,0.004587,0.063179,18.53
20.048582,0.872767,0.000714,0.063167,18.54
20.023216,0.872734,0.004297,0.063178,18.55
20.044903,0.872822,0.004436,0.063179,18.56
20.048634,0.872807,0.004599,0.063179,18.57
20.053609,0.872824,0.004069,0.063181,18.58
20.045139,0.872784,0.004525,0.063179,18.59
20.047779,0.872789,0.004316,0.063178,18.6
20.049734,0.872748,0.004469,0.06318,18.61
20.042892,0.87266,0.004447,0.063179,18.62
20.04727,0.872711,0.004482,0.063179,18.63
20.133197,0.877597,0.004585,0.063179,18.64
20.036977,0.872707,0.0046,0.063178,18.65
20.047106,0.87275,0.00428,0.063178,18.66
20.047672,0.87276,0.004559,0.063179,18.67
20.047292,0.872769,0.004431,0.063179,18.68
20.04965,0.872781,0.004586,0.063179,18.69
20.048135,0.872779,0.004601,0.063179,18.7
20.048637,0.872792,0.00495,0.06318,18.71
20.043291,0.872774,0.004216,0.063177,18.72
20.046916,0.872775,0.004481,0.063179,18.73
20.044488,0.872783,0.00465,0.06318,18.74
20.047794,0.872785,0.004065,0.063178,18.75
20.047899,0.872804,0.00454,0.063179,18.76
20.047894,0.872785,0.004667,0.063172,18.77
20.047323,0.872832,0.003731,0.063174,18.78
20.047316,0.872756,0.004499,0.063178,18.79
20.047406,0.872774,0.003575,0.063177,18.8
20.047071,0.872775,0.004404,0.063176,18.81
20.043072,0.872734,0.004572,0.063174,18.82
20.037788,0.873071,0.004907,0.063257,18.83
20.046574,0.872609,0.004663,0.06319,18.84
20.04472,0.872718,0.005047,0.063185,18.85
20.047069,0.872741,0.004154,0.063181,18.86
20.044821,0.872756,0.004534,0.063178,18.87
20.048869,0.872773,0.004602,0.063179,18.88
20.050411,0.872805,0.004588,0.063179,18.89
20.054524,0.872809,0.004564,0.063179,18.9
20.048506,0.872794,0.005637,0.063176,18.91
20.047478,0.872796,0.00475,0.063178,18.92
20.048838,0.872806,0.004597,0.063179,18.93
20.048793,0.872868,0.004824,0.06318,18.94
20.103868,0.873398,0.004167,0.063179,18.95
20.097304,0.874809,0.004495,0.063179,18.96
20.002538,0.873188,0.004449,0.063179,18.97
20.086966,0.872031,0.004095,0.063174,18.98
20.061484,0.871107,0.00454,0.06318,18.99
20.040899,0.873377,0.004728,0.063182,19
20.048566,0.873081,0.004605,0.063177,19.01
20.044967,0.872913,0.00456,0.063168,19.02
20.052386,0.87285,0.004647,0.063181,19.03
20.038455,0.872771,0.004254,0.063179,19.04
20.046582,0.872772,0.00445,0.063179,19.05
20.04842,0.87277,0.004661,0.063179,19.06
20.048255,0.872773,0.00534,0.06318,19.07
20.048311,0.872779,0.004391,0.063179,19.08
20.049988,0.872876,0.004587,0.063178,19.09
20.04985,0.872759,0.00399,0.063177,19.1
20.035857,0.872656,0.004542,0.063176,19.11
20.044802,0.870987,0.004583,0.06318,19.12
20.047819,0.872915,0.004672,0.06318,19.13
20.050294,0.872823,0.004962,0.06318,19.14
20.048423,0.87283,0.004588,0.063179,19.15
